{
  "product": "Anker Soundcore Space One",
  "metric": "Battery Life",
  "feedbacks": [
    {
      "rationale": "The user is looking for headphones with good battery life, indicating that battery life is an important factor in their purchase decision.",
      "rating": 1,
      "component": "Battery",
      "evidence": [
        "\"...which one should i buy if i want to watch movies and just listen to music? And also have good battery life\""
      ]
    },
    {
      "rationale": "The user reports a significant issue with the headphones' battery life, where a full charge depletes overnight even without use.",
      "rating": -3,
      "component": "Battery",
      "evidence": [
        "charge them up to full, then not use them.",
        "Next day: that unused charge to full is gone, no charge left, dead!"
      ]
    }
  ]
}