{
  "product": "Anker Soundcore Space One",
  "metric": "Comfort",
  "feedbacks": [
    {
      "rationale": "The headband is softer and comfier on the Space One compared to the Q45, suggesting a better comfort experience.",
      "rating": 2,
      "component": "headband",
      "evidence": [
        "headband is softer and comfier"
      ]
    },
    {
      "rationale": "The earpads on the Q45 are better for people with a lot of hair, implying that the Space One might not be as comfortable for such individuals.",
      "rating": -1,
      "component": "earpads",
      "evidence": [
        "if you have a lot of hair the q45 will be better since it has better ear padding"
      ]
    },
    {
      "rationale": "The Q45 is heavier than the Space One, which can affect comfort during prolonged use.",
      "rating": 1,
      "component": "weight",
      "evidence": [
        "the q45 IS heavier than the space one by a little so remember that"
      ]
    }
  ]
}