{
  "product": "Anker Soundcore Space One",
  "metric": "Durability",
  "feedbacks": [
    {
      "rationale": "The headphones are described as feeling flimsy, suggesting a lack of robustness in their construction. The user also expresses a wish for better build quality, indicating a perceived weakness.",
      "rating": -1,
      "component": "Overall build",
      "evidence": [
        "feel flimsy",
        "wish the space 1s came with a hard case",
        "had a better build quality"
      ]
    },
    {
      "rationale": "While one user reports cracking issues with the Q45 model's plastic headband due to stretching, another argues that the Space One's rounder, more solid build is actually better and the Q45 has a weak plastic area connecting to the earpiece that is prone to cracking.",
      "rating": 1,
      "component": "Headband",
      "evidence": [
        "Q 45 better built really? I dont think so",
        "plastic area connecting to the ear piece looks very similar to the old q30 and q45 which had cracking issues from stretching.",
        "rounder more solid build on space one I think is better"
      ]
    },
    {
      "rationale": "After a year of use, the headphones have only sustained scratches and one crack from significant falls, indicating decent but not exceptional durability. The materials are holding up well in terms of shape, color, and the absence of chips.",
      "rating": 2,
      "component": "Overall Durability",
      "evidence": [
        "after a year everything is great",
        "only damage there is is from hefty falls(scratches and one crack)",
        "otherwise they are in great condition, the material is in shape, no chips, the plastic is the same color"
      ]
    }
  ]
}