{
  "product": "Anker Soundcore Space One",
  "metric": "Noise Cancellation",
  "feedbacks": [
    {
      "rationale": "The reviewer mentions that the noise cancellation of the Soundcore Space One is adequate and on par with more expensive headphones like the Focal Bathys. However, it is not as good as flagship models like the Bose QuietComfort or Sony WH-1000X series.",
      "rating": 2,
      "component": "Active Noise Cancellation (ANC)",
      "evidence": [
        "Noise cancelling on the space one isn't quite up to snuff compared to either of those, but it is at least on par with the Bathys, and is more than adequate."
      ]
    },
    {
      "rationale": "One reviewer found the ANC on the Space One to be weak and inferior to the Q20i model they tested. This suggests that the ANC performance may vary depending on individual experiences and comparisons.",
      "rating": -2,
      "component": "Active Noise Cancellation (ANC)",
      "evidence": [
        "No no no! I used space one and I returned it because ANC was weak. Then I tried the Q20i at the mall and ANC was great.and I bought it it really cuts out the road noise well"
      ]
    },
    {
      "rationale": "A user confirms that Noise Cancellation works while connected with AUX port, which is not available with many brands except Q35 and Q45.",
      "rating": 2,
      "component": "Active Noise Cancellation (ANC)",
      "evidence": [
        "I got the Space One and I can confirm you can have NC while connected with AUX port.",
        "Soundcore told me this feature works only on Q35 and Q45 cans."
      ]
    }
  ]
}