{
  "product": "Anker Soundcore Space One",
  "metric": "Sound Quality",
  "feedbacks": [
    {
      "rationale": "The user reports imbalanced bass in the newly released Anker Soundcore Space One Pro headphones, specifically noting a heavy lift in the 80Hz range that promotes kick-bass sounds even when not intended, making the music less refined.",
      "rating": -2,
      "component": "Bass",
      "evidence": [
        "Bass is completely imbalanced",
        "There seems to be a dynamic EQ working in the Background which gives 80hz a heavy lift",
        "promotes all kinds of kick-bass sounds, even when it wasn't designed as a kickbass sound"
      ]
    },
    {
      "rationale": "Several users indicate that the bass is too heavy. One user is secretly hoping for a bass fix as the current bass makes the headphone unusable. Wavelet App for Android is being used to tweak the average response to sound passable.",
      "rating": -1,
      "component": "Bass",
      "evidence": [
        "also notice the bass is quite heavy",
        "bass renders them unusable for me",
        "Wavelet App for Android can fix this issue with the bass"
      ]
    },
    {
      "rationale": "The headphone's sound profile changes significantly at low volumes, acting like a 'Loudness compensation' feature found in Hi-Fi amplifiers, which boosts treble and bass when listening at low volume levels.",
      "rating": -1,
      "component": "Sound profile",
      "evidence": [
        "the headphone fares wildly different as a low volume headphone",
        "bass works like a Loudness compensation feature known from hi-fi amplifiers to boost trebble and bass when listening to low volume levels."
      ]
    }
  ]
}