{
  "Noise Cancelling": {
    "Bose QuietComfort Ultra Headphones": {
      "name": "Noise Cancelling",
      "description": "Indicates whether the headphone has noise cancelling feature to reduce unwanted ambient sounds.",
      "value": true,
      "unit": ""
    },
    "Sony WH-1000XM5": {
      "name": "NOISE CANCELLING",
      "description": "Does the headphone have noise cancelling feature?",
      "value": "Yes",
      "unit": ""
    },
    "Focal Bathys": {
      "name": "Noise Cancellation Technology",
      "description": "Active Noise Cancellation (ANC) technology reduces unwanted background noise, offering listening without disturbances from surrounding sounds.",
      "value": "Yes",
      "unit": ""
    },
    "Anker Soundcore Space One": {
      "name": "Active Noise Cancellation",
      "description": "Reduces unwanted ambient sounds, allowing you to focus on your audio. This is achieved through various techniques, including using microphones to capture external noise and then generating an inverted sound wave to cancel it out.",
      "value": "Adaptive ANC",
      "unit": ""
    },
    "Apple AirPods Max": {
      "name": "Noise Cancellation Technology",
      "description": "Describes the noise cancellation capabilities of the AirPods Max, which reduces unwanted ambient sounds.",
      "value": "Active Noise Cancellation",
      "unit": ""
    }
  },
  "Battery Life": {
    "Bose QuietComfort Ultra Headphones": {
      "name": "Battery Life",
      "description": "The maximum duration of use on a full charge.",
      "value": "24",
      "unit": "hours"
    },
    "Sony WH-1000XM5": {
      "name": "BATTERY LIFE (CONTINUOUS MUSIC PLAYBACK TIME)",
      "description": "The amount of time the headphones can play music on a single charge.",
      "value": "Max. 30 hrs (NC ON), Max. 40 hrs (NC OFF)",
      "unit": ""
    },
    "Focal Bathys": {
      "name": "Battery Life",
      "description": "Battery life indicates the duration for which the headphones can operate on a single full charge.",
      "value": "30h in Bluetooth, 35h with mini Jack, 42h in USB-DAC mode",
      "unit": ""
    },
    "Anker Soundcore Space One": {
      "name": "Battery Life",
      "description": "Indicates how long the headphones can operate wirelessly on a single charge. Longer battery life allows for extended use without needing to recharge frequently.",
      "value": "55H/40H",
      "unit": ""
    },
    "Apple AirPods Max": {
      "name": "Battery",
      "description": "Information on battery life and charging capabilities of the AirPods Max, including listening time, movie playback time, and charging methods.",
      "value": "Up to 20 hours listening time with ANC, Up to 20 hours movie playback with Spatial Audio, 5 minutes charge for 1.5 hours listening",
      "unit": ""
    }
  },
  "Bluetooth Version": {
    "Bose QuietComfort Ultra Headphones": {
      "name": "Wireless Connectivity",
      "description": "Specifies the wireless technologies supported by the headphones for connectivity with devices.",
      "value": "Bluetooth, A2DP Bluetooth Audio Streaming, HFP Bluetooth, AVRCP Bluetooth, Bluetooth Low Energy",
      "unit": ""
    },
    "Sony WH-1000XM5": {
      "name": "BLUETOOTH\u00ae VERSION",
      "description": "The version of Bluetooth supported, which affects connection stability, range, and power consumption. Higher versions generally offer improvements.",
      "value": "Bluetooth Specification Version 5.2",
      "unit": ""
    },
    "Focal Bathys": {
      "name": "Bluetooth Version",
      "description": "Bluetooth version refers to the version of the Bluetooth wireless technology used by the headphones for connecting to devices, with newer versions typically offering improved performance, range, and efficiency.",
      "value": "5.1 Multipoint",
      "unit": ""
    },
    "Anker Soundcore Space One": {
      "name": "Bluetooth Version",
      "description": "The version of Bluetooth supported by the headphones, which affects connection speed, range, and power efficiency.  The higher the version number, the more modern the bluetooth technology.",
      "value": "unspecified",
      "unit": ""
    },
    "Apple AirPods Max": {
      "name": "Connectivity",
      "description": "Describes the wireless technology used for connecting the AirPods Max to devices.",
      "value": "Bluetooth 5.0",
      "unit": ""
    }
  },
  "Microphones": {
    "Bose QuietComfort Ultra Headphones": {
      "name": "Microphones",
      "description": "Indicates whether the headphones have built-in microphones for calls and voice commands.",
      "value": "Built-in Microphone",
      "unit": ""
    },
    "Sony WH-1000XM5": {
      "name": "MICROPHONE",
      "description": "Does the headphone have a microphone?",
      "value": "Yes",
      "unit": ""
    },
    "Focal Bathys": {
      "name": "Microphones",
      "description": "Number of microphones incorporated in the headphones, used for calls and active noise cancellation.",
      "value": 8,
      "unit": ""
    },
    "Anker Soundcore Space One": {
      "name": "Calls",
      "description": "Refers to the quality and clarity of phone calls made using the headphones. This is influenced by the microphone quality and noise reduction technologies used.",
      "value": "3 mics with AI",
      "unit": ""
    },
    "Apple AirPods Max": {
      "name": "Microphones",
      "description": "Details the number and type of microphones used in the AirPods Max, which are used for noise cancellation and voice pickup.",
      "value": "Nine microphones total",
      "unit": ""
    }
  },
  "Weight": {
    "Sony WH-1000XM5": {
      "name": "WEIGHT",
      "description": "The weight of the headphones, which affects portability and comfort.",
      "value": "Approx. 8.82 oz",
      "unit": ""
    },
    "Focal Bathys": {
      "name": "Weight",
      "description": "Weight of the headphones.",
      "value": 350,
      "unit": "g"
    },
    "Anker Soundcore Space One": {
      "name": "Weight",
      "description": "The physical weight of the headphones. Lighter headphones are generally more comfortable to wear for extended periods.",
      "value": 265,
      "unit": "g (9.35 oz)"
    },
    "Apple AirPods Max": {
      "name": "Size and Weight",
      "description": "Provides the physical dimensions and weight of the AirPods Max, including the smart case.",
      "value": "13.6 ounces (386.2 grams)",
      "unit": ""
    }
  },
  "Audio Codec Support": {
    "Bose QuietComfort Ultra Headphones": {
      "name": "Wireless Connectivity",
      "description": "Specifies the wireless technologies supported by the headphones for connectivity with devices.",
      "value": "Bluetooth, A2DP Bluetooth Audio Streaming, HFP Bluetooth, AVRCP Bluetooth, Bluetooth Low Energy",
      "unit": ""
    },
    "Sony WH-1000XM5": {
      "name": "SUPPORTED AUDIO FORMAT(S)",
      "description": "The audio codecs supported over Bluetooth, which affects the quality of wireless audio. LDAC offers higher quality audio than SBC or AAC.",
      "value": "SBC, AAC, LDAC",
      "unit": ""
    },
    "Focal Bathys": {
      "name": "Audio Codec Support",
      "description": "Audio codecs are methods used to encode and decode digital audio data. Supported codecs determine the audio quality and compatibility of the headphones with different devices and streaming services.",
      "value": "AAC, aptX\u2122, aptX\u2122 Adaptive, SBC",
      "unit": ""
    },
    "Anker Soundcore Space One": {
      "name": "Audio Codec Support",
      "description": "The audio codecs that the headphones support, which affects the quality of wireless audio transmission. Common codecs include SBC, AAC, and aptX.",
      "value": "unspecified",
      "unit": ""
    }
  },
  "Battery Charge Time": {
    "Bose QuietComfort Ultra Headphones": {
      "name": "Battery Charge Time",
      "description": "The time it takes to fully charge the headphones' battery.",
      "value": "3",
      "unit": "hours"
    },
    "Sony WH-1000XM5": {
      "name": "BATTERY CHARGE TIME",
      "description": "The time it takes to fully charge the headphones' battery.",
      "value": "Approx. 3.5 hrs",
      "unit": ""
    },
    "Focal Bathys": {
      "name": "Charging time :",
      "description": "Charging time refers to the duration required to fully charge the headphones' battery.",
      "value": 1.5,
      "unit": "h"
    },
    "Apple AirPods Max": {
      "name": "Battery",
      "description": "Information on battery life and charging capabilities of the AirPods Max, including listening time, movie playback time, and charging methods.",
      "value": "Up to 20 hours listening time with ANC, Up to 20 hours movie playback with Spatial Audio, 5 minutes charge for 1.5 hours listening",
      "unit": ""
    }
  },
  "Headphone Fit": {
    "Bose QuietComfort Ultra Headphones": {
      "name": "Headphone Fit",
      "description": "Describes how the headphones fit on or around the ears.",
      "value": "Around Ear Circumaural",
      "unit": ""
    },
    "Sony WH-1000XM5": {
      "name": "WEARING STYLE",
      "description": "The way the headphones are worn.",
      "value": "Over Ear",
      "unit": ""
    },
    "Focal Bathys": {
      "name": "Product type :",
      "description": "Product type classifies the headphones based on their primary function and design.",
      "value": "Bluetooth closed headphones with active noise reduction",
      "unit": ""
    },
    "Anker Soundcore Space One": {
      "name": "Comfort and Fit",
      "description": "Describes how comfortable the headphones are to wear for extended periods, including the earcups, headband, and adjustability.",
      "value": "8\u00b0 rotating ear cups and soft integrated headband for all-day comfort",
      "unit": ""
    }
  }
}