{
  
  "competition_rationale": "The selected headphones represent a range of top-rated wireless over-ear headphones available in the market today. They vary in price, features, and target audience, offering a comprehensive view of the competitive landscape. I selected these based on reviews from multiple sources to represent different needs of customers. The list includes options known for excellent noise cancellation (Bose, Sony), premium sound quality (Focal), value (Soundcore), and integration within the Apple ecosystem (AirPods Max).",
  "competition_products": [
    {
      "name": "Bose QuietComfort Ultra Headphones",
      "reference": "https://www.engadget.com/audio/headphones/best-headphones-wireless-bluetooth-120543205.html",
      "reference_title": "The <b>best wireless headphones</b> for <b>2025</b>: <b>Bluetooth</b> options for every budget - Engadget",
      "reference_summary": "Whether you're listening to playlists on your daily commute or zoning out with a podcast at home, wireless headphones can make your audio experience much more comfortable. With no cords to untangle or get caught on your bag, they're a great pick for anyone who wants convenience without compromising on sound quality. If comfort and immersive audio are high on your priority list, over-ear wireless headphones are often the way to go \u2014 they wrap around your ears to help block out the world and deliver rich detailed sound that earbuds can sometimes miss. There's a wide range of over-ear wireless headphones to choose from, whether you want active noise cancellation, long battery life or a comfy fit for marathon listening sessions."
    },
    {
      "name": "Sony WH-1000XM5",
      "reference": "https://www.crutchfield.com/learn/best-noise-canceling-headphones.html",
      "reference_title": "<b>Best noise</b>-<b>canceling headphones</b> for <b>2025</b> - Crutchfield",
      "reference_summary": "Best noise-canceling headphones for 2025\n- Best budget wireless noise-canceling headphones \u2014 Cleer Enduro ANC.\n- Best for noise cancellation \u2014 Bose QuietComfort Ultra Earbuds.\n- Best wireless noise-canceling earbuds for running and workouts \u2014 JBL Live Free 2.\n- Best-looking wireless noise-canceling headphones \u2014 Bowers &amp; Wilkins PX8.\n- Best wireless noise-canceling headphones for Apple Users \u2014 Apple AirPods Pro 2.\n- Best-sounding wireless noise-canceling over-ears \u2014 Focal Bathys.\n- Best-sounding wireless noise-canceling earbuds \u2014 Sennheiser Momentum True Wireless 4.\n- Best all-around wireless noise-canceling headphones \u2014 Sony WH-1000XM5."
    },
    {
      "name": "Focal Bathys",
      "reference": "https://www.forbes.com/sites/forbes-personal-shopper/article/best-wireless-headphone/",
      "reference_title": "The 8 <b>Best Wireless Headphones</b> We Tested <b>On</b> Subways, Flights And More - Forbes",
      "reference_summary": "After rigorously testing 22 pairs, our team's top pick for the best wireless headphones is the Bose QuietComfort Ultra: They feature gorgeous, rich audio that's easy to adjust, and they feel comfortable to wear for hours after multiple transatlantic flights. For casual listeners who don't want to spend a fortune, the Soundcore Space Ones ring in at around $100 and bring surprisingly good audio quality."
    },
    {
      "name": "Anker Soundcore Space One",
      "reference": "https://www.forbes.com/sites/forbes-personal-shopper/article/best-wireless-headphone/",
      "reference_title": "The 8 <b>Best Wireless Headphones</b> We Tested <b>On</b> Subways, Flights And More - Forbes",
      "reference_summary": "After rigorously testing 22 pairs, our team's top pick for the best wireless headphones is the Bose QuietComfort Ultra: They feature gorgeous, rich audio that's easy to adjust, and they feel comfortable to wear for hours after multiple transatlantic flights. For casual listeners who don't want to spend a fortune, the Soundcore Space Ones ring in at around $100 and bring surprisingly good audio quality."
    },
    {
      "name": "Apple AirPods Max",
      "reference": "https://www.engadget.com/audio/headphones/best-headphones-wireless-bluetooth-120543205.html",
      "reference_title": "The <b>best wireless headphones</b> for <b>2025</b>: <b>Bluetooth</b> options for every budget - Engadget",
      "reference_summary": "Whether you're listening to playlists on your daily commute or zoning out with a podcast at home, wireless headphones can make your audio experience much more comfortable. With no cords to untangle or get caught on your bag, they're a great pick for anyone who wants convenience without compromising on sound quality. If comfort and immersive audio are high on your priority list, over-ear wireless headphones are often the way to go \u2014 they wrap around your ears to help block out the world and deliver rich detailed sound that earbuds can sometimes miss. There's a wide range of over-ear wireless headphones to choose from, whether you want active noise cancellation, long battery life or a comfy fit for marathon listening sessions."
    }
  ],
  "specs_rationale": "When evaluating wireless over-ear headphones, consumers frequently compare specifications related to audio quality, noise cancellation effectiveness, comfort and fit, battery life, connectivity options, and portability. Durability and the inclusion of features like a microphone for calls are also important considerations.",
  "specs": [
    "Noise Cancellation Technology",
    "Audio Codec Support (e.g., AAC, SBC, aptX, LDAC)",
    "Battery Life",
    "Driver Size",
    "Impedance",
    "Bluetooth Version",
    "Weight",
    "Comfort and Fit (e.g., headband padding, ear cup material)",
    "Microphone Quality",
    "Water Resistance Rating"
  ]
}