{
  "product": "Apple AirPods Max",
  "metric": "Battery Life",
  "feedbacks": [
    {
      "rationale": "The user explicitly wishes for a longer battery life for the AirPods Max.",
      "rating": -1,
      "component": "Battery",
      "evidence": [
        "Longer battery life."
      ]
    },
    {
      "rationale": "The user suggests that the Sony XM5s have better battery life than the AirPods Max.",
      "rating": -1,
      "component": "Battery",
      "evidence": [
        "50% better battery life."
      ]
    },
    {
      "rationale": "The user feels that the AirPods Max was pushed into production without adequately addressing powering off functions, and that this is related to the case design.",
      "rating": -1,
      "component": "Power Management",
      "evidence": [
        "AirPods Max was a very good prototype that was pushed to production without figuring out the case/powering off and functions"
      ]
    }
  ]
}