{
  "product": "Apple AirPods Max",
  "metric": "Comfort",
  "feedbacks": [
    {
      "rationale": "The user experiences discomfort and headaches after wearing the AirPods Max for more than an hour, indicating a poor fit or excessive pressure.",
      "rating": -2,
      "component": "Headband and Earcups",
      "evidence": [
        "headaches on my upper jaw and like the sides of my head wearing them as if they were to tight",
        "I can\u2019t wear them for over an hour straight",
        "maybe I just have a big head"
      ]
    },
    {
      "rationale": "User 21 finds the AirPods Max too heavy for comfortable use in bed or travel, preferring the lighter Bose QC2 headphones.",
      "rating": -1,
      "component": "Weight",
      "evidence": [
        "I wish they were a light lighter.",
        "The Max is just so heavy to travel with.",
        "I find myself wearing Bose QC2 in bed or around house for comfort."
      ]
    },
    {
      "rationale": "User 13 finds the Beats Studio Pro comfortable, indicating that the comfort is good enough to offset a $330 price difference when compared to airpods max",
      "rating": 1,
      "component": "Overall comfort",
      "evidence": [
        "I bought the Beats Studio pro today for 180 brand new and the comfort of them is great",
        "im willing to deal with th difference cause of the 330$ difference in price"
      ]
    }
  ]
}