{
  "product": "Apple AirPods Max",
  "metric": "Durability",
  "feedbacks": [
    {
      "rationale": "The user reports that their AirPods Max stopped working after an iOS update and the Apple Genius Bar told them they were dead, implying a potential software or hardware issue that could affect the product's lifespan and reliability.",
      "rating": -2,
      "component": "Overall Device",
      "evidence": [
        "Stopped working after iOS update",
        "Genius Bar declared it dead",
        "Mint condition before update"
      ]
    },
    {
      "rationale": "The user mentions that the AirPods Max are known for failing due to poor build quality, resulting in a short lifespan (14 months in their case) and a lack of support from Apple, indicating a significant durability issue.",
      "rating": -3,
      "component": "Overall Device",
      "evidence": [
        "Failed after 14 months",
        "Crappy build quality",
        "Apple does not stand behind them"
      ]
    },
    {
      "rationale": "Several users reported that condensation buildup inside the earcups can damage the AirPods Max, leading to failure after a relatively short period (13 months in one case).",
      "rating": -2,
      "component": "Internal Components",
      "evidence": [
        "Condensation killed mine after 13 months",
        "Suggests buying directly from Apple for warranty",
        "Condensation will destroy the headphones in time"
      ]
    }
  ]
}