{
  "product": "Apple AirPods Max",
  "metric": "Noise Cancellation",
  "feedbacks": [
    {
      "rationale": "Commenter states the AirPods Max have excellent Active Noise Cancellation (ANC).",
      "rating": 3,
      "component": "Active Noise Cancellation",
      "evidence": [
        "excellent ANC"
      ]
    },
    {
      "rationale": "Commenter says that the ANC is not as good as expected, but still calls it insane.",
      "rating": 2,
      "component": "Active Noise Cancellation",
      "evidence": [
        "They\u2019re not as good as I expected but the noise cancelling is insane"
      ]
    },
    {
      "rationale": "Commenter indicates the AirPods Pro 2 have better ANC than the AirPods Max.",
      "rating": -1,
      "component": "Active Noise Cancellation",
      "evidence": [
        "The Airpods pro 2 have the better ANC."
      ]
    }
  ]
}