{
  "product": "Apple AirPods Max",
  "metric": "Sound Quality",
  "feedbacks": [
    {
      "rationale": "The user praises the AirPods Max for their excellent sound quality, noting a flat frequency response down to 40 Hz and distinct waveforms down to 20 Hz, indicating a balanced and high-quality audio experience.",
      "rating": 3,
      "component": "Overall sound reproduction",
      "evidence": [
        "definition of sound excellence",
        "flat (equal volume and distribution) all the way down to about 40 hz",
        "generate beautiful and balanced distinct waveforms (sound where you can hear the cycles) all the way down to 20 hz"
      ]
    },
    {
      "rationale": "The user criticizes the AirPods Max for having an overly processed and digitized sound, as well as a muddy base, suggesting a lack of detail and richness in the audio output.",
      "rating": -2,
      "component": "Audio processing",
      "evidence": [
        "unimpressive, overly processed/digitized sound",
        "muddy base",
        "compressed, much less detailed sound with a much less rich mid-range"
      ]
    },
    {
      "rationale": "The user expresses that the AirPods Max sound quality doesn't justify its high price, stating that cheaper headphones can provide similar sound quality.",
      "rating": -1,
      "component": "Value for money",
      "evidence": [
        "sound quality of a $100 pair",
        "My Sennheiser momentum 4s were only $350 and sound much better than the AirPods Max"
      ]
    }
  ]
}