{
  "product": "Sony WH-1000XM5",
  "metric": "Battery Life",
  "feedbacks": [
    {
      "rationale": "The user highlights the importance of good battery backup, specifically requiring more than 6 hours, indicating that battery life is a significant factor in their purchasing decision.",
      "rating": 2,
      "component": "Battery",
      "evidence": [
        "good battery backup",
        "more than 6 hours"
      ]
    },
    {
      "rationale": "The comment mentions fast charging as a desirable feature, comparing the XM5's 20-minute fast charge capability favorably against Bose's 2-hour charging time.  The user implies that good battery life is less useful without fast charging.",
      "rating": 2,
      "component": "Charging Speed",
      "evidence": [
        "20mins for the xm5 vs 2 hours for the bose... crazy",
        "Good battery life with no fast charging is kind of useless"
      ]
    },
    {
      "rationale": "This comment appreciates the fast charging feature, noting that a few minutes of charging provides hours of battery life. Also mentions the long battery life negates the need for super-fast charging.",
      "rating": 2,
      "component": "Charging Speed",
      "evidence": [
        "a few minutes of charging gives you hours of battery life",
        "not really a selling point"
      ]
    }
  ]
}