{
  "product": "Sony WH-1000XM5",
  "metric": "Comfort",
  "feedbacks": [
    {
      "rationale": "The user explicitly states the comfort is 10/10 and they survived 6-hour study sessions, indicating excellent comfort for extended use.  The earcups are described as memory foam pillows, which contributes to the high comfort level. However, the user mentions sweaty ears in Delhi humidity, which detracts from the overall comfort experience.",
      "rating": 2,
      "component": "Earcups",
      "evidence": [
        "Comfort = 10/10",
        "Survived 6-hour study marathons.",
        "Earcups = memory foam pillows."
      ]
    },
    {
      "rationale": "This user found the XM5 uncomfortable at the headband area, leading to minor headaches after about an hour of use. They contrast this with the Bose QuietComfort Ultra, which they found 'insanely comfortable'. This suggests a significant comfort issue specifically related to the XM5's headband design.",
      "rating": -2,
      "component": "Headband",
      "evidence": [
        "I found it uncomfortable at the headband area. It even gave me minor headaches after wearing for about an hour.",
        "The Bose QuietComfort Ultra, on the other hand, truly lives up to its name. For me, these are insanely comfortable"
      ]
    },
    {
      "rationale": "User says that they are comfortable but headband lacks support and they are heavy. This implies some positive aspects of comfort but issues with weight distribution.",
      "rating": 0,
      "component": "Headband",
      "evidence": [
        "Though comfortable the headband lacks support.",
        "Looks premium but heavy and big as a duck."
      ]
    }
  ]
}