{
  "product": "Sony WH-1000XM5",
  "metric": "Durability",
  "feedbacks": [
    {
      "rationale": "Multiple users have reported issues with the hinges breaking on the XM5s, leading to concerns about the overall build quality and longevity of the headphones.",
      "rating": -2,
      "component": "Hinges",
      "evidence": [
        "r/SonyHeadphones hinge horror stories had me paranoid, but mine\u2019s still intact.",
        "There\u2019s an entire Reddit for the hinge on the xm5 that breaks.",
        "Protect that warranty with your life, every day I see more posts about broken hinges"
      ]
    },
    {
      "rationale": "One user reported that the left earcup fell off after 6 months of use, indicating a potential weakness in the earcup attachment mechanism.",
      "rating": -2,
      "component": "Earcup attachment",
      "evidence": [
        "My XM5s lasted about 6 months then left earcup just fell off when I was putting them on for my workday one morning."
      ]
    },
    {
      "rationale": "One user says the new non-collapsible design makes the headphones sturdier and will last longer.",
      "rating": 1,
      "component": "Overall Design",
      "evidence": [
        "I like that the XM5 isn't collapsible.  It means it is sturdy and will last longer."
      ]
    }
  ]
}