{
  "product": "Sony WH-1000XM5",
  "metric": "Noise Cancellation",
  "feedbacks": [
    {
      "rationale": "The reviewer found that in plane and mall simulations, the XM5 cancelled around 85% of the plane engine noise and ambient chatter, similar to the XM4. However, in coffee and office simulations, the XM5 performed better at cancelling high-frequency noises like phone ringing and cutlery sounds.",
      "rating": 2,
      "component": "ANC system",
      "evidence": [
        "In plane simulation and in the mall simulation I couldnt tell an actual difference between them, both cancelled like 85% of the plane engine noise and on the mall both cancelled pretty well ambient chatter and kids screaming, etc.",
        "While in the coffee and office simulation I could tell the XM5 were better...they cancell more high frecuency noises like phones ringing, forks noises, plates noises, etc"
      ]
    },
    {
      "rationale": "Several users report that the ANC on the XM5 is excellent and a significant reason for purchasing the headphones. Some users specifically praise its ability to block out train and bus noises effectively.",
      "rating": 3,
      "component": "ANC system",
      "evidence": [
        "ANC on the 5s is next level. There is no cabin pressure on trains and buses",
        "Makes travelling in trains a breeze."
      ]
    },
    {
      "rationale": "Some users have found the noise cancellation on the XM5 to be worse than the XM4, or not as effective as expected, even comparing it unfavorably to cheaper options like Soundcore Liberty 3 Pro earbuds.",
      "rating": -2,
      "component": "ANC system",
      "evidence": [
        "I've compared it with multiple friends that own the XM4s and they all agree that the noice cancelling is worse on the XM5s.",
        "It's just so subtle and you can still hear outside noises compared to say they noise cancelling in my soundcore liberty 3 pros that cost like a quarter of the price."
      ]
    }
  ]
}