{
  "product": "Sony WH-1000XM5",
  "metric": "Sound Quality",
  "feedbacks": [
    {
      "rationale": "The sound quality with default EQ settings is perceived as muddy and comparable to cheap headphones, but with proper EQ settings, the sound becomes balanced and detailed.",
      "rating": 2,
      "component": "EQ settings",
      "evidence": [
        "The sound with default eq sounds so muddy and feels like using cheap headphones.",
        "But with proper EQ, they sound balanced and detailed compared to Bose QC ultra."
      ]
    },
    {
      "rationale": "The XM5s supports LDAC codec which allows up to 990kbps bitrate which allows lossless sound.",
      "rating": 2,
      "component": "LDAC codec",
      "evidence": [
        "Supported Bluetooth codecs: SBC, AAC, LDAC (lossless)",
        "Bitrate: 990kbps (max)"
      ]
    },
    {
      "rationale": "The imaging and instrument separation are excellent on the XM5s.",
      "rating": 2,
      "component": "Imaging",
      "evidence": [
        "Imaging: It is perfect. The instrument separation is excellent."
      ]
    }
  ]
}