{
  "Bose QuietComfort Ultra Headphones": {
    "review": [
      "wjRaEc3QTIA"
    ],
    "comparison": [
      "Ii-GvoQr4lc"
    ],
    "unboxing": [
      "Jo3kgR_48qo"
    ]
  },
  "Sony WH-1000XM5": {
    "review": [
      "6CsJZxfZsL0"
    ],
    "comparison": [
      "BdvOuKTi3CE"
    ],
    "unboxing": [
      "D8wG67oko7E"
    ]
  },
  "Focal Bathys": {
    "review": [
      "-pRUVj3KRYw"
    ],
    "comparison": [
      "qe7tea9Og14"
    ],
    "unboxing": [
      "S3miH54g1Wk"
    ]
  },
  "Anker Soundcore Space One": {
    "review": [
      "M-p0BRhlugs"
    ],
    "comparison": [
      "OHLKuEUg86M"
    ],
    "unboxing": [
      "HkBnSY8XpJQ"
    ]
  },
  "Apple AirPods Max": {
    "review": [
      "59uTE7pLfKA"
    ],
    "comparison": [
      "x4NCWc1aqw4"
    ],
    "unboxing": [
      "UdfSrJvqY_E"
    ]
  }
}