product,category,id,videoId,parentId,isReply,authorName,authorId,text,likes,updatedAt
Sony WH-1000XM5,review,Ugx6BOT9Cp6aorPwyth4AaABAg,6CsJZxfZsL0,Ugx6BOT9Cp6aorPwyth4AaABAg,False,@capofodedor7399,UCkNXBEthIwd8IBtXSblZ_nA,They’re too bulky,1,2025-04-17T00:52:13Z
Sony WH-1000XM5,review,UgzHuvGK7JNREO0mp2Z4AaABAg,6CsJZxfZsL0,UgzHuvGK7JNREO0mp2Z4AaABAg,False,@MesecNeboZvezdice,UCJ8cRy9b7EJpDRwlX9Bzhdw,For those who already have them—black or silver? What turned out better in real use?,0,2025-04-15T21:49:50Z
Sony WH-1000XM5,review,UgzHEivsKsc2mdiL0e54AaABAg,6CsJZxfZsL0,UgzHEivsKsc2mdiL0e54AaABAg,False,@jamesr141,UCth1NXxNddMbICVD4y6k1Xw,Something not mentioned in this review was that Sony makes you sign up to their app to use the headphones. Literally you have to make an account. For headphones.,0,2025-04-14T12:35:56Z
Sony WH-1000XM5,review,UgwunlSvTk1W1U3E-P14AaABAg,6CsJZxfZsL0,UgwunlSvTk1W1U3E-P14AaABAg,False,@R.Dasher,UCCGGevYowv4SZnpkz2tKiTQ,The lamest nit picky reasons to not upgrade. Pretty disappointed MKBHD.,0,2025-04-13T20:51:34Z
Sony WH-1000XM5,review,Ugx6eC08_pHi3u09eVJ4AaABAg,6CsJZxfZsL0,Ugx6eC08_pHi3u09eVJ4AaABAg,False,@bman8532,UCNH4IeWtZGz7Y2kcV1edhPQ,So don’t get these if I’m a Apple cell phone user?,0,2025-04-13T19:05:56Z
Sony WH-1000XM5,review,Ugwa_qyz4AUsHhw4wL14AaABAg,6CsJZxfZsL0,Ugwa_qyz4AUsHhw4wL14AaABAg,False,@oldschoolfunkster1,UCGh11j-MmuIIbNGeBDmbjKQ,"Thank you for the EXCELLENT review of these cans. I didnt know they came in off-white, which look amazing! Gotta get me one😁.
Thank you!",0,2025-04-12T23:48:37Z
Sony WH-1000XM5,review,UgwC-oIBEUe1BKAlKTh4AaABAg,6CsJZxfZsL0,UgwC-oIBEUe1BKAlKTh4AaABAg,False,@sachinkumar-zi9qi,UC09WiAcRtP2Ixh0oIRVC1DQ,Watching this on xm5,0,2025-04-09T13:14:25Z
Sony WH-1000XM5,review,UgyOcpxioBMdA27lRV94AaABAg,6CsJZxfZsL0,UgyOcpxioBMdA27lRV94AaABAg,False,@Wrigglevision,UC1T5EPCoqRYCucq961Md1YA,"I was ready to dive into the XM5, but the subreddit for them is loaded with posts about them breaking.",1,2025-04-03T20:50:12Z
Sony WH-1000XM5,review,UgzVNVLLypU5u9Ls5c14AaABAg,6CsJZxfZsL0,UgzVNVLLypU5u9Ls5c14AaABAg,False,@yanishameesh7965,UC9EzBxNYPNjBHEOCAaQru3Q,Sound nothing compared to my skull candys grrrr anc2 and their 150 cheaper,0,2025-04-03T02:48:11Z
Sony WH-1000XM5,review,Ugx0b9LiqPYL6MN_XH54AaABAg,6CsJZxfZsL0,Ugx0b9LiqPYL6MN_XH54AaABAg,False,@iabdullah42,UCWdTnXCoOPL1cCIYcaUT_MA,You recording yourself listening to the headphones does not show us the level of quality or function in the headphones. We can’t see the noise cancelling you are experiencing,0,2025-04-01T13:32:50Z
Sony WH-1000XM5,review,UgzsgXuoJ9MquGRzi654AaABAg,6CsJZxfZsL0,UgzsgXuoJ9MquGRzi654AaABAg,False,@sebasfalconi93,UCiPIwqvn8YvYRcxbmTOGbaA,"Headphones are NOT for traveling. Experienced travelers know this, noise-cancelling ear pods are for travel. I'm glad they don't fold anymore. 

I just bought the headphones in Japan at an excellent price. They will be sitting at home forever for late night sessions or a bit of gaming.",0,2025-03-31T19:19:56Z
Sony WH-1000XM5,review,UgysvdeTchcpHogUXgR4AaABAg,6CsJZxfZsL0,UgysvdeTchcpHogUXgR4AaABAg,False,@imranakbik6054,UC59FjkcMn44aTEgQ1cKKgCA,"Are these headphones for work meetings on MS teams? Is there something else out there that’s better. I don’t want a meeting headset, I want something I can use for music also.",0,2025-03-31T07:52:57Z
Sony WH-1000XM5,review,UgysvdeTchcpHogUXgR4AaABAg.AGKIA2pGBdtAGXSru98vZv,6CsJZxfZsL0,UgysvdeTchcpHogUXgR4AaABAg,True,@nobrakes7892,UCmxAnx0OdoAnqNouQhLXFUA,no they have software issues,0,2025-04-05T10:36:35Z
Sony WH-1000XM5,review,Ugy8gAgjEb9QLhI-UDZ4AaABAg,6CsJZxfZsL0,Ugy8gAgjEb9QLhI-UDZ4AaABAg,False,@23codez,UCDVY0v3uA5OY8nzQK5N4SmQ,Confused. Get these or the iPhone ones lol,0,2025-03-26T23:56:44Z
Sony WH-1000XM5,review,Ugwr4aZumhUIM5Yf5RZ4AaABAg,6CsJZxfZsL0,Ugwr4aZumhUIM5Yf5RZ4AaABAg,False,@Husaio,UCs0jSXNQaSV3DbolVhkQUQg,"I just discovered your channel. Your detailed and non-robotic reviews are very good. I felt like one of my closest friends shows me their new purchase. Thanks, Marques😊",0,2025-03-24T13:42:37Z
Sony WH-1000XM5,review,UgxgLYc6fyBkya0K5zp4AaABAg,6CsJZxfZsL0,UgxgLYc6fyBkya0K5zp4AaABAg,False,@grantfuller6603,UCsxudtIH2dq8FEEn8dtNebA,Would they be alright for gym use?,0,2025-03-22T12:59:05Z
Sony WH-1000XM5,review,UgwRrEwLxgzzxjiqsrZ4AaABAg,6CsJZxfZsL0,UgwRrEwLxgzzxjiqsrZ4AaABAg,False,@sasariwtf,UCtJsqCdgJo3N3Zmbn5QK2yg,"""What are you getting nch for? 
Travel.""
Me: my friend snors like a chainsaw and unloading the dishwasher us noisy.",1,2025-03-13T12:17:10Z
Sony WH-1000XM5,review,Ugwdm4oVCE5DQ3AB3yJ4AaABAg,6CsJZxfZsL0,Ugwdm4oVCE5DQ3AB3yJ4AaABAg,False,@AKM0808-p3q,UCpoNfc799yBDz7GYDmEDNkQ,your just a fans of the airpod max..,0,2025-03-11T22:18:30Z
Sony WH-1000XM5,review,UgxBaFG5Yjec1DZsgmZ4AaABAg,6CsJZxfZsL0,UgxBaFG5Yjec1DZsgmZ4AaABAg,False,@chanwei21,UCsWcqlUp6P1ipiNPkkQYV9w,what is the earcup size can fit to ear?,0,2025-03-11T12:20:46Z
Sony WH-1000XM5,review,UgxoH5ZEOek_iz5EHLZ4AaABAg,6CsJZxfZsL0,UgxoH5ZEOek_iz5EHLZ4AaABAg,False,@m0rk18,UCAH1_KgIy0-j5HBki7bNSmA,I just want apple active pass through without having to support apple,0,2025-03-10T06:32:45Z
Sony WH-1000XM5,review,UgxYWvFeEz1F7Q_2lfx4AaABAg,6CsJZxfZsL0,UgxYWvFeEz1F7Q_2lfx4AaABAg,False,@dukeboyztv,UCIHRDiEiEiVf41UbgAIh3KA,The folding thing is lame bro.. they still go into a case either way…. But besides that good review! Im stoked on mine. Xoxo,0,2025-03-07T05:06:47Z
Sony WH-1000XM5,review,Ugy86nMhHGEeYJqzAl54AaABAg,6CsJZxfZsL0,Ugy86nMhHGEeYJqzAl54AaABAg,False,@EthannNewborn,UCjDIHdxPPP5puWbo34NUL-Q,2 steps ahead,0,2025-03-04T16:07:47Z
Sony WH-1000XM5,review,UgyWx-f_iTrfLO2xawx4AaABAg,6CsJZxfZsL0,UgyWx-f_iTrfLO2xawx4AaABAg,False,@manuelcardenas77,UCYmyvc_us7uGn7yoJAgdHWA,"This video makes me want the 4's instead. Theres some good deals on Ebay . Great information, Thanks for sharing",0,2025-03-03T02:52:04Z
Sony WH-1000XM5,review,Ugyvyic-sVwR36I8hVt4AaABAg,6CsJZxfZsL0,Ugyvyic-sVwR36I8hVt4AaABAg,False,@crassavacca2985,UCgH3MMN2KSF4Oq1ruVBNVVg,Found them on FB marketplace for 200 should I cop?,0,2025-02-27T02:08:28Z
Sony WH-1000XM5,review,Ugw1OKAluRWYcJafLGF4AaABAg,6CsJZxfZsL0,Ugw1OKAluRWYcJafLGF4AaABAg,False,@kyozaki9838,UCZ6LSInza6cgYqB7cu7Q1HA,"Why are XM5’s so highly rated for their noise cancelling? Fantastic Google assistant integration, good sound quality, amazing transparency mode, but the noise cancelling is TERRIBLE. I've compared it with multiple friends that own the XM4s and they all agree that the noice cancelling is worse on the XM5s. It's just so subtle and you can still hear outside noises compared to say they noise cancelling in my soundcore liberty 3 pros that cost like a quarter of the price.

Got grok to quickly scan reddit and X discourse on the subject, options vary but I'm not alone, and people agree that the liberty 3 pros are much better. 

They are in ears though, but maybe coming from the liberty 3 pros which seal out the sound as they're in ears, my expectations have been skewed and I'm missing the point here 🤷🏾‍♂️",0,2025-02-23T10:40:15Z
Sony WH-1000XM5,review,Ugw1OKAluRWYcJafLGF4AaABAg.AEstgpzlD59AFDFJjPlHP9,6CsJZxfZsL0,Ugw1OKAluRWYcJafLGF4AaABAg,True,@jammal63,UCo1d4xo-EJ9O5JKOl-nsdeA,"I want to buy these for only gaming audio and watching movies, being a glasses user I heard these for comfort are 10/10 ..I wanted to ask have you tried using it for Tv or gaming audio , is so what’s your take",1,2025-03-03T17:41:59Z
Sony WH-1000XM5,review,Ugy28kr2k-U1v6XAlo94AaABAg,6CsJZxfZsL0,Ugy28kr2k-U1v6XAlo94AaABAg,False,@abdulkadir1990,UCkiKAh84QYAfg4yjKBh6Srg,just got myself on of these after using my HD25 for 15 years. i mean i think its ok to upgrade after such a long time but i really hope i dont have to upgrade until at least MX10 comes out. by the way two years in and you can find them for about 180$ used but almost unused. so thats a pretty good deal.,1,2025-02-17T23:52:43Z
Sony WH-1000XM5,review,UgzxayxgeO54dDxcG_14AaABAg,6CsJZxfZsL0,UgzxayxgeO54dDxcG_14AaABAg,False,@kylesabillaga1793,UCEs-TcTOOcDWF5KX6kbXbYA,For me i like this all a lot because its very light and its very good for music its a complete package for the travel headphone.,0,2025-02-16T23:26:43Z
Sony WH-1000XM5,review,UgydGtRiqDsUKp33Kbl4AaABAg,6CsJZxfZsL0,UgydGtRiqDsUKp33Kbl4AaABAg,False,@IllyAssassin,UCRVuwEwhhVnLyiROQplLb1w,Xm4 the worse sounding headphones i ever used,0,2025-02-16T17:58:36Z
Sony WH-1000XM5,review,UgzrPGuBmLTFyCOOUIF4AaABAg,6CsJZxfZsL0,UgzrPGuBmLTFyCOOUIF4AaABAg,False,@TikiTaka442,UCJyiXXyi0cMyYrkzzzqeZ2Q,I just call them Mark 4 or Mark 5 😂,1,2025-02-12T12:34:35Z
Sony WH-1000XM5,review,UgxqRndp3h6GyoAjVbl4AaABAg,6CsJZxfZsL0,UgxqRndp3h6GyoAjVbl4AaABAg,False,@clueless6763,UCtK9SkM3DZi1dlw6HzZProw,dont mind that they dont fold. but the fact i cant turn the ear cups inwards is genuinely a deal breaker for me. hope they fix it in the xm6's (and that i can afford them),0,2025-02-12T09:47:21Z
Sony WH-1000XM5,review,UgxoFS1Fd9eDkcrcWu94AaABAg,6CsJZxfZsL0,UgxoFS1Fd9eDkcrcWu94AaABAg,False,@alexiswolf1549,UCXZSV4E-rR3GxTOFSvGu5zg,"Am i crazy? I have the Xm5s and the sound is trash? The bass has no rumble or thump. Kickdrums sound like rapping knuckles on a table. The treble and mids are artificial sounding and get tinny in places. Some songs are really good but others are just meh. For the price, I'm so upset with these headphones because the sound quality has been hyped so much. What am i missing?",0,2025-01-30T18:59:44Z
Sony WH-1000XM5,review,UgxoFS1Fd9eDkcrcWu94AaABAg.ADvzm7rD1c_AEABp4eInyT,6CsJZxfZsL0,UgxoFS1Fd9eDkcrcWu94AaABAg,True,@risingdead9682,UCHeviaiVr5g3Dr4CkO0oQbQ,The EQ settings. You are missing those,0,2025-02-05T16:42:20Z
Sony WH-1000XM5,review,UgxoFS1Fd9eDkcrcWu94AaABAg.ADvzm7rD1c_AEATX0FNldI,6CsJZxfZsL0,UgxoFS1Fd9eDkcrcWu94AaABAg,True,@alexiswolf1549,UCXZSV4E-rR3GxTOFSvGu5zg,"@risingdead9682  thank you but I actually have those. I went to a reddit post and had custom 1 set up. Like I'm saying, some songs like Arianna's 7 rings are really good. But a lot sound over processed and the bass is always recessed even at clear bass +10",0,2025-02-05T19:17:01Z
Sony WH-1000XM5,review,UgxoFS1Fd9eDkcrcWu94AaABAg.ADvzm7rD1c_AEBfvARHxcf,6CsJZxfZsL0,UgxoFS1Fd9eDkcrcWu94AaABAg,True,@risingdead9682,UCHeviaiVr5g3Dr4CkO0oQbQ,"@@alexiswolf1549  ok, then idk. I am sorry. I listen to hardcore metal music anyways and that sounds RAAAADDD. So, I can't help you here.",0,2025-02-06T06:33:17Z
Sony WH-1000XM5,review,UgxoFS1Fd9eDkcrcWu94AaABAg.ADvzm7rD1c_AED8XH4qJJF,6CsJZxfZsL0,UgxoFS1Fd9eDkcrcWu94AaABAg,True,@alexiswolf1549,UCXZSV4E-rR3GxTOFSvGu5zg,"@risingdead9682  lol, no worries and thanks for trying. Mind sharing your EQ so I test it?",0,2025-02-06T20:11:16Z
Sony WH-1000XM5,review,UgxoFS1Fd9eDkcrcWu94AaABAg.ADvzm7rD1c_AEEHR1zc5eW,6CsJZxfZsL0,UgxoFS1Fd9eDkcrcWu94AaABAg,True,@risingdead9682,UCHeviaiVr5g3Dr4CkO0oQbQ,@alexiswolf1549  i just use the pre-made ROCK setting,0,2025-02-07T06:48:18Z
Sony WH-1000XM5,review,UgxPsBbbVXF5ybLbIGF4AaABAg,6CsJZxfZsL0,UgxPsBbbVXF5ybLbIGF4AaABAg,False,@TheOnlyName,UCC3DmzNf7FEtYc3SLjnJvyw,I bought these today for like $250 from Adorama - Thanks to IGN's article for informing me about this deal!,0,2025-01-26T02:22:54Z
Sony WH-1000XM5,review,UgzsluD6j3plkJbQKxt4AaABAg,6CsJZxfZsL0,UgzsluD6j3plkJbQKxt4AaABAg,False,@MrSilence4all,UCKeHBjVQt3H-z3G5O6PJwLQ,"I boughrt the M5 ...
I do not like that when you connect to bluetooth you do not get a voice to say it is connected.
Same for connecting to noise cancelling ... just a sound.....
Where when you check battery .. there IS a voice...

The noise canceeling is insane tho.
i also REALLY  LIKE the function where you hold all fingers on earcup... and noise cancelling is cancelled so you can talk/hear... and enables auto again when fingers are released.
Also the speech to chat option.... GREAT.

Sound is great.....but i still use FX sound to improve sound on pc.",0,2025-01-24T17:22:04Z
Sony WH-1000XM5,review,Ugy-Pzgur9DcQhnr_Pt4AaABAg,6CsJZxfZsL0,Ugy-Pzgur9DcQhnr_Pt4AaABAg,False,@RishabhBishnoi-j3d,UCOPiSshAz6zB-yYZllW6_gg,They are certainly more comfortable than Airpod Max.,0,2025-01-22T10:50:44Z
Sony WH-1000XM5,review,UgwrmlI1cCdNptnZZP94AaABAg,6CsJZxfZsL0,UgwrmlI1cCdNptnZZP94AaABAg,False,@BassoonFluteLuva,UCE78kJDUjHEDQos0Cl6DcHA,sony xm5 noise cancellation sucks. only works if you blast music,0,2025-01-21T21:46:53Z
Sony WH-1000XM5,review,UgwrmlI1cCdNptnZZP94AaABAg.AD_6kUsn4COAE5yM54xbtd,6CsJZxfZsL0,UgwrmlI1cCdNptnZZP94AaABAg,True,@Chandler52938,UCt3GOoaKSG4lbeYKmkM7dbw,Tell me a headphone that has a better noise cancellation. None. it’s literally godly,0,2025-02-04T01:18:57Z
Sony WH-1000XM5,review,Ugz1q8N7vlP8fYzwIMx4AaABAg,6CsJZxfZsL0,Ugz1q8N7vlP8fYzwIMx4AaABAg,False,@manalidas8140,UCMIkMGGpm1MDnvuEGwTLJWA,"I honestly don't want signs leakage, cause I don't want people beside me knowing what I am listening to in the flight!",0,2025-01-19T14:05:04Z
Sony WH-1000XM5,review,UgxT66OkXuz7mAZK07x4AaABAg,6CsJZxfZsL0,UgxT66OkXuz7mAZK07x4AaABAg,False,@cassa6474,UCU--l1-4IexhAYktmZjBH-w,Can people hear your music? I got the bose headphones and even if the volume is really low people can still hear it 😢,0,2025-01-17T14:14:50Z
Sony WH-1000XM5,review,UgwfldtcyylExSRhygZ4AaABAg,6CsJZxfZsL0,UgwfldtcyylExSRhygZ4AaABAg,False,@organistsforever,UCGoNKa1f6TOdLGXbvPL5dKQ,I'd love a new pair of AirPods. I'm still on the WF-C500's.,0,2025-01-16T03:00:25Z
Sony WH-1000XM5,review,Ugx9LFJP00jAg5elVaN4AaABAg,6CsJZxfZsL0,Ugx9LFJP00jAg5elVaN4AaABAg,False,@BlowUpTheOutsideWorld,UCt9uegyW6lwxpQZrYI0uAOQ,the muffle demonstration was very good,0,2025-01-16T02:36:24Z
Sony WH-1000XM5,review,Ugxt_u-08HweDZy1WJB4AaABAg,6CsJZxfZsL0,Ugxt_u-08HweDZy1WJB4AaABAg,False,@XCrimsonxxValentineX,UCcQSAsBhKfHKVGtpAoaRLTw,"If I can get silence, I'm in. I hate working and hearing the outside of my home office. Thank you, dude!",0,2025-01-14T21:28:27Z
Sony WH-1000XM5,review,Ugw9gp0WZMzdBNXbCAl4AaABAg,6CsJZxfZsL0,Ugw9gp0WZMzdBNXbCAl4AaABAg,False,@idk18-,UCUKItbbivT3EXX6E2dTUPXw,As a iPhone user would you recommend getting beats studio pros or the Sony mk5?,0,2025-01-11T05:42:54Z
Sony WH-1000XM5,review,Ugxl6s2fs2quZwxdHp54AaABAg,6CsJZxfZsL0,Ugxl6s2fs2quZwxdHp54AaABAg,False,@MBMJAMIE8055,UCSUQ-_qfM9RRUYr0vhYG3KA,Just got mine new for about 200 dollars...can't wait.,0,2025-01-10T00:17:00Z
Sony WH-1000XM5,review,Ugz4sDwYBPujcRNMCEB4AaABAg,6CsJZxfZsL0,Ugz4sDwYBPujcRNMCEB4AaABAg,False,@hm_techsphere,UC_L0sEEit6u3hcpfeR2qPiQ,Does this headset work well with iPhones?,0,2025-01-09T23:42:33Z
Sony WH-1000XM5,review,UgySnAqaUQxK0g51AtV4AaABAg,6CsJZxfZsL0,UgySnAqaUQxK0g51AtV4AaABAg,False,@golfbbqandwatches,UCUekSOYgPsaQDOEau_x4yTQ,"The Mk 4 sounded like absolute rubbish, no doubt the Mk 5 will too. Wouldn’t waste my time and money. Sennheiser Momentum all the way for me.",0,2025-01-07T06:11:52Z
Sony WH-1000XM5,review,Ugz6e48X4bt342wnjBt4AaABAg,6CsJZxfZsL0,Ugz6e48X4bt342wnjBt4AaABAg,False,@titolopez7355,UCM5NsVJEdjxN-OIAX2NbtmQ,Do these support apple lossless audio,0,2025-01-06T22:05:14Z
Sony WH-1000XM5,review,UgyWWKUW-LlUP1fixoJ4AaABAg,6CsJZxfZsL0,UgyWWKUW-LlUP1fixoJ4AaABAg,False,@Alazrak3,UCDCSkljVTIV8TeVyifDOUHA,Xm4 or 5 guys pls,1,2025-01-06T09:15:21Z
Sony WH-1000XM5,review,UgyADCDXKqLmgGLKzXB4AaABAg,6CsJZxfZsL0,UgyADCDXKqLmgGLKzXB4AaABAg,False,@PaulReitman-x5j,UCP6OpmxP4ouro1laqv0lgMw,"Just got Mx5 in a nice blue color... awesome on sale, and i had the Bose 700s (lost them) and I like these SO much better. I do not like the way they fold, but hey, u can't get everything... the Bose did not fold any better ha!.",1,2025-01-05T11:27:29Z
Sony WH-1000XM5,review,UgxejyafZ9V19AXBdxN4AaABAg,6CsJZxfZsL0,UgxejyafZ9V19AXBdxN4AaABAg,False,@kusomuchogusto5742,UC6x_tN-vXOwiKcAkOkHFdMg,New ones are more durable,0,2025-01-03T21:08:05Z
Sony WH-1000XM5,review,UgxHtMpebnS_mpWwPV14AaABAg,6CsJZxfZsL0,UgxHtMpebnS_mpWwPV14AaABAg,False,@Phoenix_F2,UC6xGiByMhtzYc_uWFZQqh-A,my guy did't even mention anything about the latency...,0,2025-01-01T23:51:29Z
Sony WH-1000XM5,review,UgxLmM0a_b-5wjkunIV4AaABAg,6CsJZxfZsL0,UgxLmM0a_b-5wjkunIV4AaABAg,False,@samartz,UC1J_FUCNCAZfPxmV4v11xAw,Anyone know how these go with blocking out snoring?,0,2024-12-29T21:31:02Z
Sony WH-1000XM5,review,UgxeUPsi1zlJC6_wOS54AaABAg,6CsJZxfZsL0,UgxeUPsi1zlJC6_wOS54AaABAg,False,@MrDrozoli,UC8ZIC7VJ-gIsxoK2_FzCfwg,IMO even my XM3 sounds better than an Apple Airpods Max. 🤔 I guess it's relative? Now I have the XM5 and love them,1,2024-12-25T15:03:03Z
Sony WH-1000XM5,review,UgxyKMlT7sH991d7h8Z4AaABAg,6CsJZxfZsL0,UgxyKMlT7sH991d7h8Z4AaABAg,False,@muhammedroshan8958,UCDsH1GHRiQziUqhBN2UXynA,I wanted know is it a good pair to go with iphones as of now in 2024 because i'm planning to buy these now or should i wait? or should i go for the beats studio pro?,2,2024-12-25T08:34:08Z
Sony WH-1000XM5,review,Ugy_ulrfna4oGVyJmod4AaABAg,6CsJZxfZsL0,Ugy_ulrfna4oGVyJmod4AaABAg,False,@ozzieli,UCkfWpeYEBgaGYFLom7qtOWw,can u do lossless with a usb-c connecter with these with an iphone?,1,2024-12-22T15:45:21Z
Sony WH-1000XM5,review,Ugy_ulrfna4oGVyJmod4AaABAg.ACMDXKlWLzBACMsFoLtlDc,6CsJZxfZsL0,Ugy_ulrfna4oGVyJmod4AaABAg,True,@sayemisalive,UCxurIuIFp6Y3Li-it3wn2ig,nope it doesn't have usb audio input,1,2024-12-22T21:49:58Z
Sony WH-1000XM5,review,Ugy_ulrfna4oGVyJmod4AaABAg.ACMDXKlWLzBACbTXdc3HA7,6CsJZxfZsL0,Ugy_ulrfna4oGVyJmod4AaABAg,True,@HusseinA246,UCkJtAKdIsxeYE3wg0ziKmnQ,they don’t support ALAC or FLAC iirc so even if you have a 3.5mm jack you still wouldn’t get lossless,0,2024-12-28T23:13:03Z
Sony WH-1000XM5,review,UgzRWDSGQmbK3xL9Vk14AaABAg,6CsJZxfZsL0,UgzRWDSGQmbK3xL9Vk14AaABAg,False,@HL-uw7fk,UCufmUvc9mkO41dhVkEBKe2w,"just got these for xmas, top top top!!!",1,2024-12-22T10:05:45Z
Sony WH-1000XM5,review,UgyXiJRqURntWyp_Mcd4AaABAg,6CsJZxfZsL0,UgyXiJRqURntWyp_Mcd4AaABAg,False,@carlosibrahim2511,UCshhh_BSkTfwZhx_U3qqIBw,In 2924 they are still the best,0,2024-12-21T00:40:04Z
Sony WH-1000XM5,review,Ugy4vqSUOuEe3QQchyZ4AaABAg,6CsJZxfZsL0,Ugy4vqSUOuEe3QQchyZ4AaABAg,False,@muhammedeminural3333,UCOvi8efgIskwmTbg9PSw1EQ,"Video ended, clicked buy, thank you for amazing quality videos sir. Will leave a review when I get it.",0,2024-12-19T10:54:26Z
Sony WH-1000XM5,review,UgxrN9OcY56ceNzUwX14AaABAg,6CsJZxfZsL0,UgxrN9OcY56ceNzUwX14AaABAg,False,@shreddedindica,UCTgRUXL6Lh1cFzfmC5iJ28A,travel with airpod pros. noise canceling on those wipe,0,2024-12-16T09:23:54Z
Sony WH-1000XM5,review,Ugzh1F0CQlGNcsdpSe94AaABAg,6CsJZxfZsL0,Ugzh1F0CQlGNcsdpSe94AaABAg,False,@ozberkakbas6157,UCAWE5VqRt_1xvl7pAQJI5Rw,Sony is still the king on this era really. Using all of the apple products once I met with the mark4 I immediately underestood that the airpods max are just overpriced statusqouo devices.,0,2024-12-16T00:20:20Z
Sony WH-1000XM5,review,Ugy6V8SyN2u4hYCfvxN4AaABAg,6CsJZxfZsL0,Ugy6V8SyN2u4hYCfvxN4AaABAg,False,@CristalPeace,UCt9-PnjnWe29F7w40TM7b0A,I actually don't like headphones that fold up. So that's a plus for me.,0,2024-12-14T16:39:02Z
Sony WH-1000XM5,review,UgxuG58L8qtSoy5lhMJ4AaABAg,6CsJZxfZsL0,UgxuG58L8qtSoy5lhMJ4AaABAg,False,@TERFClub,UCGgzWwoG78EDyfIMK1U2Klg,Do these come with a lead? For use in a studio environment. Bluetooth is no good for this environment.,0,2024-12-13T16:30:25Z
Sony WH-1000XM5,review,UgyamRBHtIUYrJ5VluN4AaABAg,6CsJZxfZsL0,UgyamRBHtIUYrJ5VluN4AaABAg,False,@rocknrollcanneverdie3247,UCfPSyZppTao3ahmGt4DAfLA,All they need is a wallpaper app as a compliment,0,2024-12-07T01:52:41Z
Sony WH-1000XM5,review,UgyamRBHtIUYrJ5VluN4AaABAg.ABj6JVZT5FAABmU8LPcmLO,6CsJZxfZsL0,UgyamRBHtIUYrJ5VluN4AaABAg,True,@isaacwester7877,UCU1uXqHHk0kkjQaPAy-g5bg,Are you serious? Tardy to the party dude. Grow up,0,2024-12-08T09:18:36Z
Sony WH-1000XM5,review,Ugy-Djqpvdqym1OMZr94AaABAg,6CsJZxfZsL0,Ugy-Djqpvdqym1OMZr94AaABAg,False,@Allureae,UCPebwv4vqilVNmcH3qU1WIg,They recently came out with a pink version and now im happy enough to ignore that they don't fold,0,2024-12-05T11:24:16Z
Sony WH-1000XM5,review,UgxkN8rkn-LtzSnhJb94AaABAg,6CsJZxfZsL0,UgxkN8rkn-LtzSnhJb94AaABAg,False,@danilodusoswa4917,UCK4GriEmUFhqnnBY5mjO0iA,"Anyone else have AirPods Max but wants the Sony XM5? Privileged first world problem, I know.",0,2024-12-04T22:18:03Z
Sony WH-1000XM5,review,Ugy5NT5f59LVy1rRhKd4AaABAg,6CsJZxfZsL0,Ugy5NT5f59LVy1rRhKd4AaABAg,False,@kaeyluv,UC6iNPayRIirlN_etkhocowQ,"call me crazy, but i think the most important factor was actually the fact that you cant fold the xm5 flat  on your shoulders!",0,2024-12-02T11:12:36Z
Sony WH-1000XM5,review,UgzzLnIPOYA2DA7HSMZ4AaABAg,6CsJZxfZsL0,UgzzLnIPOYA2DA7HSMZ4AaABAg,False,@breadloaf5102,UCM7s71c7uuJAvKVYaRxrQsQ,Turn on the DSEE it will sound better than the Airpods Max,0,2024-12-01T02:28:16Z
Sony WH-1000XM5,review,Ugxpy1Phi_5WStwKRDx4AaABAg,6CsJZxfZsL0,Ugxpy1Phi_5WStwKRDx4AaABAg,False,@SunOfOne,UCTMPTF8_WrQLNTmMEFWSMMQ,Help stuck between sony wh-1000xm5 sony wh-1000xm4 which to get mostly want for music I LOVE BASS,0,2024-11-28T01:39:47Z
Sony WH-1000XM5,review,Ugzfna0XDDpIgG7ZBFN4AaABAg,6CsJZxfZsL0,Ugzfna0XDDpIgG7ZBFN4AaABAg,False,@piotr_bk2104,UC1EJshm2WjJlmWMRua5fWGQ,"Ludzie unikajcie jak ognia słuchawek WH-1000XM5. Na 4 posiadane pary 3 uległy awarii mechanicznej pałąka (x2) i nausznika (1). Oczywiście Sony odmawia napraw, mimo że YouTube pełen jest filmików opisujących ten problem. Absolutne kuriozum- zdecydowaliśmy się na odpłatną(!!!) wymianę nausznika na nowy, który po 4 miesiącach wykazuje dokładnie ten sam problem- zaczyna obłazić z niego farba, a Sony (a właściwie serwis Sontronic ) nie uznaje gwarancji na sprzedany i zamocowany przez siebie za grubą kasę element!!! GORĄCO ODRADZAM TEN MODEL!!!!",0,2024-11-26T11:23:26Z
Sony WH-1000XM5,review,UgyfP6AbR9nfnD9HPHV4AaABAg,6CsJZxfZsL0,UgyfP6AbR9nfnD9HPHV4AaABAg,False,@bhosekar1982,UC-rQC8v_0PHjAH4Xw7bI9tA,I bought these recently. And they work great with the phone. But they don't connect the mic on Win 11 laptop. I can hear the caller but the caller has to hear me from laptop mic and that brings in all ambient noise. I read that this is a known issue. And if it is then I am going to return these. My Win 11 laptop is work laptop with no admin access. So there's little troubleshooting i can do.,1,2024-11-26T10:30:38Z
Sony WH-1000XM5,review,UgyfP6AbR9nfnD9HPHV4AaABAg.ABIhqV2CrwAABJ88YxVgwf,6CsJZxfZsL0,UgyfP6AbR9nfnD9HPHV4AaABAg,True,@bhosekar1982,UC-rQC8v_0PHjAH4Xw7bI9tA,"The irony is that they work flawlessly on Android 15 as well as iPadOS18. So, I guess windows is to blame, especially the 22H2 update which seems to have started the issue. Even my office IT Admin could not resolve the issue. I wish MKBHD could review and highlight this issue.",0,2024-11-26T14:29:10Z
Sony WH-1000XM5,review,Ugx92YXtQdx1jT2cCpZ4AaABAg,6CsJZxfZsL0,Ugx92YXtQdx1jT2cCpZ4AaABAg,False,@bj4lunch,UCC65NlhPQF-2HYHpgBLn-Sg,$50 off when you sign up to my Sony making them $382 NZD-$190 USD,0,2024-11-25T06:07:03Z
Sony WH-1000XM5,review,UgxQwijZLEKl-NLC4nN4AaABAg,6CsJZxfZsL0,UgxQwijZLEKl-NLC4nN4AaABAg,False,@followthevind,UCoZkpJ2MAuCNku3zg9Qx7Ig,"I've had the xm4s for over 4 years with very heavy use and they just started getting the screeching feedback noise in the left ear. Have tried all the fixes for it I could find to no avail. Xm5 just went on sale for $298 so I went for it, hoping it'll feel like a solid upgrade. Don't mind the non folding at all and more comfort is always welcome, also people I spoke to on the phone with my xm4 were starting to say the audio was really bad.",0,2024-11-24T18:18:09Z
Sony WH-1000XM5,review,UgwpKHJ8JivW0xVgmPh4AaABAg,6CsJZxfZsL0,UgwpKHJ8JivW0xVgmPh4AaABAg,False,@Essyinfo,UCPqoalet4uXJQ1k2cQRLP3g,Having had two pairs of 1000 xm4 which lasted 2 years each and failed due to cheap plastic shit folding capability which failed on both i welcome the new design. I dont need to pay £250 every two years for headphones. Hopefully theyve improved the design flaw of the xm4. I'll see how my new xm5s get on.,1,2024-11-22T18:23:16Z
Sony WH-1000XM5,review,Ugxtgqx_Cv3llJGzHdp4AaABAg,6CsJZxfZsL0,Ugxtgqx_Cv3llJGzHdp4AaABAg,False,@ChrisBicourt,UCHKCuU7jjOzeagWWRyoGVxg,"I've just bought these and I have to point something out: I was annoyed when MKB showed how the earcups only rotate one way and how that means you can't rest them ""cup down"" around your neck. But now I've got them I have discovered this isn't quite true - there's about a 45 degree rotation in the opposite direction that Marques didn't mention. When you wear them around your neck you can rotate about 45 degrees ""cup down"", and not only is it more comfortable than I expected, it also ticks my totally superficial and vain ""looks cool"" box.",0,2024-11-22T11:13:17Z
Sony WH-1000XM5,review,UgxN3Ag7_cyB0grr5dN4AaABAg,6CsJZxfZsL0,UgxN3Ag7_cyB0grr5dN4AaABAg,False,@AddonLT,UCyDgS5CiMCPqlpJ98_61plA,I NEED IT. I NEED IT. I NEED IT. I FUCKING NEED IT.,0,2024-11-21T20:55:45Z
Sony WH-1000XM5,review,UgxExtPXCJxjwSQgxjF4AaABAg,6CsJZxfZsL0,UgxExtPXCJxjwSQgxjF4AaABAg,False,@Subacon,UCYw84OgDGyyQwRnYOSgrKCQ,Bro predicted the future with the title,0,2024-11-21T09:03:56Z
Sony WH-1000XM5,review,UgywoIBhsMikhZ48HUV4AaABAg,6CsJZxfZsL0,UgywoIBhsMikhZ48HUV4AaABAg,False,@ronellomibao9205,UCEGM70SF-t5fB40dEGNlSCA,Is it good for noise cancellation when using in work from home set up? Or in a call center? 😅😊,0,2024-11-20T14:15:57Z
Sony WH-1000XM5,review,Ugyw8zgJoVvbYXRCs3x4AaABAg,6CsJZxfZsL0,Ugyw8zgJoVvbYXRCs3x4AaABAg,False,@rapidenthusiasm-oc4go,UC5MwPSccGK00d3y3zJyH9eg,I just bought the XM5 and finally understood what true high-fidelity sounds like. This is a premium product and worth every penny.,1,2024-11-18T22:01:45Z
Sony WH-1000XM5,review,UgxvYEVntV-P_JOiOLJ4AaABAg,6CsJZxfZsL0,UgxvYEVntV-P_JOiOLJ4AaABAg,False,@amigofavor3777,UC6rG7qomydK-JyKqkGMbnGw,"The xm4....After more than 3 years of suffering with me I will move to the XM5... old but good .
And I don't know why u always finds problem with name ... Not just headphones but some products.... As Sony user we always find way to name easy to remember",0,2024-11-18T01:09:16Z
Sony WH-1000XM5,review,UgywyeTD5k2KyS5SgmB4AaABAg,6CsJZxfZsL0,UgywyeTD5k2KyS5SgmB4AaABAg,False,@EliGoldberg-b5i,UCyL2kKeJGEQFKW-rIIABhMA,"Not folding is a BIG improvement !
So for me it's actually 3 steps forward :)
Folding makes them less sturdy and shaky IMO",0,2024-11-14T07:24:12Z
Sony WH-1000XM5,review,UgzW_HqQazExWaKkqIR4AaABAg,6CsJZxfZsL0,UgzW_HqQazExWaKkqIR4AaABAg,False,@lui-lc,UCNxdnhtl8Dm_UMxKfDm0PMw,Have you guys thought on reviewing the Bose QC Ultra?,0,2024-11-14T01:41:59Z
Sony WH-1000XM5,review,UgzdKh7BFBzfb35cjzh4AaABAg,6CsJZxfZsL0,UgzdKh7BFBzfb35cjzh4AaABAg,False,@wiltonm1975,UC1S8Yc4ySRUIQXXr3I24W7A,Why didn't he mention that the  apple headphones only have 20 hours,0,2024-11-11T16:22:50Z
Sony WH-1000XM5,review,UgzLFfqNB0ZPEMfpHw94AaABAg,6CsJZxfZsL0,UgzLFfqNB0ZPEMfpHw94AaABAg,False,@columbiaautoinc.3464,UCFGWlsfKaKZpXTwr42dByTA,Good morning everyone. Please do not buy these headphones if you plan to work out. It constantly falls off your head since the material is too soft and slippery. I bought it and had to return it the next day cause it would not stay on! But if you do not plan on working out or going on a run. It's a great headphone with a good sound system and soft material.,0,2024-11-11T16:22:27Z
Sony WH-1000XM5,review,UgzP85iNmDs6FerZ2eF4AaABAg,6CsJZxfZsL0,UgzP85iNmDs6FerZ2eF4AaABAg,False,@Haydarah313,UCVJ-F1aeU2fVhrJ-1o6lA1w,it is 200 USD now :),0,2024-11-07T19:34:09Z
Sony WH-1000XM5,review,UgzP85iNmDs6FerZ2eF4AaABAg.AAYkwewA93BAAlNj9Dr-xX,6CsJZxfZsL0,UgzP85iNmDs6FerZ2eF4AaABAg,True,@crispy_nugg4709,UChHO69Br2c0f-uGIT9zOvxg,Bro it's 300,0,2024-11-13T02:31:57Z
Sony WH-1000XM5,review,UgzP85iNmDs6FerZ2eF4AaABAg.AAYkwewA93BAB8327knbg4,6CsJZxfZsL0,UgzP85iNmDs6FerZ2eF4AaABAg,True,@Haydarah313,UCVJ-F1aeU2fVhrJ-1o6lA1w,@ it’s actually 200 euro sharp.. I have just bought one 👍,0,2024-11-22T07:12:57Z
Sony WH-1000XM5,review,Ugy8VKuhtj0EyYwPgMZ4AaABAg,6CsJZxfZsL0,Ugy8VKuhtj0EyYwPgMZ4AaABAg,False,@sanethbandara2710,UCF8CcVYpWlQ4QjmpBJlB4cw,good to buy in 2024?,6,2024-11-04T08:43:44Z
Sony WH-1000XM5,review,Ugy8VKuhtj0EyYwPgMZ4AaABAg.AAPs7GCZkvLABK-vivWWcl,6CsJZxfZsL0,Ugy8VKuhtj0EyYwPgMZ4AaABAg,True,@okamho,UC4JRSuwR1wENMNsju4PmNiA,Just got mine. Crap. Returning already.,2,2024-11-26T22:36:37Z
Sony WH-1000XM5,review,Ugy8VKuhtj0EyYwPgMZ4AaABAg.AAPs7GCZkvLABL6fVK8mYn,6CsJZxfZsL0,Ugy8VKuhtj0EyYwPgMZ4AaABAg,True,@Happy10201,UCZtsU6Jk_g5YaiysfJYgdDg,"At that price range, they are the best. But I will recommend Mx4 almost the same sound quality.",2,2024-11-27T08:54:48Z
Sony WH-1000XM5,review,Ugx6-qcYm8s2eF90yDp4AaABAg,6CsJZxfZsL0,Ugx6-qcYm8s2eF90yDp4AaABAg,False,@ntd.1760,UCVVIwd85-0ToSfjv4XvdCng,Quality of this video is on another level,0,2024-11-04T04:42:37Z
Sony WH-1000XM5,review,Ugz3gz8l-3vxbHh58fV4AaABAg,6CsJZxfZsL0,Ugz3gz8l-3vxbHh58fV4AaABAg,False,@KingJulienA,UC10ON370BR4u9e32gpJ1Bhw,Vegan leather - plastic rather leather,0,2024-11-03T13:26:51Z
Sony WH-1000XM5,review,Ugw4Ms7KlJt43_ejFAx4AaABAg,6CsJZxfZsL0,Ugw4Ms7KlJt43_ejFAx4AaABAg,False,@arcanian717,UCpZcU0X4Gm7AigMLQ9Qm7Fw,I’m gonna buy this thing. I’ll edit this comment once I get it.,0,2024-11-03T01:49:22Z
Sony WH-1000XM5,review,Ugzpda-XP0qfLJC-Vu94AaABAg,6CsJZxfZsL0,Ugzpda-XP0qfLJC-Vu94AaABAg,False,@Skyhighrocketeer,UC2G6ZBSWmYviBSkG7GG8YAQ,"This was 2 years ago. Where in the world and cave am i 🤦🏻‍♂️. I love your review. You are very transparent and honest about it. ❤

Edited. I guess they addressed most of your cons in the new Sony ULT! 😱",1,2024-10-31T21:37:11Z
Sony WH-1000XM5,review,UgxR2pFuV7K7Q4vYrQt4AaABAg,6CsJZxfZsL0,UgxR2pFuV7K7Q4vYrQt4AaABAg,False,@imjustabilly6660,UCyty0Nulb2gE9LTJhK-CKyA,suddenly looking for headphones. the mics sound the same on both i think. great video and editing as always!,0,2024-10-30T19:11:53Z
Sony WH-1000XM5,review,Ugxb_Ay2owVbK1j07aZ4AaABAg,6CsJZxfZsL0,Ugxb_Ay2owVbK1j07aZ4AaABAg,False,@TheFluffyDuck,UCohwKx_c_dH-_6iUr5KDp4w,I will hand over gold for something that can cancel out screaming babies and children the seat behind me on a plane. Nothing has come close yet.,0,2024-10-25T00:37:54Z
Sony WH-1000XM5,review,UgzIPj9F8XOyhnEkT3h4AaABAg,6CsJZxfZsL0,UgzIPj9F8XOyhnEkT3h4AaABAg,False,@Rampager42,UCWdyx3JdgZfTiyeur3JgYOw,This probably gonna sound stupid but they don’t sound worse with an iPhone do they?,2,2024-10-22T20:29:51Z
Sony WH-1000XM5,review,UgzIPj9F8XOyhnEkT3h4AaABAg.A9ueafopcO-ABb5YY659cy,6CsJZxfZsL0,UgzIPj9F8XOyhnEkT3h4AaABAg,True,@WComfy13,UCKpJ4pieFxJJ_lQeV7q4G4Q,No. It depends on the app and sound quality that the audio is.,0,2024-12-03T23:12:04Z
Sony WH-1000XM5,review,UgxnGsrQvbUXwzy9a2p4AaABAg,6CsJZxfZsL0,UgxnGsrQvbUXwzy9a2p4AaABAg,False,@-AtomsPhere-,UCfWwywq7ZLhvfmSO6jAaLVg,"My XM4’s just completely died after less than a year. So disappointed because I absolutely loved them. I did every troubleshoot I could find and nothing worked. Just completely dead. Now i really miss them, but I can’t decide if I want to give Sony another 300+ dollars for a product that lasted last than a year. Im so disappointed and conflicted.",0,2024-10-22T04:53:22Z
Sony WH-1000XM5,review,UgwVeRMRZ-Pt5GNraCl4AaABAg,6CsJZxfZsL0,UgwVeRMRZ-Pt5GNraCl4AaABAg,False,@sanjaykmeena,UCiFjyoByqw1pZpbeIEZmY3Q,"Thanks for this great review !
I want to buy this headphone for my iPhone 15 pro max, but got bit confused as I found that iPhone doesn’t support the signature LDAC codec which sony uses on their high end headphones.
This headphone (XM5) also doesn’t support Apple’s own codec ALAC (I think none of the headphones/ earphones support this ALAC yet).
So we are left with only AAC which iPhones use to generate sound through headphones ! 
As far as I know AAC is far inferior to LDAC then how can we utilise the true potential of these headphones on iPhone ?
Despite all this information, is it still a good idea to buy this pair for iPhone 15 pro max in 2024 ?",0,2024-10-20T16:05:52Z
Sony WH-1000XM5,review,UgwWA_crbDAcflZNhsV4AaABAg,6CsJZxfZsL0,UgwWA_crbDAcflZNhsV4AaABAg,False,@AL_Einstein,UC-paIGea_m0H_AT3oHoZSZQ,Do the xm4s also come with the same sony app on android as the xm5?,0,2024-10-20T14:59:35Z
Sony WH-1000XM5,review,Ugzsz0pmzMN58a1_vjh4AaABAg,6CsJZxfZsL0,Ugzsz0pmzMN58a1_vjh4AaABAg,False,@risketo_05,UC91vdUVENb4in9vxccnyHkw,the xm5 don’t fold down bc of the wear sensor.,0,2024-10-15T23:57:44Z
Sony WH-1000XM5,review,UgyeVXkpAtGqVahmRqN4AaABAg,6CsJZxfZsL0,UgyeVXkpAtGqVahmRqN4AaABAg,False,@CarterJeremy-f7y,UCwhCbQC1RXAgXWr8ZBoLJjQ,Bartoletti Villages,0,2024-10-14T01:31:29Z
Sony WH-1000XM5,review,Ugw4VJ7e2Smp6mYZWNJ4AaABAg,6CsJZxfZsL0,Ugw4VJ7e2Smp6mYZWNJ4AaABAg,False,@mkennedy150,UCKT8FGI98tgG4Eq-Pu-Wu-g,The folding shouldn't be much of an issue because it's only a couple inches difference and it shouldn't be an issue of space in most bags.,0,2024-10-13T18:40:20Z
Sony WH-1000XM5,review,UgynV3xUV44D8s3UuOh4AaABAg,6CsJZxfZsL0,UgynV3xUV44D8s3UuOh4AaABAg,False,@angelotatadobando8286,UCJWgIJ2zgAtXAMMVdBAE8eQ,watching with my new xm5 🥹😭,0,2024-10-13T17:29:51Z
Sony WH-1000XM5,review,UgyLHQrCF4oXwQL3xYR4AaABAg,6CsJZxfZsL0,UgyLHQrCF4oXwQL3xYR4AaABAg,False,@DoraAugustine-x7l,UCwOgTX3Qs4oTFnSYl-l3Gxw,Boehm Junctions,0,2024-10-13T03:59:16Z
Sony WH-1000XM5,review,Ugxi21rZE_eHSaDZ2yl4AaABAg,6CsJZxfZsL0,Ugxi21rZE_eHSaDZ2yl4AaABAg,False,@WillTracy-b5k,UCwn5ZZJxvih9RZ5foPghp-g,Adams Lock,0,2024-10-12T17:55:24Z
Sony WH-1000XM5,review,UgwZpo8W9opgfw0qqsp4AaABAg,6CsJZxfZsL0,UgwZpo8W9opgfw0qqsp4AaABAg,False,@EvaOswald-e3z,UC3kqr1cAtyiObGqozg2Z1-Q,Godfrey Plain,0,2024-10-12T17:31:47Z
Sony WH-1000XM5,review,Ugz_ZveXtdwg6CSkp4d4AaABAg,6CsJZxfZsL0,Ugz_ZveXtdwg6CSkp4d4AaABAg,False,@BryanWard-t1o,UCiFurX0CiWOiF3Y3QBUWRBA,Willms Valleys,0,2024-10-12T09:07:37Z
Sony WH-1000XM5,comparison,Ugw9lvjNvaf-N0APWbl4AaABAg,BdvOuKTi3CE,Ugw9lvjNvaf-N0APWbl4AaABAg,False,@Jesusandbible,UCP4FN_s686k4AHDYZjF5_JA,Can anyone tell me what brushing fingers up and down on the outside ear pads does? Is it volume control?? thanks!,0,2025-04-15T21:28:08Z
Sony WH-1000XM5,comparison,UgyGxAwy53zLraxx8VJ4AaABAg,BdvOuKTi3CE,UgyGxAwy53zLraxx8VJ4AaABAg,False,@melly1322,UCY_ohKBRx8HaBnNSTkxdp4w,"I have had two XM4s break on me. Both in the arm, where it twists. 
For that reason alone, I will be purchasing the XM5s",0,2025-04-13T10:15:47Z
Sony WH-1000XM5,comparison,UgzOakv_-aPvJQcrKqp4AaABAg,BdvOuKTi3CE,UgzOakv_-aPvJQcrKqp4AaABAg,False,@Vor_Tex_Sun,UC55dZvlgKjPQzM_omkFHkvg,ANC on the 5s is next level. There is no cabin pressure on trains and buses,0,2025-04-05T07:49:37Z
Sony WH-1000XM5,comparison,Ugz7kIC_iGnckCqd6u14AaABAg,BdvOuKTi3CE,Ugz7kIC_iGnckCqd6u14AaABAg,False,@jw112965,UCV0355MIXRYxhfdltxhJS2w,Every time I speak the music cuts out.  I wish I could turn this function off.  Also fit a little loose especially when they get sweaty,0,2025-03-17T18:22:15Z
Sony WH-1000XM5,comparison,UgwuyUVnbJn4FTFCbCZ4AaABAg,BdvOuKTi3CE,UgwuyUVnbJn4FTFCbCZ4AaABAg,False,@Jumpboy5100,UC-94vdpq998N80CVfl2Ztsw,"I have the og 1000x and they are still my favorite headphone I own. I used to want to be an audiophile and had all these amps and dacs and would rotate all these different headphones trying to find ""the one""

In reality I jusy like lots of bass and something that is comfy. The galaxy buds pro 2 and the 1000x are all i use when im out of the house. The 1000x is perfect for flights, road trips, or other commuting as well as studying or working. Ive had to replace the plastic bit on the hinge with 3d printed parts a few times though. Ive had them for nearly 10 years and the battery still lasts plenty long",0,2025-03-14T06:39:31Z
Sony WH-1000XM5,comparison,UgxwUjEE2o9O8_-DsOx4AaABAg,BdvOuKTi3CE,UgxwUjEE2o9O8_-DsOx4AaABAg,False,@joeji7442,UCH06wKnqV_FxlVEMOwazDqA,"XM4s sound better and the auto off works much better.  I folds into a much smaller size, which  makes it easier to take on to a plane.  That being said, the swivel on my XM4 cracked, turning it into a brick.  Thus, the XM5 purchase.  But, now that I have fixed the XM4, the XM5 is in a drawer.",0,2025-02-26T08:57:18Z
Sony WH-1000XM5,comparison,UgzO_nFdFrygdDGjdM94AaABAg,BdvOuKTi3CE,UgzO_nFdFrygdDGjdM94AaABAg,False,@andrewpaul1207,UCXBO5emitgtHjZbtgIA_hSw,the earcuffs get extremely hot.  you will sweat,0,2025-02-25T20:00:42Z
Sony WH-1000XM5,comparison,UgzwJ2YXtQOLFbbvfIJ4AaABAg,BdvOuKTi3CE,UgzwJ2YXtQOLFbbvfIJ4AaABAg,False,@smallpp688,UCbwEjY3ibjGUKLtBfCQF0bg,There’s an entire Reddit for the hinge on the xm5 that breaks. So fucked yo for how much they are,0,2025-02-18T20:59:19Z
Sony WH-1000XM5,comparison,UgxVANPwlx2oExhmLSl4AaABAg,BdvOuKTi3CE,UgxVANPwlx2oExhmLSl4AaABAg,False,@alexsherel3344,UCfjEIoO-PJU8nbrP12SGrkw,"If folding headphones is too much effort, well that’s embarrassing for yor you…",0,2025-02-17T00:54:05Z
Sony WH-1000XM5,comparison,UgzvoyaQJdJsSFTzbTJ4AaABAg,BdvOuKTi3CE,UgzvoyaQJdJsSFTzbTJ4AaABAg,False,@UnIimited_Power,UCSpAZ0pY2Z-H0YmVJ2A5eEg,"Upgrade / update... what's the difference? Shouldn't that always be the case, that an update is an upgrade? Because otherwise what's the point in buying the newer ones?",0,2025-02-14T16:23:21Z
Sony WH-1000XM5,comparison,Ugx7DhRJLPSQt8xJpH14AaABAg,BdvOuKTi3CE,Ugx7DhRJLPSQt8xJpH14AaABAg,False,@samdekeyser1996,UC5d-qGp1VV5jLWtjEIW0wbw,WH-1000XM6 40mm planer magnet drivers with 4hz tot 55Khz,0,2025-02-12T15:26:49Z
Sony WH-1000XM5,comparison,Ugx-m0YkECW8tRHyVIp4AaABAg,BdvOuKTi3CE,Ugx-m0YkECW8tRHyVIp4AaABAg,False,@Douvi7,UCGl83yI8COk9zaRMI2YYbpg,"I picked up the XM4s for 225$, the XM5s were $300 and it doesn't even fold, the NC is better at the XM5s but for 75$ that's not worth it",1,2025-02-01T21:21:43Z
Sony WH-1000XM5,comparison,Ugz2Wvjm2MWDMjThvoN4AaABAg,BdvOuKTi3CE,Ugz2Wvjm2MWDMjThvoN4AaABAg,False,@allenamores292,UCg8hDjqeq7_euH_d7HtHJxw,"The sound quality on these headphones are exceptionally good, but the hinges (especially on the Xm5s) are a problem. I have seen countless posts and comments on Reddit on how the hinges were poorly made and break after just a year of using them. I want to buy one but I'm worried about it.",0,2025-01-31T04:53:54Z
Sony WH-1000XM5,comparison,Ugx6A5_pb_hvh3npOrh4AaABAg,BdvOuKTi3CE,Ugx6A5_pb_hvh3npOrh4AaABAg,False,@555droid6,UCKqVuGQBSAZWsap4KswXEGw,Which one is lighter?,0,2025-01-29T18:19:40Z
Sony WH-1000XM5,comparison,Ugx6A5_pb_hvh3npOrh4AaABAg.ADtLOpumTv1AHEGiW87dvz,BdvOuKTi3CE,Ugx6A5_pb_hvh3npOrh4AaABAg,True,@BlaulichtspotterNRW,UCG8BXma_jSvSYE1l2ya3Rog,"Sony WH-1000XM5 weigh 0.55 pounds (250 grams), while the Sony WH-1000XM4 weigh 0.56 pounds (254 grams)",0,2025-04-22T20:16:16Z
Sony WH-1000XM5,comparison,UgxlStXW2wwauYc6rhp4AaABAg,BdvOuKTi3CE,UgxlStXW2wwauYc6rhp4AaABAg,False,@VitalyMack,UC2Id8rrUMX-bYpCy8eT8_wA,"You want noise cancelling get some motorcycle ear plugs, this will save you hundreds of dollars.  They are designed so you can still hear music and take calls in your helmet while riding.  Youre welcome",1,2025-01-28T12:54:17Z
Sony WH-1000XM5,comparison,UgwC6kYidH2b-WPJSgV4AaABAg,BdvOuKTi3CE,UgwC6kYidH2b-WPJSgV4AaABAg,False,@rogerhampton2844,UCjj08gBuMFWu9n9uUzBsc6A,I love the way you discuss audio quality last. That’s what they do for Christ sake. This tells me I can’t trust anything in this video.,0,2025-01-26T23:21:14Z
Sony WH-1000XM5,comparison,Ugx6g36LytWT7PA6cpV4AaABAg,BdvOuKTi3CE,Ugx6g36LytWT7PA6cpV4AaABAg,False,@sohmiJesuswithme,UCcG_GrPZywKScMgio0dYaiQ,"Jesus love you all so much, he can save us all❤️✝️",1,2025-01-24T04:47:41Z
Sony WH-1000XM5,comparison,Ugws97ruzO1KcaAkQ1R4AaABAg,BdvOuKTi3CE,Ugws97ruzO1KcaAkQ1R4AaABAg,False,@Big_boy13,UCLrdnXbcnKkYCN3dlvOfsNw,The thing bout the xm5 is that it isnt a clicking noise when extending which means i dont how long i need it cauae on my whch720n headphone which i broke recently is that on those when i extended them i would go 1 2 3 4 when listening to the clicks on both sides so they were the same length but the xm5 has no click which i dont lile,1,2025-01-22T15:48:06Z
Sony WH-1000XM5,comparison,UgxtOH0R9kioVf_9v6N4AaABAg,BdvOuKTi3CE,UgxtOH0R9kioVf_9v6N4AaABAg,False,@iamkaedahara,UCXAlrlZ6Gcyk74bbzYrVvMw,I wanna buy XM5 but it’s not foldable… so I might go to XM4,0,2025-01-20T15:38:48Z
Sony WH-1000XM5,comparison,Ugw2nci8BiUOm6e7P_R4AaABAg,BdvOuKTi3CE,Ugw2nci8BiUOm6e7P_R4AaABAg,False,@richardhulsebos,UCtx43Dd7NGEKbeVQN9I7_wQ,airplane plug?? what eara are you living in,1,2025-01-19T12:59:51Z
Sony WH-1000XM5,comparison,UgwTyWKdf98gTE_A7qd4AaABAg,BdvOuKTi3CE,UgwTyWKdf98gTE_A7qd4AaABAg,False,@AbirHasan-m9r,UCUVv3RQcLP0Pl6cWiHGKipg,What is the price of xm5 please tell me ..,0,2025-01-17T16:31:35Z
Sony WH-1000XM5,comparison,Ugz4O1p4IlaWBmZMIOh4AaABAg,BdvOuKTi3CE,Ugz4O1p4IlaWBmZMIOh4AaABAg,False,@sdkingz84,UCk5muuIDb8hbJTIfyCgk21w,My WH are constantly disconnecting after a short amount of time. I checked update but the last one was about a month ago I think,0,2025-01-08T04:49:48Z
Sony WH-1000XM5,comparison,Ugzyy2IlemU3aimzV8Z4AaABAg,BdvOuKTi3CE,Ugzyy2IlemU3aimzV8Z4AaABAg,False,@Kenzo9063,UCilk8Uk_hC9hT8-LAqIC8uA,The flight adapter doesn’t matter since most of us will already have one and it’s cheap to buy. Plus they are trying to show that using Bluetooth is the way ahead. Even in airplanes you can use Bluetooth transmitters with the infotainment system. The included cable doesn’t bother me that much since we all have better and longer USB-C cables as well.,0,2025-01-03T01:53:04Z
Sony WH-1000XM5,comparison,Ugw_JUcx9-VWpYWBznd4AaABAg,BdvOuKTi3CE,Ugw_JUcx9-VWpYWBznd4AaABAg,False,@Lovejdrama,UC6lY-ZMC1vWEDmRAnTNBeXg,I bought  xm5 I like it 😊,0,2025-01-02T15:05:10Z
Sony WH-1000XM5,comparison,UgxhacB9C2JPhfXa1td4AaABAg,BdvOuKTi3CE,UgxhacB9C2JPhfXa1td4AaABAg,False,@bee3027,UCfAEp4eonMM1LzZyb3ZRVRw,I need a pair of headphones just to connect to my iphone so I do not have to hold my phone.  Do you think the WH-1000XM4 will work?,0,2025-01-02T12:24:50Z
Sony WH-1000XM5,comparison,UgxnOOv6sGkYwjiznR14AaABAg,BdvOuKTi3CE,UgxnOOv6sGkYwjiznR14AaABAg,False,@spyk-,UCj25GSUL0MMXJf1a40k0UYw,your werlxome,0,2024-12-26T23:41:21Z
Sony WH-1000XM5,comparison,Ugx9GBrYO2yBF4O7ET94AaABAg,BdvOuKTi3CE,Ugx9GBrYO2yBF4O7ET94AaABAg,False,@spyk-,UCj25GSUL0MMXJf1a40k0UYw,noah stop STOP. now.,0,2024-12-26T23:37:41Z
Sony WH-1000XM5,comparison,UgwFOEKZ8LQ8xJ3TUPd4AaABAg,BdvOuKTi3CE,UgwFOEKZ8LQ8xJ3TUPd4AaABAg,False,@spyk-,UCj25GSUL0MMXJf1a40k0UYw,damn caleb your hot asf,1,2024-12-26T23:30:56Z
Sony WH-1000XM5,comparison,UgwFOEKZ8LQ8xJ3TUPd4AaABAg.ACXLzwkGsF5ACXM-zxi4Oc,BdvOuKTi3CE,UgwFOEKZ8LQ8xJ3TUPd4AaABAg,True,@spyk-,UCj25GSUL0MMXJf1a40k0UYw,Thx,0,2024-12-26T23:31:05Z
Sony WH-1000XM5,comparison,UgwJJGsfkC4u16B85Gt4AaABAg,BdvOuKTi3CE,UgwJJGsfkC4u16B85Gt4AaABAg,False,@spyk-,UCj25GSUL0MMXJf1a40k0UYw,Thx for the help ❤,0,2024-12-26T23:30:30Z
Sony WH-1000XM5,comparison,Ugx3H5yLG2Die8wOH6l4AaABAg,BdvOuKTi3CE,Ugx3H5yLG2Die8wOH6l4AaABAg,False,@jimpanse1638,UCML35LKQQ_XwDdjrVXhvfqQ,"I still have the xm3 and they are the longest lasting headphones i ever had, i replaced the foam once and might need to do that again but other than that you dont have to baby them to keep them from breaking. Pretty solid product and thats rare nowadays with this insane planned obsolescence manufacturers now build in..",0,2024-12-24T01:08:33Z
Sony WH-1000XM5,comparison,UgwjteYK7busw5jg7LB4AaABAg,BdvOuKTi3CE,UgwjteYK7busw5jg7LB4AaABAg,False,@IvarsRuza,UCyvTf7p7eRjL5AbMPgDTSTA,This new design is BS. Please lay off the designer!,0,2024-12-22T01:44:00Z
Sony WH-1000XM5,comparison,UgyUYaT7HXxq6GIjeqN4AaABAg,BdvOuKTi3CE,UgyUYaT7HXxq6GIjeqN4AaABAg,False,@melvynplantmusic,UC7xgFNP00ZTrsQkxsV4kGZg,U.K. Sony customer service is a joke,0,2024-12-20T07:30:31Z
Sony WH-1000XM5,comparison,UgwH-O0FivVhGRjXeuB4AaABAg,BdvOuKTi3CE,UgwH-O0FivVhGRjXeuB4AaABAg,False,@MrRclemens,UCCsRDrypQWl_1Hdg2Ykmxdw,"""The learning curve to get the xm4 packed up"" -- At this point you're just making shit up",0,2024-12-14T15:12:58Z
Sony WH-1000XM5,comparison,UgxgzBEBaIS9EA3scdt4AaABAg,BdvOuKTi3CE,UgxgzBEBaIS9EA3scdt4AaABAg,False,@richardostby,UCI07VEgcH736H--N3uqTgsA,"Great 
I Made my Decision after watching This video.",0,2024-12-12T14:57:41Z
Sony WH-1000XM5,comparison,UgwFZT7jeI1RD34ROQR4AaABAg,BdvOuKTi3CE,UgwFZT7jeI1RD34ROQR4AaABAg,False,@melvynplantmusic,UC7xgFNP00ZTrsQkxsV4kGZg,"I bought the 5, touch censor is rubbish it keeps turning on and off all the time. Speak to chat keeps telling me off then on then off etc all the time. Now they won’t charge even after reset etc..All after 6 month..returning to Sony asap",0,2024-12-11T08:35:19Z
Sony WH-1000XM5,comparison,UgxasqF1aMU4tIJgMvJ4AaABAg,BdvOuKTi3CE,UgxasqF1aMU4tIJgMvJ4AaABAg,False,@CalaisRider,UCvW8npute74GZe9aTOtdb6w,I got a set of XM5's today.  Holy hell they are good.,0,2024-12-10T15:14:17Z
Sony WH-1000XM5,comparison,UgxasqF1aMU4tIJgMvJ4AaABAg.ABsGRLVngbCACnTkhHntEj,BdvOuKTi3CE,UgxasqF1aMU4tIJgMvJ4AaABAg,True,@Lovejdrama,UC6lY-ZMC1vWEDmRAnTNBeXg,Fr some I just got some yesterday 😊,0,2025-01-02T15:05:52Z
Sony WH-1000XM5,comparison,UgzA1KP8Asv3WLrdMPJ4AaABAg,BdvOuKTi3CE,UgzA1KP8Asv3WLrdMPJ4AaABAg,False,@TrueFactBoston,UCpfTMlVeKIUMFES3qsGPNlA,"What's missing in this review is to use them with Bravia TVs 
(Movies and Sports). sometimes it's night and I don;t want to use the Sony Soundbar A7000 (kids sleeping). Just my 2 cents",0,2024-12-08T05:58:07Z
Sony WH-1000XM5,comparison,UgzS2ixpVwTR2wgpL9d4AaABAg,BdvOuKTi3CE,UgzS2ixpVwTR2wgpL9d4AaABAg,False,@davidpearson85,UCVGanYSzPO-Qfb9Kd_g7n2Q,"I have both, xm5 are better but both are amazing.",0,2024-12-04T19:38:20Z
Sony WH-1000XM5,comparison,Ugzv84rndrmOaGI5oV54AaABAg,BdvOuKTi3CE,Ugzv84rndrmOaGI5oV54AaABAg,False,@dumpwoodhere,UCiT839m-jhSv93Q1rxcqI4Q,Looks wise i just upgraded from the xm3 to the xm4 because i love the design over the xm5 and there was only £30 difference between the two in the sales.,0,2024-12-04T12:50:25Z
Sony WH-1000XM5,comparison,UgxF56oBvZqo8aU0xR94AaABAg,BdvOuKTi3CE,UgxF56oBvZqo8aU0xR94AaABAg,False,@meric12131415,UCPDu-qYrXX78unPha3cvT7g,Thankfully everyone has usb c cables now,0,2024-12-02T16:56:00Z
Sony WH-1000XM5,comparison,UgypwgSEDtOHZHZvOlp4AaABAg,BdvOuKTi3CE,UgypwgSEDtOHZHZvOlp4AaABAg,False,@user-dl8hu2st8b,UC_x4XKyKps548fOmdZhNtmQ,"Airplane adapter might still be an issue. I don’t regard Lufthansa as safety concerning air-carrier, but if you fly Lufthansa’s Airbus A380 or B747-800 between New York and Germany in economy class in 2024, you still need to have this adapter or use a crappy gear provided by fly attendant.",0,2024-12-02T16:01:55Z
Sony WH-1000XM5,comparison,UgzBSlB5g1yEQmRa82t4AaABAg,BdvOuKTi3CE,UgzBSlB5g1yEQmRa82t4AaABAg,False,@odesolaayobami7325,UCd8RzKaF8bInvBXPgIcnpTQ,anywhere to get in nigeria?,0,2024-12-02T10:14:56Z
Sony WH-1000XM5,comparison,UgwqU-AA3UagtzPSjqB4AaABAg,BdvOuKTi3CE,UgwqU-AA3UagtzPSjqB4AaABAg,False,@IMUSTHCOOSEANEWNAMEB,UCftKOsO4YuS7F4VrlUSpd9w,"You're like IA you're easy to find and even recommended but really you're just useless, a waste of my time.",0,2024-11-30T17:35:24Z
Sony WH-1000XM5,comparison,UgzBvDotXxViElfhSol4AaABAg,BdvOuKTi3CE,UgzBvDotXxViElfhSol4AaABAg,False,@kurtkrienke2956,UCYNktT9wNi85-ZnNff1vPQQ,I'm thinking about getting the xm4 for gaming on my laptop. I'm worried that the ANC won't be able to deal with its loud fans since I've heard repeatedly that it struggles with higher frequencies. Any experienced users here that can ease my mind or confirm this to be an issue?,0,2024-11-29T18:06:02Z
Sony WH-1000XM5,comparison,UgyNt7rhi4jCyAMr8LB4AaABAg,BdvOuKTi3CE,UgyNt7rhi4jCyAMr8LB4AaABAg,False,@metalsound90,UCvXWMLtJvO5Wqe42kMCZINg,"I read that many users have a lot of problems, breakages and crackling noises with the xm5.
Are the xm4 more resistant?

I wanted to buy the latest model but now I don't know what to do anymore…",0,2024-11-27T17:38:35Z
Sony WH-1000XM5,comparison,Ugxwq4c_L5AoKubcmmF4AaABAg,BdvOuKTi3CE,Ugxwq4c_L5AoKubcmmF4AaABAg,False,@halilvahab,UC6d8JkoZ3FYiwTXR9wRdp3g,Same thing over and over next time make it short video and come to the point please,0,2024-11-24T16:56:28Z
Sony WH-1000XM5,comparison,Ugw6sDwJzfKRogVXLNZ4AaABAg,BdvOuKTi3CE,Ugw6sDwJzfKRogVXLNZ4AaABAg,False,@anorakfreak,UC1cYfhGzoBlvbwLO3LhjsRw,"Just picked up XM4s for €180.....the XM5s were €320.......that's a no brainer. XM4s are just great, and at that price, simply unbeatable!",0,2024-11-23T10:06:05Z
Sony WH-1000XM5,comparison,Ugy1TyHfCzo-vRzV7wx4AaABAg,BdvOuKTi3CE,Ugy1TyHfCzo-vRzV7wx4AaABAg,False,@RampartDistric213,UCsqWeuMU7J5so6pXhzL_FrA,"The xm5 are wack. The volume is low. The adjustable hinges are VERY cheap plastic. The xm4 are better built and the volume goes a bit higher. I miss the clicks on trying to fit on my head when using the xm5, the xm4 dont have that problem and they fold for traveling the xm5 can't fold 🙄.. Sure the xm5 are softer but the xm4 are not far off at all. 

Ive owned xm1, xm2, xm3, xm4, xm5 and the xm4 are so far the best made by sony. The noice cancelling is almost the same as the xm5s.",1,2024-11-22T21:32:18Z
Sony WH-1000XM5,comparison,Ugy1TyHfCzo-vRzV7wx4AaABAg.AB9_wLxxJ4NABM2aH5d7Hk,BdvOuKTi3CE,Ugy1TyHfCzo-vRzV7wx4AaABAg,True,@metalsound90,UCvXWMLtJvO5Wqe42kMCZINg,"I read that many users have a lot of problems, breakages and crackling noises with the xm5.
Are the xm4 more resistant?

I wanted to buy the latest model but now I don't know what to do anymore",0,2024-11-27T17:38:23Z
Sony WH-1000XM5,comparison,UgwyT9BfbDg-zsVHaGh4AaABAg,BdvOuKTi3CE,UgwyT9BfbDg-zsVHaGh4AaABAg,False,@judebautista5925,UCIozy2o51JDY_UWUDuGLjRA,Ijust like the design better of my xm5s,0,2024-11-16T17:23:34Z
Sony WH-1000XM5,comparison,UgyOayHekRU-mFe3Y4d4AaABAg,BdvOuKTi3CE,UgyOayHekRU-mFe3Y4d4AaABAg,False,@FluxStage,UCoDh2vQg2YPm4yi37FvkqZQ,"Puh, was wondering what should replace my xm3 but now 2 min in its clear xm4 is definetly for me! What a win!",0,2024-11-15T17:05:49Z
Sony WH-1000XM5,comparison,UgzPbMmTPlqDv4IVoIt4AaABAg,BdvOuKTi3CE,UgzPbMmTPlqDv4IVoIt4AaABAg,False,@cemetery76,UCRvA06SLzmHjcBMep3Hjwfg,I got the XM4 got extra ear pads for back up gonna have them a while,0,2024-11-15T09:11:50Z
Sony WH-1000XM5,comparison,Ugy2ycysIiZqBQnyPw54AaABAg,BdvOuKTi3CE,Ugy2ycysIiZqBQnyPw54AaABAg,False,@SourStrawberrys,UC1K5tu5jFAvq-v5IStTCOBg,There was literally no learning curve to fold up those headphones. It takes 2 seconds. You're reaching.,1,2024-11-15T03:01:26Z
Sony WH-1000XM5,comparison,Ugz6_tEhcZ6eA6fdk154AaABAg,BdvOuKTi3CE,Ugz6_tEhcZ6eA6fdk154AaABAg,False,@triceratobs3732,UCuFm7Z4abH4q_El93bdpDQg,"At the very least, Sony could have been smart enough to leave the empty space inside the back. Then it would even serve as an additional place to store small stuff like cabels or chargers and thus not take away any space at all!",1,2024-11-14T22:52:04Z
Sony WH-1000XM5,comparison,UgxyLbIS5KjjWC77Nfd4AaABAg,BdvOuKTi3CE,UgxyLbIS5KjjWC77Nfd4AaABAg,False,@MO-fg2cm,UC2bdzIh1f4eUacwBQxxYigA,xm5's are a bit more pricier than what i could spend for a pair of headphones,0,2024-11-13T17:20:06Z
Sony WH-1000XM5,comparison,UgwMkmnJIsjq7PKi3Md4AaABAg,BdvOuKTi3CE,UgwMkmnJIsjq7PKi3Md4AaABAg,False,@henryprune7153,UCZgzb9q-iMhjXucd8nZsJGw,"I need to put headphones in my coat pocket. I don't carry a bag, so deal breaker there. Xm4 for me.",0,2024-11-13T14:45:11Z
Sony WH-1000XM5,comparison,UgwMkmnJIsjq7PKi3Md4AaABAg.AAmgdUWvb3XAAmyR0hncUI,BdvOuKTi3CE,UgwMkmnJIsjq7PKi3Md4AaABAg,True,@MO-fg2cm,UC2bdzIh1f4eUacwBQxxYigA,I don't think you can fit xm4 in your coat pockets,0,2024-11-13T17:20:38Z
Sony WH-1000XM5,comparison,UgykyBtHMrU4PCm2LYZ4AaABAg,BdvOuKTi3CE,UgykyBtHMrU4PCm2LYZ4AaABAg,False,@linezgames3893,UCboqlb-1qVoDxbIq7ZIzW4g,"I had bose, sony, js, jvc etc... never beats nor skullcandy...
Had gone to eu for a month and my bose $400 just crapped out at the airport.
Went to the airport store and found these sennheiser $80 bt headphones that fold... 
Holy shit its crazy how less greedy this company is with the features, quality, quality for. 
Sony can be greedy asf but these are good. However........ not being foldable is a deal breaker for me",1,2024-11-08T01:04:42Z
Sony WH-1000XM5,comparison,UgxdCbEdQqT6PTUjghl4AaABAg,BdvOuKTi3CE,UgxdCbEdQqT6PTUjghl4AaABAg,False,@Masaru-g9m,UCLOoMdodPVvu-ACbdRA3pqw,"Hey, guys. I'm thinking about Sony headphones and can'tpick between 3-5 generations. What can you advice? Just i'm worried about aweath compatibility. Thanks!",0,2024-11-03T18:56:30Z
Sony WH-1000XM5,comparison,UgyQkWv8xxpcd5YF_Lp4AaABAg,BdvOuKTi3CE,UgyQkWv8xxpcd5YF_Lp4AaABAg,False,@harleypippenger3255,UCZoYwg32Xi1vZLfnOBEkHmA,I have neither so looks like I'm getting the XM5! Thank you!,0,2024-10-30T22:23:19Z
Sony WH-1000XM5,comparison,UgzQ8JDJSxg5QGTV_b54AaABAg,BdvOuKTi3CE,UgzQ8JDJSxg5QGTV_b54AaABAg,False,@clubcrasher5047,UCB5P9jgH1ui619cvnzQMwIA,"The XM5s are to quite/muted for me,i like my music,i like my loudness with my music, sometimes you have those days, not all the time, when you want your music to rock, you want to turn it up, the XM4s are loud when you need your music loud and pumping, the XM5s fail at that,to much refinement and not enough loudness,to quite for me",1,2024-10-20T13:00:41Z
Sony WH-1000XM5,comparison,Ugyc6v8E9kDeWlJ88gB4AaABAg,BdvOuKTi3CE,Ugyc6v8E9kDeWlJ88gB4AaABAg,False,@rushikeshbelkunde9533,UCdJhadl3pK6G-vGkwq885iQ,XM4 still worth it?,1,2024-10-14T14:17:31Z
Sony WH-1000XM5,comparison,Ugyc6v8E9kDeWlJ88gB4AaABAg.A9_OcbVHWEHAA2YDBu7S8N,BdvOuKTi3CE,Ugyc6v8E9kDeWlJ88gB4AaABAg,True,@Leveling94,UCX5b1opwz0mtvVyAZ-unr_g,Yes,0,2024-10-26T07:18:30Z
Sony WH-1000XM5,comparison,Ugy9N1lvb4XM8BKHbkZ4AaABAg,BdvOuKTi3CE,Ugy9N1lvb4XM8BKHbkZ4AaABAg,False,@AiMusicPuppy,UCKZqGdFKlVW165duLkpvsCQ,$129 bucks on amazon for the M4 ... hmm Value proposition at the moment are the m4,1,2024-10-07T12:51:32Z
Sony WH-1000XM5,comparison,Ugx92aVpbKqxPZNBszx4AaABAg,BdvOuKTi3CE,Ugx92aVpbKqxPZNBszx4AaABAg,False,@DoctorVadarWho,UCjjumySWkXdojNemxSurr4w,Just to let you know that the Sony Headphones app is now known as in the Apple App Store and the Google Play Store as Sony | Sound Connect,0,2024-10-02T07:45:40Z
Sony WH-1000XM5,comparison,UgwEVR3wBeLjJqUZ-_V4AaABAg,BdvOuKTi3CE,UgwEVR3wBeLjJqUZ-_V4AaABAg,False,@elbaza91,UCqydeOjqUhyN8Kz0bG3KFhg,I’ll stick with the X4,0,2024-10-01T09:40:09Z
Sony WH-1000XM5,comparison,UgyqB4D_1jQYL6jUwoV4AaABAg,BdvOuKTi3CE,UgyqB4D_1jQYL6jUwoV4AaABAg,False,@Mark-yq1zr,UCPzOOhe16gjpQHssc2TWWRA,I bought the XM5 for a 13 hour flight. I have the XM1s which I love and have worn for many hours. The padding on the headband on the XM5s felt thin and after 6 hours the top of my head hurt. Never had this before with any headphones. Disappointed as the sound quality and other improvements of XM5s is cancelled out by the discomfort of wearing them for long periods.,0,2024-09-11T08:56:48Z
Sony WH-1000XM5,comparison,UgxXdtr5goXXoMermwd4AaABAg,BdvOuKTi3CE,UgxXdtr5goXXoMermwd4AaABAg,False,@ljose007,UC9tUJjjBGY7b_-EuiF0ulaA,The XM4 looks nicer to me!,1,2024-09-08T12:07:07Z
Sony WH-1000XM5,comparison,UgwVbap1ylDPIRkjawx4AaABAg,BdvOuKTi3CE,UgwVbap1ylDPIRkjawx4AaABAg,False,@mariareinar,UCKU_W44bGrR1MBN2twYiNhQ,"4:04 According to the official specifications provided by Sony, the Sony WH-1000XM5 weigh 0.55 pounds (250 grams), while the Sony WH-1000XM4 weigh 0.56 pounds (254 grams). Are you telling me that you notice that difference??",27,2024-09-04T08:16:18Z
Sony WH-1000XM5,comparison,UgwVbap1ylDPIRkjawx4AaABAg.A7xkV2tAmX6AHGEsKlTLGy,BdvOuKTi3CE,UgwVbap1ylDPIRkjawx4AaABAg,True,@powerfulstorm611,UCaDfas6aH38yyTpGHsYju1g,From what im guessing the xm5’s are more well rounded in weight as compared to the xm4’s though i dont have the xm5’s i have the xm4’s and the middle part of the headset feels very light as in comparison to the speaker so im guessing those are the difference,0,2025-04-23T14:38:37Z
Sony WH-1000XM5,comparison,Ugy9e4xn5XRqfkMqHjh4AaABAg,BdvOuKTi3CE,Ugy9e4xn5XRqfkMqHjh4AaABAg,False,@ralphykinsishere,UCrEZLZ21zIMp59lbDh7uM3Q,if i hhave the xm4 for 4y should i upgrade,0,2024-08-29T15:05:49Z
Sony WH-1000XM5,comparison,Ugyt-Buh04JViE2hzYp4AaABAg,BdvOuKTi3CE,Ugyt-Buh04JViE2hzYp4AaABAg,False,@Wellnseddich,UCOH-x0hgClC5MTKMh47ia7A,Are the XM5 still the best noise cancelling headphones on the market in 2024?,0,2024-08-22T20:04:40Z
Sony WH-1000XM5,comparison,UgzDx7qMgIzrxa7NP7x4AaABAg,BdvOuKTi3CE,UgzDx7qMgIzrxa7NP7x4AaABAg,False,@allerossato,UCY-cpo9FBPy5teqACLtF8UA,"Hello! Do you think the ""Sony wh-1000xm5"" model is superior in terms of noise cancellation and bass quality even compared to Aidpods Max or Bose?",0,2024-08-18T05:03:37Z
Sony WH-1000XM5,comparison,Ugw3VWZTSPQp_D7ByCJ4AaABAg,BdvOuKTi3CE,Ugw3VWZTSPQp_D7ByCJ4AaABAg,False,@remotepinecone,UCsFVxVGTI5rAxcYHTO9MpEA,hate the app hate it hate it everything about it.,0,2024-08-18T01:01:39Z
Sony WH-1000XM5,comparison,UgzKnWmp0KsHFKRGtXh4AaABAg,BdvOuKTi3CE,UgzKnWmp0KsHFKRGtXh4AaABAg,False,@jamesanderson2891,UCgXIKecQvJfBjjZKz9kEuug,"I got xm5 a few days ago. My gf has xm4. To be honest, xm4 has better sound quality and ANC. I'm kind of regretting now....",1,2024-08-16T11:20:20Z
Sony WH-1000XM5,comparison,Ugz4kPx3fM0qT1ak0hR4AaABAg,BdvOuKTi3CE,Ugz4kPx3fM0qT1ak0hR4AaABAg,False,@dylangobel2923,UCxRK0M6ekyNNQZ6bVgSj84Q,I tested both and the xm4 are wayyyyyyy more comfortable and softer on the ears,0,2024-08-11T00:23:50Z
Sony WH-1000XM5,comparison,Ugz7XhYDSGmdV1Xm0Ed4AaABAg,BdvOuKTi3CE,Ugz7XhYDSGmdV1Xm0Ed4AaABAg,False,@anoniemw.222,UCGPuA1mpbVFouxNcMFxiGqQ,the fact that they are way less compact is the thing that makes me hesitate buying them,0,2024-08-10T20:56:11Z
Sony WH-1000XM5,comparison,Ugx4Lus7nAlb8J6qJLV4AaABAg,BdvOuKTi3CE,Ugx4Lus7nAlb8J6qJLV4AaABAg,False,@StuWNZ,UCEsKFZH1XZppXe2MEYDZTqw,Agree with the airline issue!  It's when it still has an ashtray that i worry!   I can't say the length of cable is an issue for me though.,0,2024-08-01T14:41:53Z
Sony WH-1000XM5,comparison,UgwCFEBpj13i-IdFqPR4AaABAg,BdvOuKTi3CE,UgwCFEBpj13i-IdFqPR4AaABAg,False,@mdrafiqul2898,UCMT51njX_2N-fs_79UKYNYQ,"I tested both models in the store and found that, in my opinion, the XM4 has better ANC than the XM5. However, I ultimately chose the XM5 simply because it's the newer model.",0,2024-07-31T19:12:30Z
Sony WH-1000XM5,comparison,UgwT5YygT4LwHZYue114AaABAg,BdvOuKTi3CE,UgwT5YygT4LwHZYue114AaABAg,False,@diegoeroquecrisantos3054,UC2I6xZ_JLjE3Mz4X0fSj2Bw,I got the soundcore life q 30 and i want to change It for the xm4 o xm5 It Is a good idea por i keep until xm6 came out?,0,2024-07-26T01:44:25Z
Sony WH-1000XM5,comparison,UgwN9swkjCBWhjCohMd4AaABAg,BdvOuKTi3CE,UgwN9swkjCBWhjCohMd4AaABAg,False,@newsmansuper2925,UCoeWLv6D9j2-2AJ8LuKlxxw,"is the XM5 as strong, look weak at the hinge joint",0,2024-07-25T22:19:37Z
Sony WH-1000XM5,comparison,UgxZAIVWmsSLSJbQoCt4AaABAg,BdvOuKTi3CE,UgxZAIVWmsSLSJbQoCt4AaABAg,False,@germanadolfoschaefer7702,UCqeB-GkWi9Twfu-d2xC4hTg,"Hola digital trends, en lo que a sonido de ultra bass y golpe duro se refiere cual de los 2 es mas conveniente? Soy German de Argentina",0,2024-07-19T19:02:12Z
Sony WH-1000XM5,comparison,UgzxzeENjq1zIf-tCvl4AaABAg,BdvOuKTi3CE,UgzxzeENjq1zIf-tCvl4AaABAg,False,@TraumaTeamRacing,UCnXP9qnRIZJVAZwOMNpHenw,What a fantastic comparison review. Thank you for this. Currently on the quest for a headphone upgrade.,0,2024-07-17T12:47:48Z
Sony WH-1000XM5,comparison,UgxLn049L_1J2nuhGcx4AaABAg,BdvOuKTi3CE,UgxLn049L_1J2nuhGcx4AaABAg,False,@paguetty,UCBFqSmd8IaQzCin5KPZvNAw,"Thanks for the review. So helpful.  By the way, the jacket is awesome. What's the brand?",0,2024-07-08T03:46:56Z
Sony WH-1000XM5,comparison,Ugw6oYY5eliU3rZlKEV4AaABAg,BdvOuKTi3CE,Ugw6oYY5eliU3rZlKEV4AaABAg,False,@ElliotBestie6,UCqk924VC44W6ilRNnUSDhoQ,5:38 PERIOD,0,2024-07-07T18:43:51Z
Sony WH-1000XM5,comparison,UgyvubuMYYV8Da4sfN94AaABAg,BdvOuKTi3CE,UgyvubuMYYV8Da4sfN94AaABAg,False,@Mooloch,UCnCYjmAgSSva-PuetdUbtsA,If the XM4 and 5 tops your headphone review chart I can't take you seriously. They aren't bad headphones but they aren't even close to the best available even in their own price bracket.,0,2024-06-30T00:22:58Z
Sony WH-1000XM5,comparison,UgyvubuMYYV8Da4sfN94AaABAg.A5HxopNcNIJA5SkDykVcue,BdvOuKTi3CE,UgyvubuMYYV8Da4sfN94AaABAg,True,@Creammm69,UCrZKAQIKtw3yMxanP_c9HGA,"share your top 6 for headphones in this price range, id like to look into them",2,2024-07-04T04:55:29Z
Sony WH-1000XM5,comparison,UgyQpXdXidT1yWUKXlZ4AaABAg,BdvOuKTi3CE,UgyQpXdXidT1yWUKXlZ4AaABAg,False,@thetopstig2010,UC5E3g25h843xWaObzOnerPw,Thank you. Got all the confirmation I need to keep the XM5. 👍,0,2024-06-28T02:03:21Z
Sony WH-1000XM5,comparison,UgxUgrIYQ5y82c8XDgl4AaABAg,BdvOuKTi3CE,UgxUgrIYQ5y82c8XDgl4AaABAg,False,@beeagey,UCgsz_A8pmvF1Nk6jt0yvXgQ,"I had a hard time last week deciding between the two, esp coz the XM5 comes in midnight blue. After reading many review sites and watching several YouTube tech videos... I finally went with the XM4.  Didn't get them in my fav color, but the matt black is just fine. They XM4 is SUPER GOOD!!!",0,2024-06-19T15:05:05Z
Sony WH-1000XM5,comparison,Ugw4gCHE9uybULkWdjx4AaABAg,BdvOuKTi3CE,Ugw4gCHE9uybULkWdjx4AaABAg,False,@antong3987,UCF8CpVIoKU8TBrs4QxEC-0w,"XM5 aren't a ""few extra bucks"" and you admit as much with your qualification of the ""better deal"".  Your reviews are to be ignored.",0,2024-06-18T18:03:36Z
Sony WH-1000XM5,comparison,UgxqDCZxaV3Jr8cVjLR4AaABAg,BdvOuKTi3CE,UgxqDCZxaV3Jr8cVjLR4AaABAg,False,@Vara91391,UCMxzhppiLL1ZQkAOelyCJYA,This review should be updated. Thousands of complaints of a design flaw that Sony declines to cover. It's a no-go.,0,2024-06-18T12:08:23Z
Sony WH-1000XM5,comparison,UgwmgJ6HGgDJzjTpJzt4AaABAg,BdvOuKTi3CE,UgwmgJ6HGgDJzjTpJzt4AaABAg,False,@joserafa03,UC8HAp5CqatSXb8hVqQJP9rQ,I do not understand why you people making videos always ask from us to like and subscribe to your channel at the very beginning of the video.....?  It does mot make any sense because there is no way anybody will like or subscribe to your channel without knowing or watching what are you going to say and do !,1,2024-06-17T23:03:01Z
Sony WH-1000XM5,comparison,UgxQS2Bu_PBT2wFvYz94AaABAg,BdvOuKTi3CE,UgxQS2Bu_PBT2wFvYz94AaABAg,False,@Bornno.1,UChrpExxUXn1pLxpCKIZSKng,Skull candy’s crusher evos sound way better,0,2024-06-16T03:20:46Z
Sony WH-1000XM5,comparison,UgxIgN2r2sCXLzm-N1p4AaABAg,BdvOuKTi3CE,UgxIgN2r2sCXLzm-N1p4AaABAg,False,@jeromereyes584,UCREDwxULlp9sD-nLjgKNj6A,XM3 and XM4 > XM5,0,2024-06-14T22:19:14Z
Sony WH-1000XM5,comparison,UgwkCOxFGrlVfqT9Aud4AaABAg,BdvOuKTi3CE,UgwkCOxFGrlVfqT9Aud4AaABAg,False,@FACOSF,UC1ttieMpKUIbz-61aRx5qGg,Thanks for the review,0,2024-06-10T06:28:10Z
Sony WH-1000XM5,comparison,UgwWGxwqSEanmz33Voh4AaABAg,BdvOuKTi3CE,UgwWGxwqSEanmz33Voh4AaABAg,False,@RellupNorth,UC-KccU058Cpj3xFDzRjmYpA,Nah he’s bugging. XM4s all day,1,2024-06-07T03:01:31Z
Sony WH-1000XM5,comparison,UgykLC1JQk8TslIyjvl4AaABAg,BdvOuKTi3CE,UgykLC1JQk8TslIyjvl4AaABAg,False,@bridgermwale9337,UCRPS8ajra6X8EV8pPeGLQxA,Thank you!!!,0,2024-06-04T17:52:06Z
Sony WH-1000XM5,comparison,UgymehvbM0khtmj2GDB4AaABAg,BdvOuKTi3CE,UgymehvbM0khtmj2GDB4AaABAg,False,@CocoKoi321,UCa2uqKpLehpzIzCuS1la2xg,"Xm5 sucks 

3mm drivers",0,2024-05-28T01:14:25Z
Sony WH-1000XM5,comparison,UgwVzaeVecqCmn8XqhN4AaABAg,BdvOuKTi3CE,UgwVzaeVecqCmn8XqhN4AaABAg,False,@MothproofKT,UCqNzSvQN2_dXGO2ILsoKvgw,"I bought my XM5 at the end of March. By the beginning of May they stopped working. They say they’re fully charged, 5 seconds later they say they’re low on battery, but will not charge. I’ve reset and hard reset. It’s a physical battery issue. And I spent almost £300 for the privilege 🤦🏼‍♀️ 

Gone back to XM4 whilst they get sent off for repair. 🙄
The headband also feels far more secure on the XM4s. 

I had so many issues with the XM3s. Sony replaced 4 pairs. Yes 4. Because they kept experiencing battery issues. 

So I was so worried spending more money with Sony headsets but the noise cancelling is something I can’t do without. And my worries were confirmed, even thought there was a 2 generation gap between the XM3s and XM5s 🙄",0,2024-05-16T19:36:30Z
Sony WH-1000XM5,comparison,Ugw0SYcUREVuVZBdSIt4AaABAg,BdvOuKTi3CE,Ugw0SYcUREVuVZBdSIt4AaABAg,False,@clkvlk,UCrNaheH3iDJgxBd7kkXlYgw,Buy buy buy.. that's what you are for in a consumerist society.,0,2024-05-15T12:37:44Z
Sony WH-1000XM5,comparison,Ugw0SYcUREVuVZBdSIt4AaABAg.A3SpNr_FsRkA3ZPqsknebz,BdvOuKTi3CE,Ugw0SYcUREVuVZBdSIt4AaABAg,True,@Blakholet,UCEmq_gYGQk5BtZnWNWws2jA,pretentious,0,2024-05-18T02:00:36Z
Sony WH-1000XM5,comparison,Ugy9dKBZTCX36MIeNWZ4AaABAg,BdvOuKTi3CE,Ugy9dKBZTCX36MIeNWZ4AaABAg,False,@666ofdoom,UCNUTTwTrTcflsVJZzJuaKHg,XM5 to big,0,2024-04-09T22:12:56Z
Sony WH-1000XM5,comparison,UgzsEKk_58G3e61aH-V4AaABAg,BdvOuKTi3CE,UgzsEKk_58G3e61aH-V4AaABAg,False,@subashreearavindkumar,UCVNFjxDK68BAtXm_RB5Erdw,Is the earpad size is same for both xm5 and xm4,0,2024-04-08T20:35:25Z
Sony WH-1000XM5,comparison,UgzqgnroQHgZExIAlzZ4AaABAg,BdvOuKTi3CE,UgzqgnroQHgZExIAlzZ4AaABAg,False,@TheSilvestreG,UCTgrHupjHmhxGxpjVmuB8XA,The m5 have a huge cup,0,2024-04-01T17:40:30Z
Sony WH-1000XM5,comparison,UgxT_lgX0SSo6XY0Zmt4AaABAg,BdvOuKTi3CE,UgxT_lgX0SSo6XY0Zmt4AaABAg,False,@SoulOfJustice1994,UCmXzmesuABcsX_R2OfZUamQ,"I like that the XM5 isn't collapsible.  It means it is sturdy and will last longer. 😊

I love the XM4 and had one since 2020, but it unfortunately broke recently, right on the collapsible part.  This video helped me decide if I should get another one or upgrade.",2,2024-03-25T05:47:54Z
Sony WH-1000XM5,comparison,UgxT_lgX0SSo6XY0Zmt4AaABAg.A1OlMpEhp5_A4T27ED79rT,BdvOuKTi3CE,UgxT_lgX0SSo6XY0Zmt4AaABAg,True,@jjets489,UCiWTDA3Hqj1iJPmNrnxIs2A,How was your experience with the XM4? do they feel durable ?,0,2024-06-09T11:09:12Z
Sony WH-1000XM5,comparison,UgxT_lgX0SSo6XY0Zmt4AaABAg.A1OlMpEhp5_A4T6q4UKE6m,BdvOuKTi3CE,UgxT_lgX0SSo6XY0Zmt4AaABAg,True,@SoulOfJustice1994,UCmXzmesuABcsX_R2OfZUamQ,"@@jjets489 - My XM4 lasted nearly four years.  They were more durable than they seemed, and the sound quality was better than any set of headphones I had before them.  They were the most comfortable headphones I had ever used as well.  Lastly, I never had it run out of battery on me mid-movie or something.",1,2024-06-09T11:51:29Z
Sony WH-1000XM5,comparison,UgxT_lgX0SSo6XY0Zmt4AaABAg.A1OlMpEhp5_A4TBHOqzI2z,BdvOuKTi3CE,UgxT_lgX0SSo6XY0Zmt4AaABAg,True,@jjets489,UCiWTDA3Hqj1iJPmNrnxIs2A,@@SoulOfJustice1994 Thank you!,0,2024-06-09T12:29:14Z
Sony WH-1000XM5,comparison,UgxnbapUoc7XbTGYUdZ4AaABAg,BdvOuKTi3CE,UgxnbapUoc7XbTGYUdZ4AaABAg,False,@Luckyme33333,UCW1_-2dbkFFNx6mNjyQu0kQ,VERY BIAS review. No live mic test or sound test all based on personal preference. Was this sponsored by sony?,0,2024-03-20T17:45:25Z
Sony WH-1000XM5,unboxing,UgycVG0Ld3QxgVxwZFx4AaABAg,D8wG67oko7E,UgycVG0Ld3QxgVxwZFx4AaABAg,False,@quincee3376,UCf_1cgOkLshNymRIUL6s0Pg,Mine keep automatically turning off.  How do I fix that?  Please .... It just turns off while I'm listening to music. It makes a noise then stops playing.,0,2025-04-06T17:40:22Z
Sony WH-1000XM5,unboxing,Ugw-7sZGykZFOhalqqJ4AaABAg,D8wG67oko7E,Ugw-7sZGykZFOhalqqJ4AaABAg,False,@JohnBoyJoy,UCRZUFkbBoHkiOhcOKiutHCQ,So how was this an unboxing..   didn't even go over all the things it came with...is the 3.5mm cable gold plated?,0,2025-03-13T17:22:14Z
Sony WH-1000XM5,unboxing,UgwWdwMM0Kom8_u-1v14AaABAg,D8wG67oko7E,UgwWdwMM0Kom8_u-1v14AaABAg,False,@Mexgotmotion,UC0E485w8mKHfv4ygc80INww,Ts dude is JACKED,0,2025-02-28T18:03:56Z
Sony WH-1000XM5,unboxing,UgxBv37qaD77PMWZ5dp4AaABAg,D8wG67oko7E,UgxBv37qaD77PMWZ5dp4AaABAg,False,@NukeAbility1981,UCpVld3Iu3D3HNUZpmZpqqLg,The best colour of the WH-1000XM5 is midnight blue.,0,2025-01-23T23:15:08Z
Sony WH-1000XM5,unboxing,Ugw3bupb0q_bmXkRqTZ4AaABAg,D8wG67oko7E,Ugw3bupb0q_bmXkRqTZ4AaABAg,False,@theycallmebraxy2.028,UCXR_0o2rBS8oDMe0cHEwe2g,I just bought sony ultra and it’s broken not even in 1 month used should i just buy xm5 instead??? Please answer someone😭😭,0,2024-10-27T03:11:53Z
Sony WH-1000XM5,unboxing,Ugw3bupb0q_bmXkRqTZ4AaABAg.AA4fmj1d1PmACVhictRUKb,D8wG67oko7E,Ugw3bupb0q_bmXkRqTZ4AaABAg,True,@Mrw_01,UCuh3YZqy8KVPGJf-wPFDl2A,take the xm4 i'v the xm5 nc is bad,1,2024-12-26T08:11:05Z
Sony WH-1000XM5,unboxing,UgxFfWh3Yv6N_fLUJGR4AaABAg,D8wG67oko7E,UgxFfWh3Yv6N_fLUJGR4AaABAg,False,@BigALdeek,UC454hX7lQUNvZIyUDRDpzbQ,Got these at a steal. I had the XM2 😅,0,2024-10-12T03:30:36Z
Sony WH-1000XM5,unboxing,Ugz8fE7Cth3wg26P5nB4AaABAg,D8wG67oko7E,Ugz8fE7Cth3wg26P5nB4AaABAg,False,@Abbyravenclaw92,UCq4W8hkKotSFEupMYQHEboQ,"I have watched so many videos on these headphones and how amazing the noise cancelation is
It isn't!! I still can hear everything around me with the noise cancelation on 
Makes me wonder if i have a super hearing sense",0,2024-09-10T22:26:40Z
Sony WH-1000XM5,unboxing,Ugz8fE7Cth3wg26P5nB4AaABAg.A8Di_UfNNu-A8h-Rbk94PG,D8wG67oko7E,Ugz8fE7Cth3wg26P5nB4AaABAg,True,@hcastro35,UCc16rcMJAya8QsEk1aDxEbQ,You must listen to music very quietly I guess,0,2024-09-22T16:39:57Z
Sony WH-1000XM5,unboxing,Ugz8fE7Cth3wg26P5nB4AaABAg.A8Di_UfNNu-ACVh1zxsF6C,D8wG67oko7E,Ugz8fE7Cth3wg26P5nB4AaABAg,True,@Mrw_01,UCuh3YZqy8KVPGJf-wPFDl2A,"same for me, I am very disappointed, I will see if I can return them I will take the airpods max",0,2024-12-26T08:05:07Z
Sony WH-1000XM5,unboxing,UgwzcMKn484MwvNUmEl4AaABAg,D8wG67oko7E,UgwzcMKn484MwvNUmEl4AaABAg,False,@dhrtiwalter8670,UCylRVV7amnmb09p0wAMYTsA,What comes with them?,0,2024-08-30T04:15:21Z
Sony WH-1000XM5,unboxing,Ugw1Key6qRBBDGc8TZp4AaABAg,D8wG67oko7E,Ugw1Key6qRBBDGc8TZp4AaABAg,False,@user-fi6rj6sv2k,UCcc7n9fzRPk72RdyItQ1O_w,Unboxing where? Wasted my time,0,2024-08-07T17:29:43Z
Sony WH-1000XM5,unboxing,UgyeDC_gBtf8dEjh1WZ4AaABAg,D8wG67oko7E,UgyeDC_gBtf8dEjh1WZ4AaABAg,False,@jjbast,UCns6BQgZ2nnXp7WzBxhx9WA,I've have seen channels testing the sound and microphone... This is just opinion and footage of yourself wearing it. A bit mediocre.,1,2024-07-14T15:19:26Z
Sony WH-1000XM5,unboxing,UgyJf_aKCXGKDoBPCXB4AaABAg,D8wG67oko7E,UgyJf_aKCXGKDoBPCXB4AaABAg,False,@RoleyWheelz,UCGAzCNLMQKpu_M05x0MSReg,Hey I have a question I am trying to get more muscle and shoulders for basketball do you know any good chest and shoulder workouts for gains,0,2024-07-07T14:52:59Z
Sony WH-1000XM5,unboxing,UgxO-w35Qtn4Ghj_GC94AaABAg,D8wG67oko7E,UgxO-w35Qtn4Ghj_GC94AaABAg,False,@sidharthbanga,UCVCT9LmKYCXasrJcHecRX0g,charger comes with this or not ?,0,2024-06-25T19:34:29Z
Sony WH-1000XM5,unboxing,UgwjbpuFvXkaoOXy53F4AaABAg,D8wG67oko7E,UgwjbpuFvXkaoOXy53F4AaABAg,False,@Moses023,UCtf0sCyJT9SigBTtxNXosKg,In the middle you have a poket,0,2024-06-13T22:15:12Z
Sony WH-1000XM5,unboxing,UgwaHRKpdjNoX7GWLzl4AaABAg,D8wG67oko7E,UgwaHRKpdjNoX7GWLzl4AaABAg,False,@sandeepsinghsandhu8418,UC8-q1V194wpcCNpfeh_32Sg,I have wh 1000 xm5s amd i have also used airpods max and i can definitely say i don't regret my decision. These are my best 500 dollars investment.,0,2024-05-25T04:49:28Z
Sony WH-1000XM5,unboxing,UgyaLLtVvM9u0UMw11h4AaABAg,D8wG67oko7E,UgyaLLtVvM9u0UMw11h4AaABAg,False,@dontlookup1337,UCjXQYc551bYU6SbfKZi2pGQ,I love my QC45!!,0,2024-04-18T05:29:16Z
Sony WH-1000XM5,unboxing,Ugyf19cQkeyPNvzIeJx4AaABAg,D8wG67oko7E,Ugyf19cQkeyPNvzIeJx4AaABAg,False,@irvingarcia2294,UCGorUWqQN641TY1ZkXHHDjw,Love mines they sound amazing and comfortable asf,0,2024-04-06T11:13:56Z
Sony WH-1000XM5,unboxing,UgwWkMi38YkKVBwe-nh4AaABAg,D8wG67oko7E,UgwWkMi38YkKVBwe-nh4AaABAg,False,@JackMark1993,UCAOArjftVKqz4yQRnI88RzA,does anyone know of the aux cord powers the headphones?,0,2024-04-06T00:14:51Z
Sony WH-1000XM5,unboxing,UgwxQ-O5_S4PtMYwOIJ4AaABAg,D8wG67oko7E,UgwxQ-O5_S4PtMYwOIJ4AaABAg,False,@kelvins.7817,UComgNecIIJ_-20W1CU4Wk0Q,NORA!!!!,0,2024-03-15T13:04:35Z
Sony WH-1000XM5,unboxing,UgxdrPCsO0qIxUUrpdt4AaABAg,D8wG67oko7E,UgxdrPCsO0qIxUUrpdt4AaABAg,False,@RyanJi-p2c,UCd8fghoYPivXh9taEav6kxg,"I have a great experience with Sony XM5. Sound irrelevant, I like the grey shirt. where you got it?",0,2024-02-25T22:40:03Z
Sony WH-1000XM5,unboxing,UgzWup7VCdZdpaQaTbZ4AaABAg,D8wG67oko7E,UgzWup7VCdZdpaQaTbZ4AaABAg,False,@Zukouis,UCNGj_Mv-6Q17T1r1Rv735pQ,In my country the Sony XM5s are 250 usd only instead of 400,0,2024-02-10T13:21:48Z
Sony WH-1000XM5,unboxing,Ugxhf-ZwCh7qvoISXW14AaABAg,D8wG67oko7E,Ugxhf-ZwCh7qvoISXW14AaABAg,False,@CthRage8946,UCBNwWwuj7SPuwkqyyp0dP2Q,"I have the three XB910N, XM4, and the 5's. Definetly I'd pick up XM4 and 4. 5 have the best NC ever, but the former have better design and head band.",0,2024-02-08T20:08:26Z
Sony WH-1000XM5,unboxing,Ugyevudc3Vk9094DH7F4AaABAg,D8wG67oko7E,Ugyevudc3Vk9094DH7F4AaABAg,False,@MyLearningai,UCWRhn1hSPNuWTHw6MqGEUZQ,"Help me out., please. 

I bought a brand new WH-1000XM5 (black) and I downloaded the APPs Sony recommends getting. The Official Sony Headphones Connect App keeps crashing each time I got Bluetooth on, and Headphones being connected. When I turn off the Bluetooth on my iPhone (disconnect) the app does not crash.  I got iPhone XS MAX (iOS 17.1.2) 

I googled it and it seems there are dozens of other people with the same problem. And this may happen with XM4 models as well. This is not iPhone issue for 100% but App problem. 

It is worth mentioning that without this APP I cannot use the headphones with comfort. I can neither update the firmware nor change any settings.",0,2023-12-29T15:13:53Z
Sony WH-1000XM5,unboxing,UgyWxyAEn6kXyFmojxh4AaABAg,D8wG67oko7E,UgyWxyAEn6kXyFmojxh4AaABAg,False,@pharrellkymanii1354,UCkT-sCTl3WB6fFkeNB9upaA,Bro is so jacked wtf😂,0,2023-12-28T11:47:59Z
Sony WH-1000XM5,unboxing,UgwBtqG8cdTrT3FH22x4AaABAg,D8wG67oko7E,UgwBtqG8cdTrT3FH22x4AaABAg,False,@cdntrooper3078,UCgiRXVwsi3orErMfeaA6VBA,Why do people love the folding feature of headphones so much the only time I would fold my old headphones was to stick it in the case. If you’re travelling you aren’t carrying the case in your hand you have it in bag so case size doesn’t matter,43,2023-12-27T05:59:40Z
Sony WH-1000XM5,unboxing,UgwBtqG8cdTrT3FH22x4AaABAg.9yocXjPO9ByA9U5207evnN,D8wG67oko7E,UgwBtqG8cdTrT3FH22x4AaABAg,True,@BigALdeek,UC454hX7lQUNvZIyUDRDpzbQ,I don’t care for the folding stuff it’s cool but whatever,2,2024-10-12T03:30:55Z
Sony WH-1000XM5,unboxing,UgxKS9xCqOH5r0ofmn94AaABAg,D8wG67oko7E,UgxKS9xCqOH5r0ofmn94AaABAg,False,@Tremonti4ever,UCL57WLKA7B-ipFwy_WooUrA,How is she….i mean “he” going to hear his BOYFRIEND yelling at him with those on?,1,2023-12-07T03:23:55Z
Sony WH-1000XM5,unboxing,UgxLiyAHSt6dhz_Lg_J4AaABAg,D8wG67oko7E,UgxLiyAHSt6dhz_Lg_J4AaABAg,False,@cagatayseri,UCU9KX8KFPc-A7GDKLMErq2Q,Just bought a pair of midnight blue and so happy with them.,0,2023-11-30T10:26:41Z
Sony WH-1000XM5,unboxing,Ugy7rsYNB4FJtTJCO-14AaABAg,D8wG67oko7E,Ugy7rsYNB4FJtTJCO-14AaABAg,False,@Nala_1230,UCxhYbr9ItzMRaAyjMv6DMUg,xm5 cups are not stuck in place though they are very much removeable not like airpod but very removable with a pull.,2,2023-11-15T05:00:23Z
Sony WH-1000XM5,unboxing,Ugxk9ztGZgoRws5YNEN4AaABAg,D8wG67oko7E,Ugxk9ztGZgoRws5YNEN4AaABAg,False,@Quarkburger,UCYkmv1BDJX8Wqe-Qgm9ZFRg,A minute and a half into the video and I still haven't heard anything about the audio quality. Looking elsewhere...,1,2023-11-13T19:27:44Z
Sony WH-1000XM5,unboxing,UgzbBSIJZPuj53qFx1t4AaABAg,D8wG67oko7E,UgzbBSIJZPuj53qFx1t4AaABAg,False,@artside2911,UCCLnV5dUcq12PCDurqcSpfQ,Can you give me that 😅,1,2023-10-31T15:45:18Z
Sony WH-1000XM5,unboxing,UgzbBSIJZPuj53qFx1t4AaABAg.9wXuF8LlEpM9wXuGhNtELa,D8wG67oko7E,UgzbBSIJZPuj53qFx1t4AaABAg,True,@artside2911,UCCLnV5dUcq12PCDurqcSpfQ,Plzzzzz,1,2023-10-31T15:45:30Z
Sony WH-1000XM5,unboxing,UgzdePxXBWkZUMpGsqd4AaABAg,D8wG67oko7E,UgzdePxXBWkZUMpGsqd4AaABAg,False,@rhl2macwan,UCrUrzDo6qCOOjv8EdbAeFsg,I like it but it doesn’t satisfy me with the volume part my qc45 are better in volume but these are a bit better in noise cancelling and sound quality I just wished they would’ve kept the 40mm speakers in it,0,2023-10-27T20:08:44Z
Sony WH-1000XM5,unboxing,Ugyu-qy4PK_S-yeARf94AaABAg,D8wG67oko7E,Ugyu-qy4PK_S-yeARf94AaABAg,False,@jamesmacpherson6736,UC9aGqmAXY0_UwCOBJGK64tQ,go to wicked cushion to replace the ear cushions,1,2023-10-22T20:54:16Z
Sony WH-1000XM5,unboxing,UgzloC6NAICtkJ1bdhl4AaABAg,D8wG67oko7E,UgzloC6NAICtkJ1bdhl4AaABAg,False,@daddygrace253,UCb-zeNH-GPM7hTdkdrUBLwQ,"Nice video; however, do you use the M5's to watch a 4K Smart Television with these headphones. I purchased the M4's last year after I was informed they were on sale Black Friday 2022 at Best Buy for 2022. I purchased a 2022 Samsung OLED 55 inch S95B Smart TV last year and I purchased the Sony M4's to watch HBO, MAX, Showtime, Starz, MGM+, Netflix, Amazon Prime, Tubi TV, and Pluto TV. The sound is awesome. I am hoping this Black Friday 2023, the M5's will be on sale at Best Buy for at least $100 off. Today Amazon Prime is having a Prime Sale from it's members 10/10/23. Amazon Prime have the M5's refurbished on sale today for $299.99. I don't want any refurbished Sony M5's. I want them brand new. 😢 😭",0,2023-10-10T07:16:37Z
Sony WH-1000XM5,unboxing,UgzrH33JPKJpuGUMU6R4AaABAg,D8wG67oko7E,UgzrH33JPKJpuGUMU6R4AaABAg,False,@undeadson8119,UCruJB2sBwhOsz5A14WrLeSA,"So the AirPods Max’s have better material, better sound, better everything and they’re still overpriced? That sounds pretty ridiculous! The difference is 150$, that’s what you pay for the better “everything “. Sounds pretty good to me.",0,2023-10-05T10:29:53Z
Sony WH-1000XM5,unboxing,UgzdknXAkPSL3GmNk0V4AaABAg,D8wG67oko7E,UgzdknXAkPSL3GmNk0V4AaABAg,False,@GamingChannel-cb6ob,UCSvEoni7QPBlmlfdGBrdsmg,Does this headphone completely isolates a gunfire noises near you cuz im planning to buy if this headphone can isolate that kind of noise?,0,2023-10-02T10:55:42Z
Sony WH-1000XM5,unboxing,UgzTDZkH2ZmhnS_balx4AaABAg,D8wG67oko7E,UgzTDZkH2ZmhnS_balx4AaABAg,False,@DamianNocun,UCj-x7vJ0AtSNoelROhjxlSQ,This Star Destroyer behind is amazing :),5,2023-09-23T09:52:17Z
Sony WH-1000XM5,unboxing,UgzTDZkH2ZmhnS_balx4AaABAg.9v-QaP9Pi4yACgFpKwZgwS,D8wG67oko7E,UgzTDZkH2ZmhnS_balx4AaABAg,True,@ThoughtOuter,UCLrTfSh7eZek-_dn15egeAQ,I literally just said this as im watching to myself lol,1,2024-12-30T19:49:28Z
Sony WH-1000XM5,unboxing,UgwJhKbmm5Asu9KGmN54AaABAg,D8wG67oko7E,UgwJhKbmm5Asu9KGmN54AaABAg,False,@NightGuardian95,UC5tT3P9BO9djHyzwCtZ2Z9g,Can I use these while playing PS5?,1,2023-09-22T16:39:40Z
Sony WH-1000XM5,unboxing,UgwJhKbmm5Asu9KGmN54AaABAg.9uy_TIEa6tS9vxMpR5ehuy,D8wG67oko7E,UgwJhKbmm5Asu9KGmN54AaABAg,True,@AndrewSmith00000007,UCFP945adnccLo7mKUWJdqww,"You can plug into your controller. If you want bluetooth connection, you will need a dongle.",1,2023-10-17T01:52:39Z
Sony WH-1000XM5,unboxing,UgzMKveb8pNRRF3_7nh4AaABAg,D8wG67oko7E,UgzMKveb8pNRRF3_7nh4AaABAg,False,@2507gs,UCJNuzZccjiVKdSbKZEI6tiQ,You can totally replace the earcups for $20 LOL,0,2023-09-09T19:46:45Z
Sony WH-1000XM5,unboxing,Ugxby7395O9l1TJ8VlN4AaABAg,D8wG67oko7E,Ugxby7395O9l1TJ8VlN4AaABAg,False,@rishitasondager5872,UC2Ryp4a0F9JEcR5MseQZEbg,I JUST GOT THEM AND THEYRE A BANGER,2,2023-09-03T12:22:08Z
Sony WH-1000XM5,unboxing,UgwJ3ecgJyuMaslIWfB4AaABAg,D8wG67oko7E,UgwJ3ecgJyuMaslIWfB4AaABAg,False,@aaronmoreno4545,UCX7Wk1Bs4XApn8nYDQGayUQ,Thanks for the reviews!,0,2023-08-27T02:39:14Z
Sony WH-1000XM5,unboxing,Ugz_yR2_TCjRBz8rzNV4AaABAg,D8wG67oko7E,Ugz_yR2_TCjRBz8rzNV4AaABAg,False,@Uglygod6000,UCvW4J0kQiYHac9c02p4uhxg,Just bought a pair of these and hope they work as u say they do. i work over nights and NEED to listen to music and my ears start to hurt after a few hours wearing my airpods pro. i also love that u say the mic quality for calls is good because when i call people on my AirPod’s they always say im muffled or they cant hear me to i have to change to wired headphones which doesnt help me when i am working. i am a over night staking associate so having wired headphones are always in the way or getting tugged in,0,2023-08-18T11:33:52Z
Sony WH-1000XM5,unboxing,UgyMPvIB_9YMgSV6M2F4AaABAg,D8wG67oko7E,UgyMPvIB_9YMgSV6M2F4AaABAg,False,@jordanwescott6849,UC7eStWbYPh1ZNUcDO5B9W1w,The ear pads are changeable,0,2023-07-16T19:34:04Z
Sony WH-1000XM5,unboxing,UgyXY9vTFGwBbsve8op4AaABAg,D8wG67oko7E,UgyXY9vTFGwBbsve8op4AaABAg,False,@RBlizz,UCM0KV5oWxZS4BD0jqjkAnWg,"Hey, do you think the XM4’s would fit neatly in that case?",0,2023-07-13T21:55:27Z
Sony WH-1000XM5,unboxing,UgxIlIdHCBKHdIiSxV54AaABAg,D8wG67oko7E,UgxIlIdHCBKHdIiSxV54AaABAg,False,@Gab-mf6xq,UCQVHn-TWnNvkW7RPUYgiFuA,Does not know how to do an unboxing.,0,2023-06-28T22:45:49Z
Sony WH-1000XM5,unboxing,Ugz13u3tiKANnt75jvV4AaABAg,D8wG67oko7E,Ugz13u3tiKANnt75jvV4AaABAg,False,@nhaan4178,UCNtbxww8L9KyBU-0QCoOLYw,I'm looking forward to upgrade my XM3 so I'm probably not going for the XM4 (it looks very much the same),0,2023-06-26T14:49:20Z
Sony WH-1000XM5,unboxing,UgygnqMJTaWcfLA9opx4AaABAg,D8wG67oko7E,UgygnqMJTaWcfLA9opx4AaABAg,False,@TheKing-en9yo,UCKMn1-zTXFEaDokWUaCPwIA,So if we dont care about money in buying these two. Which would be the more recommended? ( Dont care about the mic when i often chat more then calling ) Or more like how mutch better anc and audio is it and how big difference it actually is. I often dont really find that answer in these kinds of reviewe/compare videos. And in the standpoint right now i need to decide between a pair of xm4 for 250$ and xm5 for 319$.,0,2023-06-22T21:58:03Z
Sony WH-1000XM5,unboxing,UgygnqMJTaWcfLA9opx4AaABAg.9rHFlgJokgN9tnztM_bFts,D8wG67oko7E,UgygnqMJTaWcfLA9opx4AaABAg,True,@giorgitabatadze78,UCYXbkoPXTp_a7b5l4njNh-g,I have xm5 but I suggest you to buy xm4,0,2023-08-24T17:27:30Z
Sony WH-1000XM5,unboxing,UgygnqMJTaWcfLA9opx4AaABAg.9rHFlgJokgN9whWlggI5-P,D8wG67oko7E,UgygnqMJTaWcfLA9opx4AaABAg,True,@asyrafdanish8131,UCOsRdzV3b3LYZJgfrIvkY6g,Xm4 is bettwr,0,2023-11-04T18:43:04Z
Sony WH-1000XM5,unboxing,UgwMu6HiN9rLZ-ihHJJ4AaABAg,D8wG67oko7E,UgwMu6HiN9rLZ-ihHJJ4AaABAg,False,@axlcrush,UCimIn5sKTEe15zK2VyQL39A,Can you charge it while using it?  By the way good review and nice smile throughout the video.,0,2023-06-16T07:34:20Z
Sony WH-1000XM5,unboxing,Ugyh-2Lr-qhTXtqdWFt4AaABAg,D8wG67oko7E,Ugyh-2Lr-qhTXtqdWFt4AaABAg,False,@sti7van,UC3Z1nDMLGrmxIsrDgTNxTOg,"would you come to Rome One day? a fan of you from Iraq , based in Italy. 🌹🍃",0,2023-06-13T00:54:11Z
Sony WH-1000XM5,unboxing,UgyFBLR5VfNpZ3GiTGN4AaABAg,D8wG67oko7E,UgyFBLR5VfNpZ3GiTGN4AaABAg,False,@mr.awesome7817,UCk0J7jA-TZyaURo59O_xVgQ,I just ordered mine today! They're coming tomorrow I'm really excited,1,2023-04-28T20:37:54Z
Sony WH-1000XM5,unboxing,UgyFBLR5VfNpZ3GiTGN4AaABAg.9p3UsVhn7yD9qHL9WuyQCq,D8wG67oko7E,UgyFBLR5VfNpZ3GiTGN4AaABAg,True,@hadesmc5246,UCxr0XSTzhCP2GijFBqITenw,How are they?,0,2023-05-29T02:13:44Z
Sony WH-1000XM5,unboxing,UgyFBLR5VfNpZ3GiTGN4AaABAg.9p3UsVhn7yD9qHjeiaKd9m,D8wG67oko7E,UgyFBLR5VfNpZ3GiTGN4AaABAg,True,@mr.awesome7817,UCk0J7jA-TZyaURo59O_xVgQ,@@hadesmc5246 they're great battery life is exceptional sound is a bit soft and muffled but if you prefer it like how it is on xm4 you could adjust eq settings I have a good one I found online but I don't really use it cuz I prefer the default eq settings and the noise cancelation is also very good,0,2023-05-29T05:58:41Z
Sony WH-1000XM5,unboxing,UgzOqm_oIj0FuKW6F014AaABAg,D8wG67oko7E,UgzOqm_oIj0FuKW6F014AaABAg,False,@svfutbol20,UCqWItN5gpUD3l22AkL7PGmg,Planet Ocean? Very sharp,0,2023-04-13T13:39:52Z
Sony WH-1000XM5,unboxing,UgxP6b31iBdAoYB0Hbd4AaABAg,D8wG67oko7E,UgxP6b31iBdAoYB0Hbd4AaABAg,False,@Blue_Phire,UCsjkCiC3viFlPQvQWg2J_DQ,How does it compare with the Bose 700?,0,2023-04-12T20:42:18Z
Sony WH-1000XM5,unboxing,Ugxfw672_dgsLfFTEwt4AaABAg,D8wG67oko7E,Ugxfw672_dgsLfFTEwt4AaABAg,False,@Oyvind88,UCEdQCCzY7OK-nNRWNXhOYzw,Love my XM3 and still use them today😎,0,2023-03-22T01:13:01Z
Sony WH-1000XM5,unboxing,Ugzg2Im6fBaJ4d_RzYp4AaABAg,D8wG67oko7E,Ugzg2Im6fBaJ4d_RzYp4AaABAg,False,@thiagocatao4805,UC8wOUnu0uUw8XtYkXkrQvwg,"Where is you backpack from? Looks nice, I liked!",0,2023-02-21T04:12:02Z
Sony WH-1000XM5,unboxing,Ugz2LYRQYigTxX9gAUF4AaABAg,D8wG67oko7E,Ugz2LYRQYigTxX9gAUF4AaABAg,False,@RoMusic2011,UCKFFgCxU_UUPuw2fzC4Q0cQ,"Tried XM5's for two days and returned them, went back to XM4. New ones have auto NC optimizer which still hasn't been fixed. XM4 the best headphones because you choose how much NC you want and it stays like that. XM5's not recommended!",1,2023-01-05T17:13:37Z
Sony WH-1000XM5,unboxing,Ugz2LYRQYigTxX9gAUF4AaABAg.9kW9fYR1Crh9lC4bV1Q7At,D8wG67oko7E,Ugz2LYRQYigTxX9gAUF4AaABAg,True,@Liftheavyrustylbs,UC3PJyXLZdgoM-U2v1OmxjWA,"Which would you say you like better xm3's or 4's, and why?? I'm an old geezer not tech smart,  but I'm trying to figure out which ones out of all these to buy just for listening to music while lifting weights. Calls are not important.  But sound quality,  loudness, easy to connect to my Android galaxy 11 is important.  Anybody????",0,2023-01-22T18:35:58Z
Sony WH-1000XM5,unboxing,Ugz2LYRQYigTxX9gAUF4AaABAg.9kW9fYR1Crh9lCJjdBDMwq,D8wG67oko7E,Ugz2LYRQYigTxX9gAUF4AaABAg,True,@RoMusic2011,UCKFFgCxU_UUPuw2fzC4Q0cQ,@@Liftheavyrustylbs I think XM4 have better NC but other than that they are the same I think. Not so much difference,0,2023-01-22T20:48:09Z
Sony WH-1000XM5,unboxing,UgxESRXjy-s3cTc4kaJ4AaABAg,D8wG67oko7E,UgxESRXjy-s3cTc4kaJ4AaABAg,False,@raymorris2910,UCrvOGfMbAnF5z4W-OYNoNCA,To bad it does not come with any cables or cannot hardwire it to a pc or amp.,0,2022-12-28T06:49:52Z
Sony WH-1000XM5,unboxing,UgxESRXjy-s3cTc4kaJ4AaABAg.9kARw-aqPn19kDzbr4CB9g,D8wG67oko7E,UgxESRXjy-s3cTc4kaJ4AaABAg,True,@wizzybarca4599,UC8q6vFSKAQcxrwBchvkaeDQ,It does come with cables and headphone Jack cable as well,0,2022-12-29T15:50:40Z
Sony WH-1000XM5,unboxing,UgxESRXjy-s3cTc4kaJ4AaABAg.9kARw-aqPn19olWU27Ik4S,D8wG67oko7E,UgxESRXjy-s3cTc4kaJ4AaABAg,True,@randomacc77777,UCRe7tUImZXV9zO01ilq0YpA,@@wizzybarca4599 it didn’t for me,0,2023-04-21T11:46:19Z
Sony WH-1000XM5,unboxing,UgyLRE1dQ6Z_QEZqmWF4AaABAg,D8wG67oko7E,UgyLRE1dQ6Z_QEZqmWF4AaABAg,False,@callez2402,UCvfctjRJ9Dt96xAUgpRyVxQ,"I found them uncomfortable, ordered Bose instead, they are perhaps not so god NS, but they fit like a dream to the skull and ear.",0,2022-12-15T22:59:45Z
Sony WH-1000XM5,unboxing,UgycJpkb5xtp5yo8zk94AaABAg,D8wG67oko7E,UgycJpkb5xtp5yo8zk94AaABAg,False,@AdityaaChouksey,UCPSEimZLKloji-2t3l_GrZA,Your forearms😮😮😮😮😮😮😮😮😮😮,0,2022-11-27T04:41:20Z
Sony WH-1000XM5,unboxing,UgyaAD70lA-zwhHwQBt4AaABAg,D8wG67oko7E,UgyaAD70lA-zwhHwQBt4AaABAg,False,@markomo5424,UCyDLBcJQzyOyzQqplpLF2vQ,Love your review👍🏿,0,2022-11-15T11:21:29Z
Sony WH-1000XM5,unboxing,UgzBHY0Jx4El8acua2F4AaABAg,D8wG67oko7E,UgzBHY0Jx4El8acua2F4AaABAg,False,@vstrovvs,UCIvFRTD5S53oVg7tJEfnxMQ,Do they work for ps5?,0,2022-11-09T09:15:23Z
Sony WH-1000XM5,unboxing,Ugy1zKmBURUDTgJfMmd4AaABAg,D8wG67oko7E,Ugy1zKmBURUDTgJfMmd4AaABAg,False,@kingtyphoon,UCvmgxMdUarff083evqUK2_Q,Awesome unboxing and review!,0,2022-11-07T12:21:59Z
Sony WH-1000XM5,unboxing,UgxmSrvIW12u46IfR2l4AaABAg,D8wG67oko7E,UgxmSrvIW12u46IfR2l4AaABAg,False,@cedrikjones,UCrxw1lVoWeGlBfYgdebAttQ,Does that 30 hours of playback include having the noise cancelling enabled?,0,2022-10-14T15:15:18Z
Sony WH-1000XM5,unboxing,UgxbfqhWcbMdYaz4bFt4AaABAg,D8wG67oko7E,UgxbfqhWcbMdYaz4bFt4AaABAg,False,@Brajin1,UC3GW9foWpNVCtMl92NHW_uA,"Great video, I just ordered these. I’ve been using the original first gen Sonys for years.",1,2022-10-04T16:41:24Z
Sony WH-1000XM5,unboxing,Ugyw0qX62ZC47J70jkJ4AaABAg,D8wG67oko7E,Ugyw0qX62ZC47J70jkJ4AaABAg,False,@altheamolo3716,UCHlV-KNPYLyggWS_F0OO_OQ,Hoping to buy this soon,1,2022-09-28T10:35:47Z
Sony WH-1000XM5,unboxing,UgyzgR7_8zN5Bnh4d2l4AaABAg,D8wG67oko7E,UgyzgR7_8zN5Bnh4d2l4AaABAg,False,@sujannanda7003,UC3m0bmn11M_PjBsJxVVYtgQ,"Hello you are doing really great.

Just had one question-
Is sony wh1000-xm5 comfortable with spectacles/eye-glasses??
Does it hurt our ears ??

Thank you",1,2022-08-25T19:28:54Z
Sony WH-1000XM5,unboxing,Ugxiry1a6BcS7YwRBtJ4AaABAg,D8wG67oko7E,Ugxiry1a6BcS7YwRBtJ4AaABAg,False,@zbmxking1676,UC8jVSy-zW9Oc68rIKS3d5cQ,Are these good for the gym?,0,2022-08-05T03:22:31Z
Sony WH-1000XM5,unboxing,Ugxqf8X2_OuffkQvVoh4AaABAg,D8wG67oko7E,Ugxqf8X2_OuffkQvVoh4AaABAg,False,@loopylou071,UCtZ8zSP9oV-FTpa4xUxncAA,Nc not as good as nc700 in my opinion,0,2022-08-03T20:35:30Z
Sony WH-1000XM5,unboxing,UgxTRWeFBBWX4om-EkF4AaABAg,D8wG67oko7E,UgxTRWeFBBWX4om-EkF4AaABAg,False,@chriswikoff9672,UCC5Hrp4azKrrqdPk52k_Phw,"im my opinion the miami gp was not good, it was way to over hyped",0,2022-07-21T03:39:08Z
Sony WH-1000XM5,unboxing,UgzdFaRnQzdAbQ41fVh4AaABAg,D8wG67oko7E,UgzdFaRnQzdAbQ41fVh4AaABAg,False,@lebah5minuteslate,UCvRq_ulNJ86-b_3YkDk40yA,Malaysia review this product at channel cikgu ulwan,1,2022-07-19T08:34:35Z
Sony WH-1000XM5,unboxing,Ugx8mG3t2NgwpblSdTd4AaABAg,D8wG67oko7E,Ugx8mG3t2NgwpblSdTd4AaABAg,False,@gnsnitro123,UC89LzEbr3tp_m8NsVDy4czQ,Really ? So all most people care about is noise cancelling ?,0,2022-07-10T09:10:00Z
Sony WH-1000XM5,unboxing,UgyHTUzgjDH4065Rg894AaABAg,D8wG67oko7E,UgyHTUzgjDH4065Rg894AaABAg,False,@arnavmalve7031,UCXrEzSl2b1Zfw6qYdRchg-A,I just got them. The noise cancellation seems really disappointing. Its more silent when its on ambient noise level 10. Any fix for this?,2,2022-07-01T18:09:51Z
Sony WH-1000XM5,unboxing,UgyHTUzgjDH4065Rg894AaABAg.9cxAet6OXLb9e3OL82gBNR,D8wG67oko7E,UgyHTUzgjDH4065Rg894AaABAg,True,@jakob6540,UCby4hf2G_DH08uoUdyt4TMQ,Fix the settings,1,2022-07-29T09:55:26Z
Sony WH-1000XM5,unboxing,UgyHTUzgjDH4065Rg894AaABAg.9cxAet6OXLb9e3XCM0QxOO,D8wG67oko7E,UgyHTUzgjDH4065Rg894AaABAg,True,@arnavmalve7031,UCXrEzSl2b1Zfw6qYdRchg-A,@@jakob6540 what exactly in the setting. I have literally tried everything,0,2022-07-29T11:12:52Z
Sony WH-1000XM5,unboxing,Ugxrbozasv-Mgad7CXt4AaABAg,D8wG67oko7E,Ugxrbozasv-Mgad7CXt4AaABAg,False,@MarkLennard,UCEPYBur4ePlOxA2NNftcy7A,What colour do you think is better? The black or the white stone colour??,0,2022-06-24T22:53:42Z
Sony WH-1000XM5,unboxing,UgwLl8Axn34vilCEGe54AaABAg,D8wG67oko7E,UgwLl8Axn34vilCEGe54AaABAg,False,@ishidesigns8465,UCj-yUGoI1FdJVoIjN-XNamQ,where did you get the orange protecting cups from on the air pods max?,0,2022-06-20T13:06:06Z
Sony WH-1000XM5,unboxing,Ugy7mmOuW_K2YOSfYtp4AaABAg,D8wG67oko7E,Ugy7mmOuW_K2YOSfYtp4AaABAg,False,@ikephipps2696,UCc3842sNP8JKGW4m4B0c40Q,What an excellent reviewer,0,2022-06-16T10:46:18Z
Sony WH-1000XM5,unboxing,UgzDmG3lXK9ziWHHLa94AaABAg,D8wG67oko7E,UgzDmG3lXK9ziWHHLa94AaABAg,False,@LeisureTimeHobby,UCLLHgA23GkRqp5M6MreWM4A,"If you guys see me in comments, then subscribe.",2,2022-05-31T09:57:09Z
Sony WH-1000XM5,unboxing,UgwXK3sC5FLcEpB1dWp4AaABAg,D8wG67oko7E,UgwXK3sC5FLcEpB1dWp4AaABAg,False,@Glennwulf,UCWY0hk2RqFU1oQNVCw04QrQ,alright dude i see you flexing your biceps all low key,0,2022-05-31T07:35:27Z
Sony WH-1000XM5,unboxing,UgzmaHOEjx6RRblzrzN4AaABAg,D8wG67oko7E,UgzmaHOEjx6RRblzrzN4AaABAg,False,@korencek,UCnlSOhS5uD19dl4qFOIWVvA,Omega watch is poping out. good pick.,1,2022-05-29T00:43:21Z
Sony WH-1000XM5,unboxing,Ugy3QxSeMsxurGDKeQp4AaABAg,D8wG67oko7E,Ugy3QxSeMsxurGDKeQp4AaABAg,False,@yt.arunthakur,UCylpwoffRnQ7_HW4IB9Havw,I’m still sticking with XM3 it’s awesome. Period.,0,2022-05-27T14:43:15Z
Sony WH-1000XM5,unboxing,UgyDgZ77mtsir6itrGZ4AaABAg,D8wG67oko7E,UgyDgZ77mtsir6itrGZ4AaABAg,False,@koo7879,UCAVF4GMK0ZUbQx04AP0gQvg,1:30 omg ur hand..,0,2022-05-26T06:59:59Z
Sony WH-1000XM5,unboxing,UgzDZ2xjF4wLRELpgJR4AaABAg,D8wG67oko7E,UgzDZ2xjF4wLRELpgJR4AaABAg,False,@turkialshamary6230,UCpm_qBstojN3NxvEOt7dyJA,This guy made a YouTube just to flex his muscles,0,2022-05-25T23:35:36Z
Sony WH-1000XM5,unboxing,UgzhP0RlCZlmZTd9Ynp4AaABAg,D8wG67oko7E,UgzhP0RlCZlmZTd9Ynp4AaABAg,False,@callumbrowns,UCHYAoXVV80OachFFaDDhe2A,Karl Conrad Are these nice & easy to connect to the PS5 ?,0,2022-05-25T14:56:20Z
Sony WH-1000XM5,unboxing,UgzqK601ol-JAdXvlmV4AaABAg,D8wG67oko7E,UgzqK601ol-JAdXvlmV4AaABAg,False,@Antvnio-B,UCnSKdUm-levZsZNv_APaj1w,I've had the XM3s and XM4s. Maybe I can finally use Sony's for listening to ASMR at night without them being broken when I wake up?,0,2022-05-22T06:01:51Z
Sony WH-1000XM5,unboxing,UgyW63UQ6fW9Q32pzB94AaABAg,D8wG67oko7E,UgyW63UQ6fW9Q32pzB94AaABAg,False,@bambusbjoerntech6932,UCOq-zCpk_Gsb8odwvP2Z_qQ,"Picked the silver ones.. They dont look as smudgy as the black ones do.. :) replaced the Bose 700 for me.

And according to the manual the earcups are changeable, although not as convenient as the Airpods Max ones.",6,2022-05-20T18:29:41Z
Sony WH-1000XM5,unboxing,UgwFq-7vG7uJh2vRBgB4AaABAg,D8wG67oko7E,UgwFq-7vG7uJh2vRBgB4AaABAg,False,@davidpark7902,UCZ1acVj-Su03ca5Brr2cx_A,can you use the mic on these when connected to a pc for work calls?,0,2022-05-20T05:23:27Z
Sony WH-1000XM5,unboxing,UgyExDnjYSs8ZOoo-Ad4AaABAg,D8wG67oko7E,UgyExDnjYSs8ZOoo-Ad4AaABAg,False,@carlghattas6331,UCmFoP-iV543SAozy1V75WNA,its the biceps for me,0,2022-05-18T14:56:04Z
Sony WH-1000XM5,unboxing,UgyExDnjYSs8ZOoo-Ad4AaABAg.9bAXW4eRuL89to-o0UqNZd,D8wG67oko7E,UgyExDnjYSs8ZOoo-Ad4AaABAg,True,@giorgitabatadze78,UCYXbkoPXTp_a7b5l4njNh-g,Lol 😂,0,2023-08-24T17:35:31Z
Sony WH-1000XM5,unboxing,UgyBwv1W1czXFIgaUn54AaABAg,D8wG67oko7E,UgyBwv1W1czXFIgaUn54AaABAg,False,@xinyaoyin2238,UCG9SgdMpA6IaCFwMI4GVJTg,"go touch something from B&O and then feel these plastic headphones, your reaction would be ""oh dear, is that a toy""",0,2022-05-18T10:31:31Z
Sony WH-1000XM5,unboxing,UgwcZGBurBVuf_w4iwV4AaABAg,D8wG67oko7E,UgwcZGBurBVuf_w4iwV4AaABAg,False,@xinyaoyin2238,UCG9SgdMpA6IaCFwMI4GVJTg,huge pressure on eardrums for some negligible better noise cancellation than other headphones? not worth losing health over this.,0,2022-05-18T10:27:41Z
Sony WH-1000XM5,unboxing,Ugy1XDpGLaAaLmp-uDd4AaABAg,D8wG67oko7E,Ugy1XDpGLaAaLmp-uDd4AaABAg,False,@cutefunnyanimals1457,UCRx65YIw1e_uylOnk0zGjLA,Nice explanation,0,2022-05-18T09:56:50Z
Sony WH-1000XM5,unboxing,Ugy1XDpGLaAaLmp-uDd4AaABAg.9bA-GNqfi1t9bHMJOax7Sw,D8wG67oko7E,Ugy1XDpGLaAaLmp-uDd4AaABAg,True,@cutefunnyanimals1457,UCRx65YIw1e_uylOnk0zGjLA,Hope not another scam again,0,2022-05-21T06:32:54Z
Sony WH-1000XM5,unboxing,UgxL5gYFo6dnniet7UV4AaABAg,D8wG67oko7E,UgxL5gYFo6dnniet7UV4AaABAg,False,@cutefunnyanimals1457,UCRx65YIw1e_uylOnk0zGjLA,Very hunky guy,0,2022-05-18T09:56:22Z
Sony WH-1000XM5,unboxing,Ugy7pPTfgdyPhY0Fr3t4AaABAg,D8wG67oko7E,Ugy7pPTfgdyPhY0Fr3t4AaABAg,False,@OnePiece-cj3md,UCdEx8z0sLER8DvkbDnN36ag,M4 are better,0,2022-05-18T07:55:33Z
Sony WH-1000XM5,unboxing,Ugw32sXs1W0bEVEzy0l4AaABAg,D8wG67oko7E,Ugw32sXs1W0bEVEzy0l4AaABAg,False,@CocoBorderCollie,UCoCqPL8i8fbdHmq9Jeps4XA,I'll be keeping my XM4's. I don't want to ditch the folding feature. I love that about them.,20,2022-05-18T02:10:30Z
Sony WH-1000XM5,unboxing,Ugyp-oXMCE0ljJkgAHJ4AaABAg,D8wG67oko7E,Ugyp-oXMCE0ljJkgAHJ4AaABAg,False,@rafaelcruz2119,UCETMUVfeaeanEqlRpk1tXXg,Watching this using Airpods Max haha,0,2022-05-17T17:15:23Z
Sony WH-1000XM5,unboxing,Ugz1b2VqNZ43I_at-fJ4AaABAg,D8wG67oko7E,Ugz1b2VqNZ43I_at-fJ4AaABAg,False,@facebythewind,UCKrQfUJATIRS22TdduaJ-cQ,What is that wallpaper. I want it,0,2022-05-17T12:00:24Z
Sony WH-1000XM5,unboxing,UgxiLI10xlSCbS2vyp54AaABAg,D8wG67oko7E,UgxiLI10xlSCbS2vyp54AaABAg,False,@lamandigital,UC6NE1ZWu15lBMbpedPxy7gA,Xm4 will be the best deal after this,0,2022-05-17T04:57:16Z
Sony WH-1000XM5,unboxing,UgxgPi1X-ZtYGVgn6-14AaABAg,D8wG67oko7E,UgxgPi1X-ZtYGVgn6-14AaABAg,False,@rossorosso,UCTjzm1HeqF3sleYlzxP1t_g,I don’t get it. You have the apple headphones too. Why not compare the two with 1. Music quality and 2. Noise cancellation between the two.,0,2022-05-17T02:52:51Z
Sony WH-1000XM5,unboxing,Ugxk7PxSQKItMJDphPR4AaABAg,D8wG67oko7E,Ugxk7PxSQKItMJDphPR4AaABAg,False,@jgabrielgr24,UC26HCZDf0FQDiDhIjuTTD8w,This headphones can connect with the Playstation 5??,0,2022-05-16T19:03:26Z
Sony WH-1000XM5,unboxing,Ugwnwjo4-PtN5aTaN7F4AaABAg,D8wG67oko7E,Ugwnwjo4-PtN5aTaN7F4AaABAg,False,@bigrod997,UCrh7A8P6Z60wxU6_mEcsi0g,Bose qc45's for the win!,0,2022-05-16T18:49:57Z
Sony WH-1000XM5,unboxing,UgyOAZsP0c4v2Crj0Tt4AaABAg,D8wG67oko7E,UgyOAZsP0c4v2Crj0Tt4AaABAg,False,@Pitsy,UCby_BWZu68Xc6hP2Msfh3cA,Love the watch in this video - what is it?…,0,2022-05-16T16:50:10Z
Sony WH-1000XM5,unboxing,UgyOAZsP0c4v2Crj0Tt4AaABAg.9b5_yvfSXFn9baKlwJXliR,D8wG67oko7E,UgyOAZsP0c4v2Crj0Tt4AaABAg,True,@korencek,UCnlSOhS5uD19dl4qFOIWVvA,Omega planet ocean.,1,2022-05-29T00:44:16Z
Sony WH-1000XM5,unboxing,UgyCcrAQFtbUTGM9eMV4AaABAg,D8wG67oko7E,UgyCcrAQFtbUTGM9eMV4AaABAg,False,@rifdiismath,UCl_FkhW-cHr1EB7oFhFc_qw,my eyes were on the wrist,0,2022-05-16T13:28:29Z
Sony WH-1000XM5,unboxing,UgyrM9FRWVbIAvhADiN4AaABAg,D8wG67oko7E,UgyrM9FRWVbIAvhADiN4AaABAg,False,@raeraeyes,UC8j5HDjzn7q3CQjxzgBEfDg,Nice wristwatch man! Couldn't keep my eyes off it,0,2022-05-16T11:55:51Z
Sony WH-1000XM5,unboxing,UgyrM9FRWVbIAvhADiN4AaABAg.9b53IODaKLT9baKk-U3-e1,D8wG67oko7E,UgyrM9FRWVbIAvhADiN4AaABAg,True,@korencek,UCnlSOhS5uD19dl4qFOIWVvA,"Omega planet ocean. true it's poping out, that's why I am commeting here :)",0,2022-05-29T00:44:00Z
Sony WH-1000XM5,unboxing,Ugx8cteQykg8JoBpYaB4AaABAg,D8wG67oko7E,Ugx8cteQykg8JoBpYaB4AaABAg,False,@jonathanoxlade4252,UCrZHx5SghkdbcPiG2kDrE1w,Never really  cared for noise cancelling  or annoying features my next phone will be a experia  with a headphone  jack  so ile be using  these on thatband if the phone struggle to get them at a decent volume  level ile be getting a helm volume  booster  alongside  a better  headphone cable silver dragon  cable  just to get more from these headphones  anyway,0,2022-05-16T11:48:27Z
Sony WH-1000XM5,unboxing,UgxAja0UD3t5tsKNBsx4AaABAg,D8wG67oko7E,UgxAja0UD3t5tsKNBsx4AaABAg,False,@dannystechexperience8425,UCsrhIY3e-AYtoEYYSUMq8Cg,"i really hope that someone can calm down my fear for radtiation because seriously, i don't even dare to listen to music via bluetooth when my phone is on me.",0,2022-05-16T10:55:39Z
