product,category,id,videoId,parentId,isReply,authorName,authorId,text,likes,updatedAt,features,text_length,recency_score,norm_likes,norm_length,quality_score,sentiment,senti_score
Anker Soundcore Space One,review,UgwqpQSnKQ6lrAJFzfp4AaABAg,M-p0BRhlugs,UgwqpQSnKQ6lrAJFzfp4AaABAg,False,@ARandomGuyheh,UCqotBhoG9zW_b_NFSBOdffA,"I’m deciding which one to choose for my graduation gift since my parents are letting me choose,which one should i buy if i want to watch movies and just listen to music? And also have good battery life",0,2025-03-30 07:03:04+00:00,Battery Life,201,0.9605693386897267,0.0,0.14450866947609342,1.1050780081658202,Positive,1
Anker Soundcore Space One,review,UgzO-LlD4Cx06JbEfpp4AaABAg.A9P6n5NhNogA9zzQsmjxOP,M-p0BRhlugs,UgzO-LlD4Cx06JbEfpp4AaABAg,True,@NoscoperSans,UCBQvD2rGUWs8kNGDC4zboeQ,"yes, both BT and 3.5",0,2024-10-24 22:08:05+00:00,Battery Life,20,0.7026625345578149,0.0,0.013728323600228876,0.7163908581580438,Neutral,0
Anker Soundcore Space One,review,UgyHe3IdsohKQQ6QRh54AaABAg,M-p0BRhlugs,UgyHe3IdsohKQQ6QRh54AaABAg,False,@sameermathur6853,UCO_i8lSyv3KBUYNlTVD0nNw,Biased,1,2024-07-19 21:57:04+00:00,Battery Life,6,0.5426657927301253,0.005917159413185834,0.003612716736902336,0.5521956688802134,Neutral,0
Anker Soundcore Space One,review,UgzTxHuT2Q3AYhHNuXt4AaABAg,M-p0BRhlugs,UgzTxHuT2Q3AYhHNuXt4AaABAg,False,@NotVoidly,UCC4xAjhniCDNBn3PiM-L4pA,am i the only one noticing the extra ass on the bg?,0,2024-04-21 10:15:27+00:00,Battery Life,51,0.3950726310129829,0.0,0.036127167369023355,0.4311997983820063,Neutral,0
Anker Soundcore Space One,unboxing,Ugz_IqRtXOkrhiX94hV4AaABAg,HkBnSY8XpJQ,Ugz_IqRtXOkrhiX94hV4AaABAg,False,@beverlyfitzgerald7675,UCKFL12E8oCpp0ATkoOEO5RQ,"Big problem with these Space One headphones: charge them up to full, then not use them. Next day: that unused charge to full is gone, no charge left, dead!",0,2023-12-14 01:24:22+00:00,Battery Life,155,0.18170195710624562,0.0,0.11127167549659195,0.2929736326028376,Very Negative,-2
Anker Soundcore Space One,unboxing,UgygU5F4yLlx89LAMgJ4AaABAg.9y5YezogcMb9ytc9asNfly,HkBnSY8XpJQ,UgygU5F4yLlx89LAMgJ4AaABAg,True,@midvamp,UCzavXGlW7FAVVQttrQG4EsQ,its bad sadly,1,2023-12-29 04:32:34+00:00,Battery Life,13,0.20665732713271281,0.005917159413185834,0.008670520168565605,0.22124500671446426,Very Negative,-2
Anker Soundcore Space One,review,UgwRw2w8jQf1JLQQKKt4AaABAg,M-p0BRhlugs,UgwRw2w8jQf1JLQQKKt4AaABAg,False,@ElvinBones-f4m,UCA2OxIeNxAFwaxkwuSoiB9Q,"You won't. But, if you do, you have to put a thin head band material between the arches on the hat. And I want the first one. Good luck!",0,2025-04-22 03:39:59+00:00,Comfort,136,0.9982711146761346,0.0,0.09754335189636307,1.0958144665724976,Neutral,0
Anker Soundcore Space One,review,Ugxa3-S1MR5fJevyD7h4AaABAg,M-p0BRhlugs,Ugxa3-S1MR5fJevyD7h4AaABAg,False,@mochajocabed,UCnzHCBSkgJgeCI-lghXYipw,Maybe I am just out of my depth lol so I have a question. I know you mentioned it but I didn't get it completely.  I want headphones to help keep me focuses when I'm working or reading.  No music really needed but it be nice to use then for both. Whay would you recommend for using during office work or work from home  situation.  I'll keep them plugged to my computer for Phone calls and stuff. I'm sorry if you answered it already,0,2024-11-25 23:02:09+00:00,Comfort,433,0.7555027280796466,0.0,0.3121387260683618,1.0676414541480084,Neutral,0
Anker Soundcore Space One,review,UgyHMUd0pdcUZmPcy_94AaABAg,M-p0BRhlugs,UgyHMUd0pdcUZmPcy_94AaABAg,False,@atifghafoor6258,UCO2DnTCDqjnYGFGIe0_PsPQ,Is the Sony good for watching movies or playing games on pc or does it have latency issues.,0,2025-04-20 07:58:16+00:00,Comfort,91,0.9952683007896629,0.0,0.06502890126424204,1.060297202053905,Neutral,0
Anker Soundcore Space One,comparison,UgxaSTZsYmboXBo9Ei54AaABAg,OHLKuEUg86M,UgxaSTZsYmboXBo9Ei54AaABAg,False,@EtsuMurasaki,UC1k6BzERzYsyRtLrSl3GzVg,Does the Q45 have the easy talk feature?,0,2025-04-23 04:49:27+00:00,Comfort,40,0.9999999999998092,0.0,0.02817919054783822,1.0281791905476474,Neutral,0
Anker Soundcore Space One,comparison,UgyUVU8dVaAL9Vj59Yt4AaABAg.AH8ickOKxRLAH8meuPJ2YA,OHLKuEUg86M,UgyUVU8dVaAL9Vj59Yt4AaABAg,True,@CEONTHEMAKING,UCULadXL9c5fjMXRsXUuM-cw,Many thanks!,0,2025-04-20 17:08:42+00:00,Comfort,12,0.9958987460539911,0.0,0.007947976821185138,1.0038467228751762,Neutral,0
Anker Soundcore Space One,comparison,UgziZxFr7175zsBkyMp4AaABAg.ABZYSAvrSVdACkfoystrjr,OHLKuEUg86M,UgziZxFr7175zsBkyMp4AaABAg,True,@boxbox0000,UCUxQ5Ms2kSVfX0J4YmFBuMg,"The same thing happened to my Life Q35, the faux leather cushion earpad started tearing from the seams and the plastics near the leather band is barely clinging on the band and would sometimes grab my hair inbetween.",1,2025-01-01 13:02:44+00:00,Comfort,216,0.8158410511303564,0.005917159413185834,0.15534681968680045,0.9771050302303427,Negative,-1
Anker Soundcore Space One,comparison,UgyOm2lCTV3t55to8xZ4AaABAg.ABkjUlRxGBVABxuqey9KNw,OHLKuEUg86M,UgyOm2lCTV3t55to8xZ4AaABAg,True,@lewy.,UCTPNEceYheXcXtDW01EOj0A,"if you have a lot of hair the q45 will be better since it has better ear padding. if you dont have a lot of hair then the space one will do better since the headband is softer and comfier. also, the q45 IS heavier than the space one by a little so remember that.",0,2024-12-12 19:52:21+00:00,Comfort,262,0.7833237931064452,0.0,0.18858381366630192,0.9719076067727471,Negative,-1
Anker Soundcore Space One,comparison,Ugz6Pzp4n2t-WzCaTnx4AaABAg.ABM8PjVhx34AFCTp5NOaDm,OHLKuEUg86M,Ugz6Pzp4n2t-WzCaTnx4AaABAg,True,@ahmadramzan4783,UC8p1glwksGVJwmDMYuO0mIw,@@arsalansiddiqui5353 so how has your experience been with the q45?,0,2025-03-03 10:29:30+00:00,Comfort,67,0.9162741162110495,0.0,0.04768786092711083,0.9639619771381603,Neutral,0
Anker Soundcore Space One,comparison,Ugwepp_bBRdLOX2qqTV4AaABAg,OHLKuEUg86M,Ugwepp_bBRdLOX2qqTV4AaABAg,False,@maxb5947,UC8sdaJZ_J0M3jpDtbdvhzww,Can the Q45 be used for PC/PS5 gaming?,0,2025-03-13 02:43:13+00:00,Comfort,38,0.9322332617696831,0.0,0.026734103853077285,0.9589673656227604,Neutral,0
Anker Soundcore Space One,review,Ugy-nWx-1JXQMJ7jiLx4AaABAg,M-p0BRhlugs,Ugy-nWx-1JXQMJ7jiLx4AaABAg,False,@afiea,UCoj7PMUJbySkcUN2XAE9jTw,"A quick question about the LDAC on space ones. Because apple doesn't support LDAC, would I be able to test LDAC on a normal windows laptop? As in do normal laptops typically support LDAC?",1,2024-12-29 00:25:14+00:00,Comfort,187,0.8100254770439524,0.005917159413185834,0.1343930626127669,0.9503356990699052,Neutral,0
Anker Soundcore Space One,comparison,UgwoxLtBxhMLT5Xiln14AaABAg,OHLKuEUg86M,UgwoxLtBxhMLT5Xiln14AaABAg,False,@painnagato3987,UCFCKrBbbVq06Z3lYpcL6yaA,Good video,0,2025-03-20 01:11:17+00:00,Comfort,10,0.9436732108942408,0.0,0.006502890126424204,0.9501761010206651,Positive,1
Anker Soundcore Space One,unboxing,UgzdgecMPCAjoTdrVpd4AaABAg,HkBnSY8XpJQ,UgzdgecMPCAjoTdrVpd4AaABAg,False,@dielreis,UCC6FUzeDHeC6VkwCoNoSJdg,Mike?,0,2025-03-21 02:12:58+00:00,Comfort,5,0.9453931814859332,0.0,0.0028901733895218685,0.9482833548754551,Neutral,0
Anker Soundcore Space One,review,UgyokOze7PTH8ZjgPeV4AaABAg,M-p0BRhlugs,UgyokOze7PTH8ZjgPeV4AaABAg,False,@veydantjivimal,UCLKOJZHO6Jk5MKKQTRENA6w,Thanks,0,2025-03-14 19:27:49+00:00,Comfort,6,0.9350332130078166,0.0,0.003612716736902336,0.9386459297447189,Positive,1
Anker Soundcore Space One,comparison,UgzEv3jtX7Q8ZIFxrWV4AaABAg,OHLKuEUg86M,UgzEv3jtX7Q8ZIFxrWV4AaABAg,False,@kennethg.arnado1481,UC6TxbOLZMTOYKI3j6CZtMlQ,"I never realized that the Q45 did not have the easy chat feature, that was one of the big reasons I ordered one😭",0,2025-01-20 23:20:13+00:00,Comfort,112,0.8478853893038931,0.0,0.08020231155923185,0.928087700863125,Negative,-1
Anker Soundcore Space One,review,UgwdAvzo0feloNrAnid4AaABAg.AAwFoNmRq0kACxTPM4oLqH,M-p0BRhlugs,UgwdAvzo0feloNrAnid4AaABAg,True,@irensaga561,UCWSd6HrKIwi4xzZOMMMpiQA,"They are not bad. Especially if you plug them in, as you can power them on to take advantage of whichever eq setting you saved.",0,2025-01-06 12:15:13+00:00,Comfort,127,0.8240332316772337,0.0,0.09104046176993887,0.9150736934471726,Positive,1
Anker Soundcore Space One,review,UgxSg8E1IVx-fKNzcWR4AaABAg,M-p0BRhlugs,UgxSg8E1IVx-fKNzcWR4AaABAg,False,@Junior-cp9se,UC9TU3Ajio02jcJiAIoH2evw,Paid for by Sony.,0,2025-02-22 07:49:17+00:00,Comfort,17,0.9012467224041224,0.0,0.011560693558087474,0.9128074159622098,Neutral,0
Anker Soundcore Space One,review,UgzNQoIPl0wWKL1zZZN4AaABAg,M-p0BRhlugs,UgzNQoIPl0wWKL1zZZN4AaABAg,False,@mehranxd,UCIJmzjNutCYDofwRvqczy8Q,but looks like the easy chat on space one works better when you start to speak compared to the touch feature!,0,2025-01-12 18:27:41+00:00,Comfort,109,0.8343557659167702,0.0,0.07803468151709045,0.9123904474338607,Positive,1
Anker Soundcore Space One,review,Ugz5iNoVvTb8yphJ6VR4AaABAg.9uz6i08DM1HADlcRQwhO1I,M-p0BRhlugs,Ugz5iNoVvTb8yphJ6VR4AaABAg,True,@atillaonurpehlivan2844,UC5LuukreyEv7Po_lI33ywhg,@AD-vx7vn  yes randomly drops reconnects,0,2025-01-26 18:23:23+00:00,Comfort,40,0.8574413329504152,0.0,0.02817919054783822,0.8856205234982535,Neutral,0
Anker Soundcore Space One,review,UgyR1TesdDApkcbkfUt4AaABAg.9vR_ZPLjeHDACfG_gQwPwL,M-p0BRhlugs,UgyR1TesdDApkcbkfUt4AaABAg,True,@danteion7354,UCMbhmmc_5GE4IfEMpiElYxg,"Yeah dude i was looking exactly xm5 vs 720 I what to know if its worth the upgrade 
What do you think?",0,2024-12-30 10:36:50+00:00,Comfort,102,0.8123753011297558,0.0,0.07297687808542719,0.8853521792151829,Neutral,0
Anker Soundcore Space One,review,UgwbwXkwAvDeWgLt6uZ4AaABAg,M-p0BRhlugs,UgwbwXkwAvDeWgLt6uZ4AaABAg,False,@konstantinbondarets6682,UC_9JN-rCnRfxhiln96_c2lg,"cool review, thanks!",0,2025-01-29 23:46:31+00:00,Comfort,20,0.862759400088387,0.0,0.013728323600228876,0.8764877236886159,Neutral,0
Anker Soundcore Space One,review,Ugyzf0M5WdRSvFENESl4AaABAg,M-p0BRhlugs,Ugyzf0M5WdRSvFENESl4AaABAg,False,@waterisbad12,UCxYypplHBh866zYyYreaj4Q,I got my Sony wh ch 720ns for 77$ today Yippee I got them at Target for like 60% off,1,2024-12-24 02:20:55+00:00,Comfort,84,0.8019113719870254,0.005917159413185834,0.05997109783257877,0.8677996292327901,Very Positive,2
Anker Soundcore Space One,comparison,UgyFkwkfnPLpofEKrJN4AaABAg.ABEQsSkODUxABkk0fso1Fp,OHLKuEUg86M,UgyFkwkfnPLpofEKrJN4AaABAg,True,@WorthlessDeadEnd,UCuGFFy-2JYkAwhL9E2cZz6Q,"That is what I want to know. Another commenter says they do, so I'm going to look for something made with metal.",1,2024-12-07 17:07:37+00:00,Comfort,112,0.7748885095364583,0.005917159413185834,0.08020231155923185,0.861007980508876,Neutral,0
Anker Soundcore Space One,review,UgylM9JJ6MfXj5oLhb54AaABAg,M-p0BRhlugs,UgylM9JJ6MfXj5oLhb54AaABAg,False,@j3leaze,UClRNNyZ-PIDjqoMjs1JXeCg,"Picked the Sony's up for $60, I'd check Amazon for some deals as I've found most for around $88!",0,2024-12-14 16:29:34+00:00,Comfort,96,0.7863901745678643,0.0,0.06864161800114438,0.8550317925690087,Positive,1
Anker Soundcore Space One,comparison,Ugzl8n-gfPTZMTqAP514AaABAg,OHLKuEUg86M,Ugzl8n-gfPTZMTqAP514AaABAg,False,@zanweng,UCAvLPGxOvzYa8fZfj20tzjA,I just got the q20i,0,2025-01-15 01:21:20+00:00,Comfort,19,0.8381281865154279,0.0,0.013005780252848409,0.8511339667682762,Positive,1
Anker Soundcore Space One,comparison,UgwXkBObi7UNToVN9I54AaABAg,OHLKuEUg86M,UgwXkBObi7UNToVN9I54AaABAg,False,@Whitepinoy,UCaTwOVYmwxFK0oM8TG2jICQ,For about $ 20 apart go for the Q45,0,2025-01-01 09:44:26+00:00,Comfort,35,0.8156139259031119,0.0,0.024566473810935883,0.8401803997140478,Negative,-1
Anker Soundcore Space One,review,UgwPfizuB2bum2PpErR4AaABAg,M-p0BRhlugs,UgwPfizuB2bum2PpErR4AaABAg,False,@entrenlosquequieran1971,UC8nPf-kyHo9CJbP3T2y1-0Q,"Thank you man, this video is exactly what i was looking for",2,2024-12-08 06:44:21+00:00,Comfort,59,0.7758239646243629,0.011834318826371667,0.04190751414806709,0.8295657975988017,Very Positive,2
Anker Soundcore Space One,review,UgxMgxuH9YRxx1_yrtl4AaABAg.A1vMHK0yG2IABSs6X76JiT,M-p0BRhlugs,UgxMgxuH9YRxx1_yrtl4AaABAg,True,@SunnyKhetarpal,UCTeQnoTHdcmtsLa_0_UYvAA,I was also looking for the same question as yours but did not find yet :(,0,2024-11-30 09:12:45+00:00,Comfort,73,0.7627993693942394,0.0,0.052023121011393635,0.814822490405633,Neutral,0
Anker Soundcore Space One,unboxing,UgzBmn4F66bqO4oiD_d4AaABAg.A6MhV_otsogABtWkaU3HsI,HkBnSY8XpJQ,UgzBmn4F66bqO4oiD_d4AaABAg,True,@sukhdevr3489,UCwLoTzm9ztd0-W-o5BaeU7Q,The cream colour looks even better imo,0,2024-12-11 02:56:07+00:00,Comfort,38,0.7805105174937431,0.0,0.026734103853077285,0.8072446213468204,Positive,1
Anker Soundcore Space One,comparison,Ugz_HoeF-JP9xM4vVap4AaABAg,OHLKuEUg86M,Ugz_HoeF-JP9xM4vVap4AaABAg,False,@EdwinBarreto-k8v,UCk7Bp0iaOCkMXU5r-3BMJ2Q,Excellent tutorial!!  Thank you for simplifying both systems,1,2024-11-22 15:41:33+00:00,Comfort,60,0.7500501191193837,0.005917159413185834,0.042630057495447564,0.7985973360280171,Very Positive,2
Anker Soundcore Space One,unboxing,UgwTAjwduAP3XhY1pUl4AaABAg,HkBnSY8XpJQ,UgwTAjwduAP3XhY1pUl4AaABAg,False,@pn670,UC3MRWWgMarPyRdCw09VgRbg,These are going cheap in my country I got it for roughly 54usd 😊,0,2024-11-21 01:03:25+00:00,Comfort,64,0.747395017958938,0.0,0.04552023088496943,0.7929152488439075,Positive,1
Anker Soundcore Space One,review,Ugx7r4iTH0kK7z6vCJJ4AaABAg,M-p0BRhlugs,Ugx7r4iTH0kK7z6vCJJ4AaABAg,False,@Imagine_yt1,UCqBj9A6aQ0M_bDDHcVMWmWg,I am getting a he space ones for 54,1,2024-11-29 18:26:42+00:00,Comfort,35,0.761784521650417,0.005917159413185834,0.024566473810935883,0.7922681548745387,Neutral,0
Anker Soundcore Space One,comparison,UgziZxFr7175zsBkyMp4AaABAg.ABZYSAvrSVdABkjnKBja8f,OHLKuEUg86M,UgziZxFr7175zsBkyMp4AaABAg,True,@WorthlessDeadEnd,UCuGFFy-2JYkAwhL9E2cZz6Q,"Okay, wow. Thank you. 😮",0,2024-12-07 17:05:39+00:00,Comfort,23,0.7748862569917604,0.0,0.015895953642370276,0.7907822106341307,Very Positive,2
Anker Soundcore Space One,unboxing,UgzIUU3f8FUu8APwL-94AaABAg,HkBnSY8XpJQ,UgzIUU3f8FUu8APwL-94AaABAg,False,@Livewithnoregrets58,UCFACEYilA0V5EoMNE8WzDeA,I just got a pair and love them.,0,2024-11-28 06:56:41+00:00,Comfort,32,0.7593448821171279,0.0,0.02239884376879448,0.7817437258859224,Very Positive,2
Anker Soundcore Space One,review,Ugw8_Oyn2JAP3psEqBp4AaABAg,M-p0BRhlugs,Ugw8_Oyn2JAP3psEqBp4AaABAg,False,@whooptyloop1865,UCqKNP9xeSacVX_2fdg-xX4g,Sony better,0,2024-12-07 05:52:36+00:00,Comfort,11,0.7741153712923307,0.0,0.007225433473804672,0.7813408047661353,Negative,-1
Anker Soundcore Space One,review,UgyTOYYaE96Ox2ZAwQh4AaABAg,M-p0BRhlugs,UgyTOYYaE96Ox2ZAwQh4AaABAg,False,@gwramim4807,UCHMhqDP5Tms-SarKdvyKzXA,Space one 30% cheaper in my country so i got the q20i which is further 30% cheaper 🤣,0,2024-10-28 17:52:44+00:00,Comfort,84,0.7089673498989717,0.0,0.05997109783257877,0.7689384477315505,Very Positive,2
Anker Soundcore Space One,review,UgxNEL4xKmAUCEJXrYl4AaABAg,M-p0BRhlugs,UgxNEL4xKmAUCEJXrYl4AaABAg,False,@randomnav,UCVGFVE_byrT7NQe2iR9kuPg,Outstanding video!!!! Get rid of the flat billed ball cap. It makes you look like gomer pyle.,0,2024-10-20 16:10:07+00:00,Comfort,93,0.6956552497900846,0.0,0.06647398795900297,0.7621292377490876,Very Positive,2
Anker Soundcore Space One,review,UgxQPN-P23Euk72DRxl4AaABAg,M-p0BRhlugs,UgxQPN-P23Euk72DRxl4AaABAg,False,@ez_556,UC2uWgeam7YTCWtiSt48hAqg,Which ones are better though? Like for consumers who buys the most from this two?,0,2024-10-17 03:31:18+00:00,Comfort,81,0.6898381676440949,0.0,0.05780346779043737,0.7476416354345322,Neutral,0
Anker Soundcore Space One,comparison,UgzN0nvZ08DsVG2k7e54AaABAg.A9uscs6x12zA9wRS2YrwK4,OHLKuEUg86M,UgzN0nvZ08DsVG2k7e54AaABAg,True,@CEONTHEMAKING,UCULadXL9c5fjMXRsXUuM-cw,Did you watch the video?,1,2024-10-23 13:04:41+00:00,Comfort,24,0.7003908241406857,0.005917159413185834,0.016618496989750743,0.7229264805436222,Neutral,0
Anker Soundcore Space One,review,Ugw53RZKjQU2tBrxsi54AaABAg,M-p0BRhlugs,Ugw53RZKjQU2tBrxsi54AaABAg,False,@rapgsolano,UCU-otJc-tmCPa7NoLC6MpUA,How long have you had them? Does the material lining the headphones chip or peel off over time?,0,2024-09-20 02:17:27+00:00,Comfort,95,0.6452219193672524,0.0,0.06791907465376391,0.7131409940210163,Very Negative,-2
Anker Soundcore Space One,comparison,Ugysn93AfT5almG2j7N4AaABAg.A5XEgw-l0q1A61kXpgFEqu,OHLKuEUg86M,Ugysn93AfT5almG2j7N4AaABAg,True,@fmspec,UCsQ6ouGheyz81nJBojmzvyg,"​@@ManuthSL i think its the Q45 for me, its well balanced and mature but lacks some features like hands over left cup to mute and talk. I returned the space one and kept the Q45. and i like the hard carrying case of the Q45",0,2024-07-18 13:51:33+00:00,Comfort,223,0.5404603796666875,0.0,0.1604046231184637,0.7008650027851512,Negative,-1
Anker Soundcore Space One,review,UgzO-LlD4Cx06JbEfpp4AaABAg,M-p0BRhlugs,UgzO-LlD4Cx06JbEfpp4AaABAg,False,@ledgamer3554,UCZEofjJgc9cflddH5qpEfoQ,Can they connect to pc,1,2024-10-10 05:10:01+00:00,Comfort,22,0.6784059878898084,0.005917159413185834,0.01517341029498981,0.6994965575979841,Neutral,0
Anker Soundcore Space One,review,Ugwob9vCEaqXo1h3mIt4AaABAg.9zDzhbpaeI7A9n4TVVfli3,M-p0BRhlugs,Ugwob9vCEaqXo1h3mIt4AaABAg,True,@jaysupe1268,UCQ04lf9BFsOHcKEDgGmoljA,Lol true,0,2024-10-19 21:50:44+00:00,Comfort,8,0.6943960582146327,0.0,0.00505780343166327,0.699453861646296,Very Positive,2
Anker Soundcore Space One,unboxing,UgwM1A7GHcM7YQqnugR4AaABAg,HkBnSY8XpJQ,UgwM1A7GHcM7YQqnugR4AaABAg,False,@hobby523,UClYqFMbgUe_JyKXS1DhQ-jA,One of the best review😊,0,2024-10-10 18:54:52+00:00,Comfort,23,0.679350739496932,0.0,0.015895953642370276,0.6952466931393023,Very Positive,2
Anker Soundcore Space One,comparison,Ugy0D98gzZHOiPLHoGh4AaABAg,OHLKuEUg86M,Ugy0D98gzZHOiPLHoGh4AaABAg,False,@gangster3474,UCfY1Jp9jHYMM1qlBtLhTATw,Good looking thank you gonna stick with the space one q45 would of been great but on a budget .. under 100 bucks is a steal for almost the same specs,0,2024-08-15 17:41:26+00:00,Comfort,149,0.5869046634126329,0.0,0.10693641541230914,0.6938410788249421,Positive,1
Anker Soundcore Space One,review,UgzQT4TdD4Tyd5-xWjZ4AaABAg,M-p0BRhlugs,UgzQT4TdD4Tyd5-xWjZ4AaABAg,False,@ThePerfectBalls,UCmZ3PotrA2aTELOuaNk1qWw,Great video and found a niche but valid comparison that matches a price point people are looking for videos on,39,2024-04-14 14:48:37+00:00,Comfort,110,0.38384025960913926,0.2307692171142475,0.07875722486447093,0.6933667015878577,Neutral,0
Anker Soundcore Space One,comparison,Ugy7nqPCxhkhwt557e54AaABAg,OHLKuEUg86M,Ugy7nqPCxhkhwt557e54AaABAg,False,@ahmedshwehdi5933,UCtVRj6hzj7IA4vCyT3tu3XA,Thank you,0,2024-10-13 23:08:18+00:00,Comfort,9,0.6845889749236637,0.0,0.005780346779043737,0.6903693217027074,Positive,1
Anker Soundcore Space One,review,UgwHebI7v-4VDb1nWjN4AaABAg.9vMQdl0HdkUA7AQ-kYSTwk,M-p0BRhlugs,UgwHebI7v-4VDb1nWjN4AaABAg,True,@eromoseleaigbomian5522,UC0ye3L0Rtzf3rkqjzGToyyA,Please which did you go with in the end? Because right now I’m in the same situation as you were and I’m really confused,1,2024-08-15 19:06:30+00:00,Comfort,120,0.5870020955154952,0.005917159413185834,0.08598265833827559,0.6789019132669566,Neutral,0
Anker Soundcore Space One,comparison,UgyoGDkauIhdG_VqQTB4AaABAg,OHLKuEUg86M,UgyoGDkauIhdG_VqQTB4AaABAg,False,@Dave_Bones,UCEdu7HPm-mYM0bnMgJALrTA,"Do they cause much much pressure on the upper jaw,currently using the Sony xm5s,they’re great but do make my jaw ache after prolonged usage….wondering if these my be a bit kinder and less pressure on the upper jaw,cheers for any response…",0,2024-06-27 21:24:16+00:00,Comfort,238,0.5063431658690101,0.0,0.1712427733291707,0.6775859391981808,Neutral,0
Anker Soundcore Space One,review,Ugx2S2_n4ESnqnTCab54AaABAg,M-p0BRhlugs,Ugx2S2_n4ESnqnTCab54AaABAg,False,@brubrushanghai,UCOvJ5oXaaurJYp9d2PNKdHw,Thanks for the review,0,2024-09-13 12:55:22+00:00,Comfort,21,0.6344073186474098,0.0,0.014450866947609343,0.6488581855950192,Neutral,0
Anker Soundcore Space One,comparison,Ugyl_sE6Yaty74-fbCZ4AaABAg,OHLKuEUg86M,Ugyl_sE6Yaty74-fbCZ4AaABAg,False,@sooyeol1,UCIqqB9vJmAbCnkxgoh2hEbg,Came across a reddit post with a few people complaining of the headphones being too large and not fitting on the head properly. I have the same issue. Wish i had seen that post before i bought these headphones.,1,2024-06-17 10:54:53+00:00,Comfort,210,0.48912908566261615,0.005917159413185834,0.15101155960251764,0.6460578046783196,Negative,-1
Anker Soundcore Space One,comparison,UgyrDQNdDoWA5wImyOh4AaABAg,OHLKuEUg86M,UgyrDQNdDoWA5wImyOh4AaABAg,False,@d.julian8337,UCA1DzvTnU4-nLaX1KvBnp0A,"I like the space ones because of the ear detection, and the touch ez chat. Which if ijust wanted headphones? Idk if I would spend more than $50? For just head phone. I do wish the space 1s came with a hard case. And had a better build quality. As they feel flimsy. But we'll see hw long they last. ☕️😎✌️",1,2025-04-20 15:52:51+00:00,Durability,303,0.9958118703682296,0.005917159413185834,0.2182080909089011,1.2199371206903165,Neutral,0
Anker Soundcore Space One,comparison,UgyrdBxH9YKyBkTJrUR4AaABAg,OHLKuEUg86M,UgyrdBxH9YKyBkTJrUR4AaABAg,False,@fjmariano5582,UCb4NKyf_V0UHY41X3prvaYg,Q 45 better built really? I dont think so if you look at the band on it there is a plastic area connecting to the ear piece looks very similar to the old q30 and q45 which had cracking issues from stretching. The metal band pushes against the plastic and after some time it cracks(mine did) the rounder more solid build on space one I think is better,0,2025-03-21 22:07:40+00:00,Durability,350,0.9467615451217829,0.0,0.25216762823578304,1.198929173357566,Very Negative,-2
Anker Soundcore Space One,comparison,UgziZxFr7175zsBkyMp4AaABAg,OHLKuEUg86M,UgziZxFr7175zsBkyMp4AaABAg,False,@trilogen,UCBD0lRTuN121aDGh2AX460w,I have SoundCore Q45 the plastic headband is weak and will start to crack after a month then crumble and fall apart after another couple months. Then the PU sprayed foam earpieces will start to tear that one tear means its over it will keep falling apart so for Soundcore products DO NOT BUY. Any manufacturer that builds the headband using plastic deserves to go out of business. It is dishonest practice saving themselves money and giving you a shit product and they know it. It's not enough to just not buy you have to warn others of shit product and brands.,2,2024-12-02 23:26:53+00:00,Durability,561,0.7670763027371268,0.011834318826371667,0.4046242745330616,1.18353489609656,Very Negative,-2
Anker Soundcore Space One,comparison,Ugz4wnCl1zixJt7UJB14AaABAg.AGbkgxYr6GmAGhL_lKQqTt,OHLKuEUg86M,Ugz4wnCl1zixJt7UJB14AaABAg,True,@tedwilson1477,UCQ0YUNybJbLFvxs_0xs0GnA,Problem with the headband cracking? Same here. Im gonna try the Space One's as they have an updated headband design.,0,2025-04-09 16:04:35+00:00,Durability,116,0.9776827797804682,0.0,0.08309248494875372,1.060775264729222,Negative,-1
Anker Soundcore Space One,review,Ugw53RZKjQU2tBrxsi54AaABAg.A8aJ8kHtDKfA9zzhmUXxR5,M-p0BRhlugs,Ugw53RZKjQU2tBrxsi54AaABAg,True,@NoscoperSans,UCBQvD2rGUWs8kNGDC4zboeQ,"Space One owner here, after a year everything is great, the only damage there is is from hefty falls(scratches and one crack), otherwise they are in great condition, the material is in shape, no chips, the plastic is the same color, the build quality is great, it’s just that the plastic isn’t durable enough for me, for a normal user they’ll be just fine even after 2 years i think",1,2024-10-24 22:10:31+00:00,Durability,382,0.7026653216046443,0.005917159413185834,0.275289015351958,0.9838714963697881,Neutral,0
Anker Soundcore Space One,review,UgxD1bz4e9MuQreDl6h4AaABAg.AB8mERJ2JIOACxTJhni1wY,M-p0BRhlugs,UgxD1bz4e9MuQreDl6h4AaABAg,True,@irensaga561,UCWSd6HrKIwi4xzZOMMMpiQA,I have owned the 720s for about a year now. They are not in a case and are regularly chucked into my bag. No damage except a few scratches from metal things in my bag.,0,2025-01-06 12:14:26+00:00,Durability,167,0.824032334477227,0.0,0.11994219566515754,0.9439745301423845,Negative,-1
Anker Soundcore Space One,comparison,UgxCeQM6OnnQrgXnwvx4AaABAg,OHLKuEUg86M,UgxCeQM6OnnQrgXnwvx4AaABAg,False,@fayezfamfa,UCHelMw76eibYB3FDQHZ7c0w,How about : which one is better for running?,0,2025-01-27 20:02:36+00:00,Durability,44,0.859204292784985,0.0,0.031069363937360088,0.890273656722345,Neutral,0
Anker Soundcore Space One,review,Ugwj93XAXtIBgPECIZJ4AaABAg,M-p0BRhlugs,Ugwj93XAXtIBgPECIZJ4AaABAg,False,@halemcdan1,UCwuSZ2PhzHGh0ueF_35Zgqw,Was going to get the Sony but it seems they don't work with Samsung TV.,0,2025-01-14 22:01:25+00:00,Durability,71,0.8378992096200844,0.0,0.0505780343166327,0.888477243936717,Negative,-1
Anker Soundcore Space One,unboxing,UgyoJhv-6rzI8-aX05d4AaABAg,HkBnSY8XpJQ,UgyoJhv-6rzI8-aX05d4AaABAg,False,@Redeyeeditorx_x,UClvlRLjRsXaaHgiE11KLkNw,I found some on eBay for $80  brand new and I’m thinking of getting them but I’m still thinking if I should get the beat studio 3,0,2024-12-15 19:24:37+00:00,Durability,129,0.7882399909988337,0.0,0.0924855484646998,0.8807255394635335,Neutral,0
Anker Soundcore Space One,review,UgyZEnVNoQIBSPULr_V4AaABAg.A5EZ9VUdywHAA--N7kWKZp,M-p0BRhlugs,UgyZEnVNoQIBSPULr_V4AaABAg,True,@NoscoperSans,UCBQvD2rGUWs8kNGDC4zboeQ,"tf?
in my country they are the same price
i bought my Space Ones for the same price i see CH720N’s on a marketplace(bought Space Ones also on the same marketplace)
On official retailers the difference is 20$~
So, no, they are not double the price",0,2024-10-24 22:16:18+00:00,Durability,246,0.702671945613205,0.0,0.17702312010821444,0.8796950657214194,Neutral,0
Anker Soundcore Space One,unboxing,UgxMAbuFHEpJ1S5gnFl4AaABAg,HkBnSY8XpJQ,UgxMAbuFHEpJ1S5gnFl4AaABAg,False,@abaciphotojoeroberts6230,UCrfL77l0iFqsmNbzodCO_1w,Been using these for a year now. The anc is close to worthless. I can have a full conversation with someone while wearing them,0,2024-12-08 17:39:22+00:00,Durability,126,0.7765741956342751,0.0,0.09031791842255839,0.8668921140568335,Positive,1
Anker Soundcore Space One,comparison,UgyOm2lCTV3t55to8xZ4AaABAg,OHLKuEUg86M,UgyOm2lCTV3t55to8xZ4AaABAg,False,@WorthlessDeadEnd,UCuGFFy-2JYkAwhL9E2cZz6Q,"I know this video is a year old now, but which would be better (more comfortable, more durable, more rugged) for sleeping with?",0,2024-12-07 17:02:59+00:00,Durability,127,0.774883202693865,0.0,0.09104046176993887,0.8659236644638039,Neutral,0
Anker Soundcore Space One,review,Ugwn9_ZSa5MIu1Pdy9B4AaABAg,M-p0BRhlugs,Ugwn9_ZSa5MIu1Pdy9B4AaABAg,False,@exceptional_one_,UCDZcR13NVdqZ3dTr0AU8PMw,Which one is have better base ?,0,2025-01-14 16:02:52+00:00,Durability,31,0.8374885401786899,0.0,0.021676300421414014,0.8591648406001039,Negative,-1
Anker Soundcore Space One,unboxing,UgxMAbuFHEpJ1S5gnFl4AaABAg.ABnNSCt86x9ABtWhHvUHX6,HkBnSY8XpJQ,UgxMAbuFHEpJ1S5gnFl4AaABAg,True,@sukhdevr3489,UCwLoTzm9ztd0-W-o5BaeU7Q,Damn that's a shame. Did you have some older ankers like the q30s or q35s to compare them to?,0,2024-12-11 02:55:39+00:00,Durability,93,0.7805099829916115,0.0,0.06647398795900297,0.8469839709506144,Very Negative,-2
Anker Soundcore Space One,comparison,Ugyq6QFgCbSta0u4q0N4AaABAg.ABTHpuf4P-YACpJHVmyZum,OHLKuEUg86M,Ugyq6QFgCbSta0u4q0N4AaABAg,True,@Maxparker123,UCMWinurC2i3yukcf4Ynnbig,@@Emre-fr6kl q45 for seems more durable,0,2025-01-03 08:12:50+00:00,Durability,39,0.8188076524974061,0.0,0.027456647200457752,0.8462642996978638,Positive,1
Anker Soundcore Space One,review,UgxD1bz4e9MuQreDl6h4AaABAg,M-p0BRhlugs,UgxD1bz4e9MuQreDl6h4AaABAg,False,@hisstori7710,UC8dNIFyI5q54bNoYm7TnjFw,Dunno how you think the Sony's have better build quality when those headband adjusters will the first thing to break on 'em lol.,0,2024-11-22 13:56:35+00:00,Durability,128,0.7499298943184771,0.0,0.09176300511731933,0.8416928994357964,Neutral,0
Anker Soundcore Space One,comparison,Ugw3tcZk8R9fA-QP3W14AaABAg,OHLKuEUg86M,Ugw3tcZk8R9fA-QP3W14AaABAg,False,@buggybunny11,UCvXnosoFlk_lUpRnHKwvgIg,Space one the best,0,2024-12-19 14:13:08+00:00,Durability,18,0.7944805133692929,0.0,0.012283236905467941,0.8067637502747609,Very Positive,2
Anker Soundcore Space One,comparison,Ugw4g2x_nRIZBJZRAix4AaABAg,OHLKuEUg86M,Ugw4g2x_nRIZBJZRAix4AaABAg,False,@megslive7435,UCObXxO9F_Ofhuxkomksx8Kw,for 40$ differance which would you choose,0,2024-12-07 17:45:39+00:00,Durability,41,0.7749320714601909,0.0,0.028901733895218686,0.8038338053554096,Neutral,0
Anker Soundcore Space One,unboxing,Ugx2jhLXBjfsPhcztA94AaABAg,HkBnSY8XpJQ,Ugx2jhLXBjfsPhcztA94AaABAg,False,@yourishasoobaran8272,UCQfg8MJ1K58NCs8eN0ZvGDw,Does the headbands break easily?,0,2024-12-02 23:55:42+00:00,Durability,32,0.7671093082437587,0.0,0.02239884376879448,0.7895081520125532,Negative,-1
Anker Soundcore Space One,comparison,UgyFkwkfnPLpofEKrJN4AaABAg,OHLKuEUg86M,UgyFkwkfnPLpofEKrJN4AaABAg,False,@kaveellilmohun9634,UCzzHmzujdMPFeYju0srrBkg,Do these headphones break easily?,1,2024-11-24 18:36:39+00:00,Durability,33,0.7535493136819387,0.005917159413185834,0.02312138711617495,0.7825878602112994,Very Negative,-2
Anker Soundcore Space One,review,UgzNI9E5UwB_bfnoK7Z4AaABAg,M-p0BRhlugs,UgzNI9E5UwB_bfnoK7Z4AaABAg,False,@Gacho.213,UCcXwMY5ruszlrnGDQEHmWVg,Do you think the Sonys can be used to go on runs,0,2024-11-10 20:21:47+00:00,Durability,48,0.7305792372874623,0.0,0.03395953732688196,0.7645387746143443,Neutral,0
Anker Soundcore Space One,review,UgwdAvzo0feloNrAnid4AaABAg,M-p0BRhlugs,UgwdAvzo0feloNrAnid4AaABAg,False,@bigmunyuh3713,UCwtyIZTIDzs3hsKjZTLOe3g,Is the Sony good for gaming,0,2024-11-17 07:54:24+00:00,Durability,27,0.7412684590786999,0.0,0.018786127031892145,0.7600545861105921,Positive,1
Anker Soundcore Space One,review,UgzJcXB4HLhacEb992t4AaABAg,M-p0BRhlugs,UgzJcXB4HLhacEb992t4AaABAg,False,@The_x_psyborg,UCcjrMfrCJB61USlz2q9ixkg,Looks like big dawgs😂,0,2024-11-15 08:05:50+00:00,Durability,21,0.737982912653926,0.0,0.014450866947609343,0.7524337796015353,Very Positive,2
Anker Soundcore Space One,comparison,UgxijUrTupCMEEAcHpd4AaABAg.AAG7YLW8fpbAAGBSxXEJyC,OHLKuEUg86M,UgxijUrTupCMEEAcHpd4AaABAg,True,@CEONTHEMAKING,UCULadXL9c5fjMXRsXUuM-cw,havent tried the ATH M50,0,2024-10-31 14:29:03+00:00,Durability,24,0.7136820213983512,0.0,0.016618496989750743,0.730300518388102,Negative,-1
Anker Soundcore Space One,review,UgxXisvVqO-Bz-XsRat4AaABAg,M-p0BRhlugs,UgxXisvVqO-Bz-XsRat4AaABAg,False,@Chrissumm96,UCZ6rDLlR6GxfYJu61285Xwg,"I've got both in my amazon basket, can't decide which",2,2024-09-14 16:55:28+00:00,Durability,53,0.6363316408576644,0.011834318826371667,0.03757225406378429,0.6857382137478203,Very Positive,2
Anker Soundcore Space One,comparison,UgzbYz65z8dnwgQZySZ4AaABAg,OHLKuEUg86M,UgzbYz65z8dnwgQZySZ4AaABAg,False,@dhdclub,UCTevYlo95K-rMw7sOJFr4Lw,"There is said in video that Q45 dont have floating axis... but it is not true... it has. When you tried to show it, you didnot do it properly ;-) Testing it inwards like you have done make no sense, it it flexible if you try to move it outwards.",0,2024-06-15 23:09:31+00:00,Durability,245,0.48667186482706687,0.0,0.176300576760834,0.6629724415879008,Neutral,0
Anker Soundcore Space One,unboxing,Ugw2FVGGvfrlBqFnSql4AaABAg,HkBnSY8XpJQ,Ugw2FVGGvfrlBqFnSql4AaABAg,False,@thabangsomo2383,UCfeOiKQcwerzzxPbK2ZpJTQ,"I got the Q20 and Q30s

Then I got the XM5's, and I was just so disappointed in them, I expected a lot more, but Anker does give you value for money.

However, headsets are just headsets and are just headsets.

I might go ahead and order these ones they have some sort of special attached to them, 10 - 15% off type thing",0,2024-05-08 07:30:55+00:00,Durability,321,0.42292263551234016,0.0,0.2312138711617495,0.6541365066740896,Neutral,0
Anker Soundcore Space One,comparison,UgzCQgnapxisVTKnR2N4AaABAg,OHLKuEUg86M,UgzCQgnapxisVTKnR2N4AaABAg,False,@zionfreeman303,UCpfaUHN-C3UO7CiEzSNH6ow,Based on some reviews I've seen compareing the both. The Q45 doesn't seem like its worth the price jump. But it does come with a cool case so there''s that.,0,2024-07-13 13:11:54+00:00,Durability,156,0.5321683617573552,0.0,0.11199421884397241,0.6441625806013276,Neutral,0
Anker Soundcore Space One,comparison,Ugy5Qet2-AnA9lLhaXd4AaABAg,OHLKuEUg86M,Ugy5Qet2-AnA9lLhaXd4AaABAg,False,@GoldsmithAnsel-f3x,UCjTqCNQY97Pj2Di-R2fk4eA,Becker Fields,0,2024-09-12 08:41:34+00:00,Durability,13,0.6324673049817179,0.0,0.008670520168565605,0.6411378251502835,Very Negative,-2
Anker Soundcore Space One,unboxing,Ugw0ylcOH8Qsc7j-PHV4AaABAg,HkBnSY8XpJQ,Ugw0ylcOH8Qsc7j-PHV4AaABAg,False,@yamum_hunter34,UC-EbXl4B5tFaGhj8u40GkdA,"Every time I see this kind of video, my IQ goes down by 10",0,2024-08-14 16:49:49+00:00,Durability,58,0.5851962227954955,0.0,0.04118497080068663,0.6263811935961822,Neutral,0
Anker Soundcore Space One,comparison,Ugytd4gkUEY_igex1654AaABAg,OHLKuEUg86M,Ugytd4gkUEY_igex1654AaABAg,False,@nrazuann,UCABBrLg3WLHUVIB10gt7OSQ,"bruh in my country right now, they both are at the same price, definitely will go for the q45 🗿",2,2024-06-09 16:51:31+00:00,Durability,95,0.4763429929193975,0.011834318826371667,0.06791907465376391,0.5560963863995331,Neutral,0
Anker Soundcore Space One,comparison,UgwrpUf9_WANhbuK-yZ4AaABAg,OHLKuEUg86M,UgwrpUf9_WANhbuK-yZ4AaABAg,False,@JulianR0108,UC-FNDpcPmX-XUirdPmcjtgg,ok so what I got out of this video is “GET THE Q45!” which is what I would do either way.,1,2024-05-26 20:18:13+00:00,Durability,89,0.45348924709601107,0.005917159413185834,0.0635838145694811,0.522990221078678,Neutral,0
Anker Soundcore Space One,unboxing,Ugy7s9qPBdG-ZIcfluZ4AaABAg,HkBnSY8XpJQ,Ugy7s9qPBdG-ZIcfluZ4AaABAg,False,@abelsoverlandadventure,UC4V9FAeO7o_v_e3BeWNAf_A,"Beats quality always was a problem for me. When everyone were getting beats back in 2013, I got the Vmoda LP Crossfade (really 1st Gen) going into 2024 and they are still bussing like the first day. But since I want bluetooth headphones. I think this will make the work perfectly",1,2024-01-08 10:04:37+00:00,Durability,279,0.22353085312377297,0.005917159413185834,0.20086705057176987,0.4303150631087287,Neutral,0
Anker Soundcore Space One,unboxing,UgwsLPvJo0IbWBU0U8Z4AaABAg,HkBnSY8XpJQ,UgwsLPvJo0IbWBU0U8Z4AaABAg,False,@debbiecalamatta9391,UCTf5DESi551AfZLq5I_I_EA,"Hi I got these too and they are awesome. One question on the left headphone you have that sensor, do you remove the plastic on it?",0,2024-03-15 12:20:55+00:00,Durability,130,0.3341914637794565,0.0,0.09320809181208026,0.42739955559153675,Positive,1
Anker Soundcore Space One,review,UgzMTkGeV_S1gtiSIgl4AaABAg.9un39Jl6H5R9xhu8zeDiVt,M-p0BRhlugs,UgzMTkGeV_S1gtiSIgl4AaABAg,True,@mazenalabdallah4238,UCzO26V-3lS37aoehbTjHNCg,"I ended up buying the Sony WH-CH720N headphones from eBay for $70. They were labeled as certified refurbished, and they’ve been working great so far. It connects with the Sony app as well.",0,2023-11-29 18:47:29+00:00,Durability,188,0.1581568900436039,0.0,0.13511560596014735,0.29327249600375127,Very Positive,2
Anker Soundcore Space One,unboxing,UgzGuQOuZxNONaTgopB4AaABAg,HkBnSY8XpJQ,UgzGuQOuZxNONaTgopB4AaABAg,False,@CCooke-fm7jr,UCt-v0oe7ebOssG_bN-7DSiA,Hate the design tho😭 feel like they’re really big on the sides,0,2024-01-17 22:27:41+00:00,Durability,62,0.23922582100381884,0.0,0.0440751441902085,0.28330096519402737,Negative,-1
Anker Soundcore Space One,unboxing,Ugz-vq2jLN0CTF8CZVF4AaABAg,HkBnSY8XpJQ,Ugz-vq2jLN0CTF8CZVF4AaABAg,False,@Shady88Italy,UCINy4A2V07m7-RyMSs_JJuQ,"Jeez, that colour is spectacular!",6,2024-01-05 03:21:23+00:00,Durability,33,0.21812104251276895,0.035502956479115,0.02312138711617495,0.2767453861080589,Very Positive,2
Anker Soundcore Space One,review,Ugz5iNoVvTb8yphJ6VR4AaABAg,M-p0BRhlugs,Ugz5iNoVvTb8yphJ6VR4AaABAg,False,@atillaonurpehlivan2844,UC5LuukreyEv7Po_lI33ywhg,did they fixed the 720n's bluetooth drop issue ? I have returned because of it,22,2023-09-22 21:38:55+00:00,Durability,78,0.04619942450154599,0.13017750709008832,0.055635837748295974,0.23201276933993029,Neutral,0
Anker Soundcore Space One,review,UgyIVuAzJ-5N0S3vzoR4AaABAg.9uv_3OB1ny39xWRtTYyrB-,M-p0BRhlugs,UgyIVuAzJ-5N0S3vzoR4AaABAg,True,@roopkd,UCUd5mGZcpENg8wLX6kTNBTQ,"You’re making no sense, making your opinion invalid",0,2023-11-24 22:40:57+00:00,Durability,51,0.1501776895068431,0.0,0.036127167369023355,0.18630485687586645,Very Negative,-2
Anker Soundcore Space One,unboxing,Ugzt_lgiPRd5RqFtcz94AaABAg,HkBnSY8XpJQ,Ugzt_lgiPRd5RqFtcz94AaABAg,False,@Anotherclevername20,UCYSY5nivP-QsLWRvneQY2fA,Lmao the excatly same drivers as the LQ30s I have. A fresh coat of paint and slightly more durable band isn't worth an extra 60 bucks.,0,2023-10-10 13:18:33+00:00,Durability,134,0.07531409922320513,0.0,0.09609826520160213,0.17141236442480726,Positive,1
Anker Soundcore Space One,unboxing,UgxCsj02M35XMaSEDq94AaABAg,HkBnSY8XpJQ,UgxCsj02M35XMaSEDq94AaABAg,False,@calvinyip364,UCmQEdBIgmgKQdmBpJ38VYhQ,Should do a vacuum cleaner test.,0,2023-11-12 15:54:58+00:00,Durability,32,0.12992084137963364,0.0,0.02239884376879448,0.1523196851484281,Negative,-1
Anker Soundcore Space One,unboxing,UgyMsF0IN_4IbcbQs294AaABAg.9vCiGX0KCq29wMZeoU5xHl,HkBnSY8XpJQ,UgyMsF0IN_4IbcbQs294AaABAg,True,@jeremy7926,UCP8gJWHsxOLTsP1lRn4ifAA,should i get the q45 or these space ones?,1,2023-10-27 06:05:03+00:00,Durability,41,0.10285603960109059,0.005917159413185834,0.028901733895218686,0.13767493290949512,Negative,-1
Anker Soundcore Space One,unboxing,UgyuXTCAh6Id-CI4ePZ4AaABAg.9tqzbZRlQWk9tzkTxiIqb-,HkBnSY8XpJQ,UgyuXTCAh6Id-CI4ePZ4AaABAg,True,@paulmaine,UCgcCi4P-NZ1En-lPXNlcI5Q,The link doesn’t work for me (uk),0,2023-08-29 07:03:43+00:00,Durability,33,0.0056133032082830705,0.0,0.02312138711617495,0.02873469032445802,Negative,-1
Anker Soundcore Space One,comparison,Ugx8v83AKOiFPUw6QBV4AaABAg.A2ABzdRed5cAGOz3hSWaw8,OHLKuEUg86M,Ugx8v83AKOiFPUw6QBV4AaABAg,True,@SonicKiwi123,UCvOWebmAW3Xv9YMwqA5g0gA,"It's funny, I like you have many pairs of headphones, some wired, some Bluetooth, including Several Sony's, a Bose, a couple Sennheisers, a pair of Focal Bathys which are my favorite. The phones I find myself coming back to again and again for general use are the Soundcore Space One. The Bathys sound amazing but they're heavy and I dont always feel comfortable brining that kind of kit with me everywhere I go.  It surprises me just how well the Hear ID software works. Sony's version is not even close. You won't realize it at first, it doesn't really seem like there's much of a difference but if you leave it on, and then you shut it off you'll realize just how much of a difference it makes. I actually think I prefer these over a  flagship model like the Bose QuietComfort or Sony WH-1000X. The noise cancelling on the space one isn't quite up to snuff compared to either of those, but it is at least on par with the Bathys, and is more than adequate.",0,2025-04-02 03:33:32+00:00,Noise Cancellation,958,0.9652773098230982,0.0,0.6914739834431071,1.6567512932662054,Positive,1
Anker Soundcore Space One,comparison,Ugx8v83AKOiFPUw6QBV4AaABAg,OHLKuEUg86M,Ugx8v83AKOiFPUw6QBV4AaABAg,False,@Mnelissen1968,UCynidkQu1IinUnuy-B6Nnfw,"I have many Headphones and earbuds from many manufactures, Sony, Jabra, B&W, B&O and other brands as well.
You can say I'm a collector.
When I came across the Soundcore Q45, I thought, okay, a budget Noise Canceling Headphone, is it any good? What is all the hype about?
I bought myself a pair and boy, it did not disappoint at all.
What impressed me the most was the sound quality.
When you switch to LDAC it becomes even more impressive!
When you select the Hear-ID option, and you go through the complete hearing test, the sound signature you end up with is spot on.
The Noise Canceling is almost on par with the major brands, not as perfect as people claim, but it is very good.
For that kind of money, all the major brands have to be worried, in my opinion.
When you can produce a headphone that can do all the things your flagship headphones can do but for less than half the money, you have to ask yourself, why are all the major brands that expensive.
I like this headphone, what is there not to like about?
Perfect addition to my collection.",74,2024-04-13 10:27:03+00:00,Noise Cancellation,1050,0.381891350300827,0.43786979657575165,0.75794797140211,1.5777091182786886,Very Positive,2
Anker Soundcore Space One,comparison,Ugwdo7VwiGpadEuDUJF4AaABAg,OHLKuEUg86M,Ugwdo7VwiGpadEuDUJF4AaABAg,False,@ozzacassiepophart6349,UCotJE7aNN1TC8geCcXPEwrw,"I am blind and autistic and use soundcore brand headphones because they are the only kind that meet my needs. I have been using the space Q 45 for several months now almost a year and I have had no issue with them. Up until last night when I noticed that the plastic had broke From what I guess is wearing tears. When I put it on the plastic would pop out and if I keep using them, they could basically fall apart while I’m wearing them. It was on the headband. I didn’t use the case for the headphones because they didn’t fit in the case really at all. Or else if they did, it was not in a way that worked well for me to be able to put them in there because of my physical disabilities/problems due to having autism and being blind. The good thing about the drawstring pouch would be that I would be able to put the headset in easier. That totally helps. I’ll have to see what they have when I go into the store today to purchase my new set, and I hope it goes well I use soundcore for a long time and haven’t had to replace my headphones as often as I have with other brands since starting using them. Amazing headphones and they’re one of the only brands that I would recommend if you’re somebody like me who is blind and autistic and sensory sensitive. the other one I recommend is JBL for ANC. The problem with JBL though is that they are not durable like the soundcore ones are..",4,2024-05-30 21:24:37+00:00,Noise Cancellation,1385,0.46016258256760617,0.023668637652743334,0.9999999927745665,1.483831212994916,Very Negative,-2
Anker Soundcore Space One,review,UgxMgxuH9YRxx1_yrtl4AaABAg.A1vMHK0yG2IA8r8GnEmbBQ,M-p0BRhlugs,UgxMgxuH9YRxx1_yrtl4AaABAg,True,@beograd07,UCzkwtqaKZLkvTcp4xAr03yg,"@@agenericboringhomosapien8108 I got the Space One and I can confirm you can have NC while connected with AUX port. The trick is to let them connect to your phone using BT but dont play anything on your phone. Then connect your AUX 3,5mm plug into IFE or any other 3,5mm source and you can listen to your source through AUX and have a perfect NC. But I found a third solution even better. I got one of those cheap BT 5.1 receivers / transmitters with 3,5mm compatibility plug and it is even better. I plug my BT transmitter adapter to the IFE using TX mode and it instantly connects to my Space One. Now I can use any BT cans or buds on my flights. There is almost no lag and after a while I switched completely to my Soundcore Liberty 3 Pro buds. They are ANC too but more comfortable in confined space like a economy seat on long haul flight.",0,2024-09-26 15:09:32+00:00,Noise Cancellation,844,0.6560021592357719,0.0,0.6091040418417338,1.2651062010775056,Positive,1
Anker Soundcore Space One,review,Ugwm_9xrI7chSPgtmyh4AaABAg,M-p0BRhlugs,Ugwm_9xrI7chSPgtmyh4AaABAg,False,@jackg5321,UC6pgJUjP12RfSXFknS0dIJw,That ANC test was so useful and practical comparison how they'd actually sound like. You are goat,150,2023-12-01 00:55:33+00:00,Noise Cancellation,97,0.1602277803741125,0.887573911977875,0.06936416134852484,1.1171658537005125,Very Positive,2
Anker Soundcore Space One,review,UgzlVZQo4_m1skhjeKd4AaABAg.A3NexSQXvCpAH4iZIG4dDw,M-p0BRhlugs,UgzlVZQo4_m1skhjeKd4AaABAg,True,@JericoBuera-15,UCJYkmXDWbH2vfN57RAV8jig,"​@@jaysmooth1613the headphones can detect if you're wearing it or not, if you take the headphones off while playing music then it will automatically turn the music off",0,2025-04-19 03:15:53+00:00,Noise Cancellation,167,0.993295548868405,0.0,0.11994219566515754,1.1132377445335626,Neutral,0
Anker Soundcore Space One,unboxing,UgylD3XWM3gASGTUt6J4AaABAg,HkBnSY8XpJQ,UgylD3XWM3gASGTUt6J4AaABAg,False,@notrace55806,UCdnGNyee3aeI4Xx2ifIQzCw,A tip with hear ID: turn off your phones eq when you perform the test for optimal results.,0,2025-04-05 15:53:49+00:00,Noise Cancellation,90,0.9710731645987153,0.0,0.06430635791686158,1.0353795225155769,Neutral,0
Anker Soundcore Space One,comparison,Ugz6Pzp4n2t-WzCaTnx4AaABAg,OHLKuEUg86M,Ugz6Pzp4n2t-WzCaTnx4AaABAg,False,@arsalansiddiqui5353,UCzELNhoqsc9JKO0MznhKD6w,"I got the spaceone last week I really am loving it's ANC and how well it works, but don't really like the sound it produces, it's not as vibrant as my (now almost 8 years old) "" Marleys positive vibrations"". And due to that I'm not in content with this purchase.
I ordered q45 and Sony's ULT  as well let's see how those are, hope I find one which I'm happy with.",0,2024-11-27 18:30:26+00:00,Noise Cancellation,363,0.7584901559404703,0.0,0.26156069175172914,1.0200508476921994,Negative,-1
Anker Soundcore Space One,review,UgzQtHZ0OkOrM6EnE2h4AaABAg,M-p0BRhlugs,UgzQtHZ0OkOrM6EnE2h4AaABAg,False,@robertarnold9883,UCYmZtxuFBwsDhECYKPcm6sA,"Why are you calling them Whatcha’s? I don’t think that’s how Sony (or anyone else) pronounces WH-CH… No hate, just curious because this is the second vid I’ve seen you call them that. And I had no clue what you were talking about the first time",1,2024-12-28 14:34:16+00:00,Noise Cancellation,244,0.8093486064516145,0.005917159413185834,0.17557803341345352,0.990843799278254,Very Negative,-2
Anker Soundcore Space One,review,Ugwr9OUDQdVqKiPWlLt4AaABAg.A7RI5mNXkZhAA--6Ooh721,M-p0BRhlugs,Ugwr9OUDQdVqKiPWlLt4AaABAg,True,@NoscoperSans,UCBQvD2rGUWs8kNGDC4zboeQ,"@@agenericboringhomosapien8108soundcore is reliable if you care for them at least a bit. For me they worked flawlessly for a year and now they have 2 problems:
1. strange hissing noise with ANC on if the left earcup gets close to the shackle.
2. sound pause after taking them off also stopped working and doesn’t want to calibrate.",0,2024-10-24 22:14:01+00:00,Noise Cancellation,331,0.7026693303706321,0.0,0.23843930463555416,0.9411086350061862,Neutral,0
Anker Soundcore Space One,review,UgwEawQ1LPtHtnWwr3R4AaABAg,M-p0BRhlugs,UgwEawQ1LPtHtnWwr3R4AaABAg,False,@raynesispearl2650,UCCMAv3xyEUApj21HNWYDELw,"Bought the sony a week ago and man i wear then for hours!!!! Lightweight, great sound and great ANC!",0,2025-02-02 19:03:01+00:00,Noise Cancellation,100,0.8690319734973858,0.0,0.07153179139066625,0.940563764888052,Very Positive,2
Anker Soundcore Space One,review,Ugz5iNoVvTb8yphJ6VR4AaABAg.9uz6i08DM1HADlaNg_EIXS,M-p0BRhlugs,Ugz5iNoVvTb8yphJ6VR4AaABAg,True,@AD-vx7vn,UCU_QF9aQA0CmVfUFRHBn7iw,Does that mean it disconnects?,0,2025-01-26 18:05:24+00:00,Noise Cancellation,30,0.8574207355289833,0.0,0.020953757074033547,0.8783744926030169,Very Negative,-2
Anker Soundcore Space One,unboxing,Ugx2aPpI4qxzb5DlsU54AaABAg,HkBnSY8XpJQ,Ugx2aPpI4qxzb5DlsU54AaABAg,False,@denizyagmuraslan-vg8ed,UCrifBGx7OERaA7kw8HbaOmw,No no no! I used space one and I returned it because ANC was weak. Then I tried the Q20i at the mall and ANC was great.and I bought it it really cuts out the road noise well,0,2024-11-19 15:46:22+00:00,Noise Cancellation,173,0.7451076733544569,0.0,0.12427745574944035,0.8693851291038973,Positive,1
Anker Soundcore Space One,comparison,Ugxf80AASZyF9s1N_vB4AaABAg,OHLKuEUg86M,Ugxf80AASZyF9s1N_vB4AaABAg,False,@iknowsitall,UCQyJRjWDLHSGE90gJEUJHVw,"“THE TRUTH” , relax bruv it’s a headphone",0,2025-01-05 19:56:12+00:00,Noise Cancellation,41,0.822911903473034,0.0,0.028901733895218686,0.8518136373682527,Very Positive,2
Anker Soundcore Space One,review,UgxMgxuH9YRxx1_yrtl4AaABAg,M-p0BRhlugs,UgxMgxuH9YRxx1_yrtl4AaABAg,False,@beograd07,UCzkwtqaKZLkvTcp4xAr03yg,"Soundcore space one are not the entry level as they have also Q20i and Q30 which are the bottom line Soundcore in ANC cans. Also talking about the NC feature and flying, no one measure or check if the NC is working when connection is through AUX cable. Many brands dont. Soundcore told me this feature works only on Q35 and Q45 cans. Someone commented they do work but not as good as over BT connection. So how does Space one and CH720 perform? Imagine your disappointment when you plug your cans into the back seat IFE and there is no NC available or bearly works. No one covers this in their review. Don't know why.",4,2024-04-07 06:49:08+00:00,Noise Cancellation,617,0.3717458317136891,0.023668637652743334,0.4450867019863678,0.8405011713528002,Negative,-1
Anker Soundcore Space One,review,UgxTTnoNSRxLaxcb7054AaABAg.A7matblHf5NA88CxCawH7P,M-p0BRhlugs,UgxTTnoNSRxLaxcb7054AaABAg,True,@yarahamad4374,UC2NB6lRzwnfMBtUn8DiFVoQ,"@@justadice3970 OKAY thanks pookie<3*.
Side note I bought the Sony one so far I like it. I wished for a a better noise canceling BUT STILL they’re very nice honestly.",12,2024-09-08 19:05:20+00:00,Noise Cancellation,166,0.6265844599841683,0.07100591295823,0.11921965231777708,0.8168100252601754,Positive,1
Anker Soundcore Space One,unboxing,UgyAsk6wn_nnmy2rtKB4AaABAg,HkBnSY8XpJQ,UgyAsk6wn_nnmy2rtKB4AaABAg,False,@TheYuxiaodi,UCD2YOgybwl2gE3E6E1Zh1tg,"so how do you test the noise cancellation, exactly? All we see is text saying that it is on... how do you record the ambient sound exactly?",0,2024-10-13 18:26:24+00:00,Noise Cancellation,139,0.6842660974573993,0.0,0.09971098193850447,0.7839770793959038,Neutral,0
Anker Soundcore Space One,review,Ugw53RZKjQU2tBrxsi54AaABAg.A8aJ8kHtDKfAA-MhPAGT67,M-p0BRhlugs,Ugw53RZKjQU2tBrxsi54AaABAg,True,@rapgsolano,UCU-otJc-tmCPa7NoLC6MpUA,"@@NoscoperSans great feedback, thank you so much",0,2024-10-25 01:40:11+00:00,Noise Cancellation,48,0.7029054657766679,0.0,0.03395953732688196,0.7368650031035499,Positive,1
Anker Soundcore Space One,review,UgylwOAPNHQ4tvE_2y94AaABAg.A9W8L4uhn76A9zzPEOVHJx,M-p0BRhlugs,UgylwOAPNHQ4tvE_2y94AaABAg,True,@NoscoperSans,UCBQvD2rGUWs8kNGDC4zboeQ,"space one
or q45",0,2024-10-24 22:07:51+00:00,Noise Cancellation,16,0.7026622673067491,0.0,0.010838150210707007,0.7135004175174561,Neutral,0
Anker Soundcore Space One,review,Ugwr9OUDQdVqKiPWlLt4AaABAg,M-p0BRhlugs,Ugwr9OUDQdVqKiPWlLt4AaABAg,False,@anshhatwal6791,UCFXXAHChAdLMXc71VWiUM_Q,"my priority is anc as i stay just above busy road,so whcih shud i take ch720n or anker q35 or soaceone or any other?",4,2024-08-22 08:24:31+00:00,Noise Cancellation,116,0.5978120384310474,0.023668637652743334,0.08309248494875372,0.7045731610325444,Neutral,0
Anker Soundcore Space One,review,Ugwr9OUDQdVqKiPWlLt4AaABAg.A7RI5mNXkZhA8-2VgHkbY5,M-p0BRhlugs,Ugwr9OUDQdVqKiPWlLt4AaABAg,True,@Leviathans_monochrome,UCRXhfAXQCSJ2EbkeyJoPusQ,u can go with the space one cause its noise cancellation is on par with the sony xm series,1,2024-09-05 05:41:09+00:00,Noise Cancellation,90,0.6207154165952335,0.005917159413185834,0.06430635791686158,0.6909389339252809,Neutral,0
Anker Soundcore Space One,unboxing,UgwB0xno1rOOSnEx7Ih4AaABAg,HkBnSY8XpJQ,UgwB0xno1rOOSnEx7Ih4AaABAg,False,@GlobeTrotSnaps,UCO14Q9GER513-VhujnREYYg,"# Ordered Space one Headphone. Didn't fit well, headband and adjustable arm not strong enough. Falls off during gym workouts. Initiated return process within a day of receiving the order. Contacted via email for return procedure, was told refund process initiated. However, haven't received refund yet. Lack of trust in the 30-day return guarantee as refund hasn't been received. Attempts to reach out via phone and email unsuccessful, no response.",0,2024-04-04 15:11:57+00:00,Noise Cancellation,448,0.3673737760807228,0.0,0.3229768762790688,0.6903506523597915,Very Negative,-2
Anker Soundcore Space One,review,UgxTTnoNSRxLaxcb7054AaABAg.A7matblHf5NA7wAgJN1NK5,M-p0BRhlugs,UgxTTnoNSRxLaxcb7054AaABAg,True,@yarahamad4374,UC2NB6lRzwnfMBtUn8DiFVoQ,What about noise cancellation? Is it good enough?,6,2024-09-03 17:35:26+00:00,Noise Cancellation,49,0.6182348876488701,0.035502956479115,0.03468208067426242,0.6884199248022476,Neutral,0
Anker Soundcore Space One,unboxing,Ugx2kAgmQLRHSghWuiB4AaABAg,HkBnSY8XpJQ,Ugx2kAgmQLRHSghWuiB4AaABAg,False,@laurentrout3181,UC38IhOIvbXhJCxXXkWZ1Q-Q,"I just recieved the SONY noise cancelling headphone (720N) and when I wear it for less than an hour, I start to feel ""swimmy"" in my brain. (kind of like dizzy and nauseous mixed??) Anyway, has anyone experienced this? I'm thinking of returning the sony ones I just received on the 1st",0,2024-06-05 21:32:48+00:00,Noise Cancellation,284,0.4700678806252732,0.0,0.2044797673086722,0.6745476479339454,Negative,-1
Anker Soundcore Space One,review,UgxNxo7v3YIXET8gJXZ4AaABAg.9vkqJCBCPKtA-J1E1nO1UO,M-p0BRhlugs,UgxNxo7v3YIXET8gJXZ4AaABAg,True,@Blink_Games,UCd8dncCq9xPH2-W9iw8dvEw,"@@wolfwoof2000  I got the WH-CH720NS and their great, the battery isnt as good but theyll still last like 2 days. The noise suppression is great for the price aswell. I recommend especially if u can get a deal on it",0,2024-06-04 03:34:10+00:00,Noise Cancellation,215,0.4671831344418194,0.0,0.15462427633941997,0.6218074107812394,Positive,1
Anker Soundcore Space One,unboxing,Ugz9JpCxIxj8z7ogfNR4AaABAg.9y0cLHHvIFjA6NbKK7jMMU,HkBnSY8XpJQ,Ugz9JpCxIxj8z7ogfNR4AaABAg,True,@AaronVFxcc,UC6i5QfiEMbVcFFhqbtce4NQ,@@Swifty896yes only LDAC works on android,0,2024-07-27 01:32:54+00:00,Noise Cancellation,41,0.5544582460105325,0.0,0.028901733895218686,0.5833599799057512,Neutral,0
Anker Soundcore Space One,review,UgwlxqHim0Ql45tYbzd4AaABAg,M-p0BRhlugs,UgwlxqHim0Ql45tYbzd4AaABAg,False,@jonathangil3919,UCnG53VhitnaRHkqH-KpcXzw,WTF... 😮😮 XM5 ANC is  🤯🤯🤯🤯,0,2024-05-29 14:12:06+00:00,Noise Cancellation,26,0.4580178736748388,0.0,0.018063583684511678,0.4760814573593505,Neutral,0
Anker Soundcore Space One,unboxing,UgxE5Va8VdEK0zjZbcF4AaABAg,HkBnSY8XpJQ,UgxE5Va8VdEK0zjZbcF4AaABAg,False,@Walker956,UCwsvpKC-yaKgqbmwQvoSx-g,i hate autopause.,0,2024-05-21 14:40:51+00:00,Noise Cancellation,17,0.4448562359160225,0.0,0.011560693558087474,0.45641692947411,Very Negative,-2
Anker Soundcore Space One,unboxing,Ugz9JpCxIxj8z7ogfNR4AaABAg.9y0cLHHvIFjA1faBsIqsXh,HkBnSY8XpJQ,Ugz9JpCxIxj8z7ogfNR4AaABAg,True,@saragnunes,UC2sIMzybyVTDibFkbDLJPFg,"I have one too and I love it. It’s simple, comfortable, chip, ANC works just great and the app is amazing!",1,2024-04-01 03:51:37+00:00,Noise Cancellation,106,0.36164658573966607,0.005917159413185834,0.07586705147494906,0.44343079662780094,Very Positive,2
Anker Soundcore Space One,review,UgzMTkGeV_S1gtiSIgl4AaABAg.9un39Jl6H5R9wTAHmUCT54,M-p0BRhlugs,UgzMTkGeV_S1gtiSIgl4AaABAg,True,@Seasniffer1969,UCWEzIP7Ols7PUXKHBaRIO-w,"I bought sonys ch710N on Black Friday because they were cheap ($50usd) and I loved my Sony xm4 earbuds so I figured hey these would be a great pickup for the house.

No sony app connectivity, the and the ANC is just laughable. Doesn't even block out my dryer running with nothing in it. The transparency mode is a joke lol. 

I knew they were Sonys poverty pair but for the retail price they go for I was disgusted.",5,2023-10-29 19:38:27+00:00,Noise Cancellation,415,0.10708631854362619,0.02958579706592917,0.2991329458155134,0.4358050614250688,Very Negative,-2
Anker Soundcore Space One,review,UgzMTkGeV_S1gtiSIgl4AaABAg.9un39Jl6H5R9v6kNCAtqtH,M-p0BRhlugs,UgzMTkGeV_S1gtiSIgl4AaABAg,True,@jasonMB999,UC5MY73RKWCEPNV4xGTdesCQ,"Im sure there is. I got the xb900 when he said it had good ANC,  but the anc on it is so bad it feels like it doesn't have noise cancelling. My skullcandy hesh has way more ANC than the xb900, I just can't be confident that the ANC of the xb910 is an improvement even if he says so. But the ch720n noise cancelling is actually quite good",7,2023-09-26 06:08:07+00:00,Noise Cancellation,337,0.051730605275167284,0.04142011589230083,0.24277456471983697,0.3359252858873051,Neutral,0
Anker Soundcore Space One,unboxing,Ugxb6Fw1h-HaiwWAK_N4AaABAg,HkBnSY8XpJQ,Ugxb6Fw1h-HaiwWAK_N4AaABAg,False,@frannelk,UCMyBuE5P7rjcN_SCYakvBTQ,"With the soundcore q30 you can tap the side of the headphone and you switch between noise cancelling, transparency and other modes, isn't it the same with the ""space one"" model?",0,2023-12-02 12:48:07+00:00,Noise Cancellation,177,0.1626932478139793,0.0,0.1271676291389622,0.2898608769529415,Neutral,0
Anker Soundcore Space One,unboxing,UgyR40R3X_DpnrG7Xrl4AaABAg,HkBnSY8XpJQ,UgyR40R3X_DpnrG7Xrl4AaABAg,False,@Jiggy609,UCqJyKAI19yaEde4yjpxTxVg,SOUNDCORE MAKE A LOWER PROFILE HEADPHONE. THE PART THAT CONNECTS THE BAND TO THE EARCUP STICKS OUT SO FAR.,0,2023-11-08 19:10:45+00:00,Noise Cancellation,106,0.12354780065923898,0.0,0.07586705147494906,0.19941485213418803,Neutral,0
Anker Soundcore Space One,review,UgzMTkGeV_S1gtiSIgl4AaABAg,M-p0BRhlugs,UgzMTkGeV_S1gtiSIgl4AaABAg,False,@mazenalabdallah4238,UCzO26V-3lS37aoehbTjHNCg,I've been thinking about either getting the CH720N's or the XB910N's. Is there a very noticeable difference with the ANC between the two?,9,2023-09-18 05:16:56+00:00,Noise Cancellation,137,0.03847741493693725,0.0532544347186725,0.09826589524374353,0.18999774489935328,Neutral,0
Anker Soundcore Space One,unboxing,UgyuXTCAh6Id-CI4ePZ4AaABAg,HkBnSY8XpJQ,UgyuXTCAh6Id-CI4ePZ4AaABAg,False,@MaxTechOfficial,UCptwuAv0XQHo1OQUSaO6NHw,"Turn Down the Crowd with Soundcore Space One Noise Cancelling Headphones! 🎧
🛒 Amazon ➡ https://soundcore.tech/3035AmIk 
🛒 Soundcore ➡ https://soundcore.tech/3035At8m",10,2023-08-25 21:22:49+00:00,Noise Cancellation,165,0.0,0.05917159413185834,0.11849710897039661,0.17766870310225497,Very Negative,-2
Anker Soundcore Space One,unboxing,Ugzf2KcDuZDO8zAm4NN4AaABAg,HkBnSY8XpJQ,Ugzf2KcDuZDO8zAm4NN4AaABAg,False,@fultonwagner9574,UClIP8KFqiEVJzsnsuTh-8NQ,Is Bluetooth always on when the headphones are on or can I just use ANC without Bluetooth?,0,2023-09-09 19:01:30+00:00,Noise Cancellation,90,0.024577954253408647,0.0,0.06430635791686158,0.08888431217027024,Negative,-1
Anker Soundcore Space One,review,UgxTTnoNSRxLaxcb7054AaABAg,M-p0BRhlugs,UgxTTnoNSRxLaxcb7054AaABAg,False,@justadice3970,UCPrA3p6dUyAuXFp4i8Ms9vQ,"I have the Sony wh-ch720n, while three of my friends have the Soundcore Space One. From personal experience, I strongly recommend going for the Sony. While the Space One does have some tech features that the Sony lacks (which Sony really should include tbh), the difference in sound quality is significant enough that my friends regret not choosing the Sony instead. Additionally, my friends have often complained about some of those tech features not working consistently or even stopping altogether. While the extra features on the Space One might seem appealing, the reliability and superior sound quality of the Sony wh-ch720n make it the better choice.",158,2024-08-31 00:20:46+00:00,Sound Quality,657,0.6121018574749661,0.9349111872833616,0.47398843588158646,2.021001480639914,Neutral,0
Anker Soundcore Space One,review,UgwUYUkT-kmmD5sts0N4AaABAg,M-p0BRhlugs,UgwUYUkT-kmmD5sts0N4AaABAg,False,@aryamanverma3553,UC-U6pX56FiXmKR9upjmHvHg,"Winner of Each Category:

Case/Foldable- Space One (Sony isn't foldable)

Fit- WH-720N (Fit is Same, but Space One looks bulkier and weaker Build Quality)

Tech Specs- Space One (has longer Battery and more Audio Codex)

Sound- WH-720N (Sound is more open/natural, more separation between instruments, and more bass)

Media Controls- Tie

ANC- Space One (Blocks more noise than Sony, compares with WH-1000XM5)

Ambient Mode- Space One (More Features, specifically one where when you start talking, it will automatically pause the music)

Mic- WH-720N (Focuses more on Voice)


Sony WH-720N: Better build quality/lighter, overall Sound is better, Ambient Mode is more natural, and mic is better. 

Space One- Foldable, longer Battery life/more Audio Codex, more features with Ambient Mode, Better ANC",169,2023-11-12 22:24:12+00:00,Sound Quality,799,0.13036665433618666,0.9999999408284058,0.5765895912096128,1.7069561863742053,Positive,1
Anker Soundcore Space One,comparison,Ugz6Pzp4n2t-WzCaTnx4AaABAg.ABM8PjVhx34AFDHmdqfZO9,OHLKuEUg86M,Ugz6Pzp4n2t-WzCaTnx4AaABAg,True,@arsalansiddiqui5353,UCzELNhoqsc9JKO0MznhKD6w,"@ahmadramzan4783  I ended up canceling that order before it arrived. I liked Sony ULT though, it does have a smaller battery but I often  end up charging it every 2-4 days and so never have runout in my experience. 

Space one were lighter and so a bit more comfortable, they also didn't make my ears as warm when using for long periods. But over all since I'm in Winnipeg where it gets really cold so the extra warmth on Sony ULT is more preferable to me, we will see how it is during summer.

But overall sound quality and anc wise I liked Sony ULT more than Space ones. 

Sorry I couldn't help with q45 there",0,2025-03-03 18:05:15+00:00,Sound Quality,611,0.9167961148107302,0.0,0.440751441902085,1.3575475567128152,Neutral,0
Anker Soundcore Space One,comparison,Ugw_rS5ssqrcZmjhq0l4AaABAg,OHLKuEUg86M,Ugw_rS5ssqrcZmjhq0l4AaABAg,False,@tedwilson1477,UCQ0YUNybJbLFvxs_0xs0GnA,"The Q45's headband is prone to cracking/breaking, over time it will weaken and break as they are not good at flexing. Ive had two of them and the same thing happened. Ill try the Space One's next as the headband has an updated design which looks like its better at flexing. The sound on the Q45's are amazing though, better than most £200+ headsets. I hope the Space One's have just as good sound.",0,2025-04-09 16:03:40+00:00,Sound Quality,397,0.9776817298655667,0.0,0.286127165562665,1.2638088954282316,Neutral,0
Anker Soundcore Space One,comparison,UgzyGNgpbWcSfZtLQfF4AaABAg,OHLKuEUg86M,UgzyGNgpbWcSfZtLQfF4AaABAg,False,@ericb3452,UCUBD_JkKbvGrkE5k5OHJPug,"Excellent review by the CEO. His pros and cons on Space 1 spot on. I bought the Space 1 in July (so have had it 3 months). I have heard too that the detail on the Q45 is bit better.  My Q30 headphones unexpectedly broke this past summer. The Space 1 is really nice for all the basics. The are super comfortable re weight and pads (much more comfortable than Sony 720). The sound quality is really good, especially if you do the hearing test and try multiple eqs(I often use acoustic to boost the mids a bit). The mids sound good, and they have nice punchy bass that sounds good but doesn't overwhelm the music. ANC is very good blocks about 75% of machine noise with a great ambient mode. Do really like how music stops automatically when you remove the headband.",2,2024-10-10 04:25:57+00:00,Sound Quality,763,0.6783555156170874,0.011834318826371667,0.550578030703916,1.240767865147375,Positive,1
Anker Soundcore Space One,review,UgxNxo7v3YIXET8gJXZ4AaABAg.9vkqJCBCPKtAGPr9gJ1qpb,M-p0BRhlugs,UgxNxo7v3YIXET8gJXZ4AaABAg,True,@Blink_Games,UCd8dncCq9xPH2-W9iw8dvEw,@aryavsxx I got the Sony whch720n and they were pretty good. They lasted me a good while until a piece of the plastic broke around the right and they were unwearable after that. Also they don’t hide the noise well so people around you can hear what your listening too if it’s too loud. Since then I’ve had better headphones for similar prices but it isn’t bad by any means,0,2025-04-02 16:42:30+00:00,Sound Quality,372,0.9661809620341674,0.0,0.2680635818781533,1.2342445439123206,Positive,1
Anker Soundcore Space One,comparison,UgyUVU8dVaAL9Vj59Yt4AaABAg,OHLKuEUg86M,UgyUVU8dVaAL9Vj59Yt4AaABAg,False,@d.julian8337,UCA1DzvTnU4-nLaX1KvBnp0A,"Also great review, CEONTHEMAKING. Great work. Glad you didnt get all in the sound of headphones. As it is an indiviual thing. Seems tht most of the other reviewers on yt really tried to over explain. And nothing of value about the product. But thanks you, and good work✌️",1,2025-04-20 16:33:27+00:00,Sound Quality,271,0.9958583720536867,0.005917159413185834,0.19508670379272613,1.1968622352595986,Very Positive,2
Anker Soundcore Space One,unboxing,Ugw-cEeW2wifFtS7Xy14AaABAg,HkBnSY8XpJQ,Ugw-cEeW2wifFtS7Xy14AaABAg,False,@slappymcslapster8845,UCAoXzttkPnQcR0Xrx1K6mgw,I'm laughing at all of the idiots that are talking trash about these headphones after hearing a sound test? A sound test that they are probably listening to on their phone with a tiny speaker? And even if they are using earbuds/headphones there's no way that the sound test can translate into a live test and even be somewhat accurate for someone just watching the review. 🤣🙄,0,2025-03-09 11:14:48+00:00,Sound Quality,375,0.9262219262775477,0.0,0.2702312119202947,1.1964531381978425,Very Negative,-2
Anker Soundcore Space One,review,UgwqpQSnKQ6lrAJFzfp4AaABAg.AGHcYKVhekXAH8-RtCGSPN,M-p0BRhlugs,UgwqpQSnKQ6lrAJFzfp4AaABAg,True,@elhouts,UConETLGAfX-gJ_96cf-mnrw,"both are really good. i own the space ones and i love them, battery life is amazing (owned them for 3 weeks and charged them twice only), mic is really good, and i like the bass unlike what he said in the vid",0,2025-04-20 09:49:53+00:00,Sound Quality,208,0.9953961422459461,0.0,0.1495664729077567,1.1449626151537027,Very Positive,2
Anker Soundcore Space One,review,Ugz24MqdEoemrEShFel4AaABAg,M-p0BRhlugs,Ugz24MqdEoemrEShFel4AaABAg,False,@pigsfromagun4050,UCAjA-ir_YNKICmvZ-NBj4_A,You have a lot of Sony products behind you AHEM! 😉 I think the soundcore headphones are realy really good for the price and specs giving the big names a run for there money.very good video .,0,2025-04-22 00:04:46+00:00,Sound Quality,190,0.9980246137466163,0.0,0.1365606926549083,1.1345853064015246,Very Positive,2
Anker Soundcore Space One,review,UgxNxo7v3YIXET8gJXZ4AaABAg.9vkqJCBCPKtAGtEp5tQahv,M-p0BRhlugs,UgxNxo7v3YIXET8gJXZ4AaABAg,True,@Kaizenkk2,UCeV0GCd_5D-CHxLRjLJmQvw,​@@Blink_GamesNah u probably didn't tweak the equalizer because the Ch 720ns are the BEST headphones for the price range and trust me when I say BEST,0,2025-04-14 06:56:24+00:00,Sound Quality,149,0.9853015158974897,0.0,0.10693641541230914,1.092237931309799,Very Positive,2
Anker Soundcore Space One,comparison,Ugz4wnCl1zixJt7UJB14AaABAg,OHLKuEUg86M,Ugz4wnCl1zixJt7UJB14AaABAg,False,@ARTHURYUNZAL,UC6OKMNLea-Mn4xqtJ42jKcg,"Soundcore Q45, nasira na, di ko na ginagamit kasi masakit gamitin, nabali na haizz, itinapon ko na lang. ang huwag ninyong  bilhin - lugi lang kayo",0,2025-04-07 11:57:19+00:00,Sound Quality,147,0.9741009282811198,0.0,0.10549132871754821,1.079592256998668,Very Negative,-2
Anker Soundcore Space One,review,Ugw-1nIjTTcx6sumc5x4AaABAg,M-p0BRhlugs,Ugw-1nIjTTcx6sumc5x4AaABAg,False,@obludaoblada1740,UC7t_ZN2AqbzY4PWYpdZLqOQ,I cannot agree with you on the mic quality. The test you did clearly show a very different result between the two. The quality difference even enough to make or break communication in an online meeting setting. The Soundcore mic quality is adequate for a meeting to continue. The Sony's mic would stop the meeting with everyone asking you to move to a quieter place or just type your answer in the chat box.,0,2024-12-12 02:29:14+00:00,Sound Quality,407,0.7821290472165855,0.0,0.29335259903646965,1.0754816462530552,Neutral,0
Anker Soundcore Space One,review,UgzFuLWUMv_-e60rs494AaABAg,M-p0BRhlugs,UgzFuLWUMv_-e60rs494AaABAg,False,@GYMCADDY,UCW5cHxkagtxS59B48uvhHVQ,"Get Them Here
Sony WH-CH720N: https://howl.link/8g710qo8ffrdv
Soundcore Space One: https://howl.link/ckjcnn2c04p6w
Get $200 When You Signup To Coinbase https://coinbase-consumer.sjv.io/gymcaddy",2,2025-02-25 23:07:27+00:00,Sound Quality,193,0.9072463179387225,0.011834318826371667,0.13872832269704968,1.0578089594621438,Very Positive,2
Anker Soundcore Space One,review,Ugy64YTEblQysXMnfRV4AaABAg,M-p0BRhlugs,Ugy64YTEblQysXMnfRV4AaABAg,False,@GYMCADDY,UCW5cHxkagtxS59B48uvhHVQ,"Sony WH-CH720N: https://geni.us/GC-WHCH720N
Soundcore Space One: https://geni.us/GC-SpaceOne
Get $200 When You Signup To Coinbase https://coinbase-consumer.sjv.io/gymcaddy",1,2025-03-10 20:23:59+00:00,Sound Quality,171,0.9285002607032375,0.005917159413185834,0.12283236905467941,1.0572497891711028,Very Positive,2
Anker Soundcore Space One,review,UgxhWKyBpivKZ6MGTqJ4AaABAg.A8Ex4uBmyPUAGAFwxYYPJd,M-p0BRhlugs,UgxhWKyBpivKZ6MGTqJ4AaABAg,True,@em444,UCNHyuGijn5uYQWfqZmOjSoA,"@@crazy_boy2783 okay, but i did my research. most other creators whose reviews i watched stated that the soundcore has better bass.",0,2025-03-27 10:21:09+00:00,Sound Quality,131,0.955848253164767,0.0,0.09393063515946073,1.0497788883242276,Neutral,0
Anker Soundcore Space One,comparison,UgyzDrCMXAfFTBnUbe54AaABAg,OHLKuEUg86M,UgyzDrCMXAfFTBnUbe54AaABAg,False,@redribbonzx7207,UCnMmT-pJm8a9YR22CCd6n7w,"Boss, which one have more room for ears, bigger ear cups? Asking for people with big ears.",0,2025-03-31 19:52:38+00:00,Sound Quality,90,0.9631000917471071,0.0,0.06430635791686158,1.0274064496639688,Negative,-1
Anker Soundcore Space One,unboxing,UgyGmhX5Cm_mjWO_UZJ4AaABAg,HkBnSY8XpJQ,UgyGmhX5Cm_mjWO_UZJ4AaABAg,False,@byrongman4046,UCYlA6gdJlrGvVXC2XS64HOg,"Great review, nice gear, I road tested against the latest Bose phones, obviously they were a little shy sound and build quality but for £54 uk pounds a bargain. Not sure about your eq settings even for EDM 😝 that is a massive scoop of bass. Thanks",0,2025-01-21 17:07:39+00:00,Sound Quality,247,0.8491079865726863,0.0,0.17774566345559492,1.0268536500282812,Positive,1
Anker Soundcore Space One,comparison,UgzJCyyJvjW8BY6jIHd4AaABAg.ABqUPMPeFD8ACacv5DvmwJ,OHLKuEUg86M,UgzJCyyJvjW8BY6jIHd4AaABAg,True,@noah_cosmo,UC7_IlUN0pp1C3ZjED1tFviw,"@@thomaswinter517 exactly, got the space q45 and now the space one for my mom and those sound way better! I got a beeping noise in the right earcup whenever nothing was playing, and the sound was very disappointing, exactly like you described. I refunded mine and bought the space one as well.",0,2024-12-28 15:24:32+00:00,Sound Quality,293,0.8094061799669423,0.0,0.21098265743509642,1.0203888374020387,Very Negative,-2
Anker Soundcore Space One,comparison,UgzAHQf6014Rie_ub194AaABAg,OHLKuEUg86M,UgzAHQf6014Rie_ub194AaABAg,False,@AliHussain-f5c,UC3rnP1e9spEmPUq9kKVFdpg,"Got the space one from aliexpress, until I watch your video I didn't know the feature of placing the hand over the earcup to listen to outside 😂. Watching Review Videos than reading the paper works sounds more efficient . 😅",0,2025-01-27 04:27:11+00:00,Sound Quality,223,0.8581329023513745,0.0,0.1604046231184637,1.0185375254698381,Neutral,0
Anker Soundcore Space One,comparison,UgyyZ3Lpx07aT_SL2b94AaABAg,OHLKuEUg86M,UgyyZ3Lpx07aT_SL2b94AaABAg,False,@trilogen,UCBD0lRTuN121aDGh2AX460w,I have SoundCore Q45 the plastic headband is weak and will start to crack after a month then crumble and fall apart after another couple months. DO NOT BUY. Any manufacturer that builds the headband using plastic deserves to go out of business. It is dishonest practice saving themselves money and giving you a shit product and they know it.,0,2024-12-02 23:24:30+00:00,Sound Quality,341,0.7670735729583829,0.0,0.24566473810935882,1.0127383110677417,Very Negative,-2
Anker Soundcore Space One,review,UgxiSycbIMlFMF5G3zJ4AaABAg,M-p0BRhlugs,UgxiSycbIMlFMF5G3zJ4AaABAg,False,@Squid-t2v,UCM4ZXax_R_NXBDskFIN_ecQ,"did you really think it was called Wuh-Chuh or you were being funny ? its ""double yew Aych See Aych""",1,2025-03-07 21:00:13+00:00,Sound Quality,100,0.9235937983853906,0.005917159413185834,0.07153179139066625,1.0010427491892426,Neutral,0
Anker Soundcore Space One,review,Ugw-1nIjTTcx6sumc5x4AaABAg.ABw2TeMPCAcAEgUTyRuRZB,M-p0BRhlugs,Ugw-1nIjTTcx6sumc5x4AaABAg,True,@alessandrofranceschini7645,UCSupWkRBoPFeMx61UnP2E4A,Don't know what you heard in the video but to me Soundcore is better only when there's road noise. In the other two ambients Sony were way better,0,2025-02-18 15:00:17+00:00,Sound Quality,145,0.8951430898474613,0.0,0.10404624202278727,0.9991893318702485,Neutral,0
Anker Soundcore Space One,comparison,UgziZxFr7175zsBkyMp4AaABAg.ABZYSAvrSVdACku-nVGsaU,OHLKuEUg86M,UgziZxFr7175zsBkyMp4AaABAg,True,@trilogen,UCBD0lRTuN121aDGh2AX460w,"@@boxbox0000 yep people doing reviews should instantly fail headphones with PU leather and all plastic headband, this is not a $20 Temu people are paying $100+ they deserve every flak and heat for even considering these materials in their final product",0,2025-01-01 15:06:16+00:00,Sound Quality,252,0.8159825414803594,0.0,0.18135838019249725,0.9973409216728567,Very Negative,-2
Anker Soundcore Space One,review,UgxhWKyBpivKZ6MGTqJ4AaABAg.A8Ex4uBmyPUAG9yx9PX-nK,M-p0BRhlugs,UgxhWKyBpivKZ6MGTqJ4AaABAg,True,@crazy_boy2783,UCf5OeVuYjzO0Fqvz5G5C-Sg,@@em444 He literally said sony has better bass,1,2025-03-27 07:43:53+00:00,Sound Quality,46,0.9556681259463875,0.005917159413185834,0.03251445063212102,0.9940997359916943,Very Positive,2
Anker Soundcore Space One,unboxing,UgzfOi3c1iLLULunNxJ4AaABAg,HkBnSY8XpJQ,UgzfOi3c1iLLULunNxJ4AaABAg,False,@roberttrotter2814,UC0K7SAdQYhCWu5BuX4a5liA,"Y'all really need to stop lying to people these are not worth a 100$ and the sound is not good the Q20I is way better didn't get them if your looking
Loud music because there not",0,2025-01-30 18:36:20+00:00,Sound Quality,178,0.86405344883857,0.0,0.12789017248634268,0.9919436213249128,Negative,-1
Anker Soundcore Space One,review,UgxNxo7v3YIXET8gJXZ4AaABAg.9vkqJCBCPKtAGPItVkY18V,M-p0BRhlugs,UgxNxo7v3YIXET8gJXZ4AaABAg,True,@aryavsxx,UCjpsGCQtIQTWId-dXvP0UtQ,yyeah tell us the review,0,2025-04-02 06:35:30+00:00,Sound Quality,24,0.9654857274757336,0.0,0.016618496989750743,0.9821042244654843,Neutral,0
Anker Soundcore Space One,review,Ugz_a669PUaO5bZ8ypx4AaABAg.9wPuxfMzqzEAEnl6LM2vyW,M-p0BRhlugs,Ugz_a669PUaO5bZ8ypx4AaABAg,True,@kyojin2455,UCc9Ac62f9FrdD6Uw6MrKYqg,@@user-rh2vl2go1h no they arent only anc is better stop capping...you prolly listen to the sonys on flat eq,0,2025-02-21 10:49:01+00:00,Sound Quality,107,0.8998032612187703,0.0,0.07658959482232952,0.9763928560410998,Neutral,0
Anker Soundcore Space One,comparison,Ugy7thUAJmKRD6Acuwd4AaABAg,OHLKuEUg86M,Ugy7thUAJmKRD6Acuwd4AaABAg,False,@KhalidX2pher,UCG3lm3Go_55VRo5vnddZafg,"I own Soundcore q20i for almost 6 months now and i just received my soundcore space one early this day, and i don’t like the space one. I ended up using my q20i’s. The space one is too warm and the sound separation ain’t that good. Meanwhile the q20i’s sounded better using the r&b eq. The vocals and bass has separation.  I don’t know perhaps soundcore sent me the defect space ones. I’m going to return the space one. Now i have trust issues",9,2024-08-24 13:46:15+00:00,Sound Quality,443,0.6014791811991239,0.0532544347186725,0.31936415954216646,0.9740977754599629,Negative,-1
Anker Soundcore Space One,review,UgyXpmZ4o05t6v_dCkd4AaABAg,M-p0BRhlugs,UgyXpmZ4o05t6v_dCkd4AaABAg,False,@ash81818,UCFZEu_M2XffXD5gFXftReBw,The Sony wuh chuhs 😂,0,2025-03-23 22:36:34+00:00,Sound Quality,20,0.9500932878022242,0.0,0.013728323600228876,0.9638216114024531,Very Negative,-2
Anker Soundcore Space One,review,UgxxkVFvoWiPDWh8xrR4AaABAg.9xjmn6BmLKiAEnlIa1zP9j,M-p0BRhlugs,UgxxkVFvoWiPDWh8xrR4AaABAg,True,@kyojin2455,UCc9Ac62f9FrdD6Uw6MrKYqg,@@pavankiran4088 because the soundcore sucks quite ironically soundcore pays reviewers,0,2025-02-21 10:50:42+00:00,Sound Quality,86,0.8998051892443167,0.0,0.061416184527339705,0.9612213737716564,Negative,-1
Anker Soundcore Space One,unboxing,UgyGOJ4Xms0m7B9OVRZ4AaABAg,HkBnSY8XpJQ,UgyGOJ4Xms0m7B9OVRZ4AaABAg,False,@ronch550,UC_JzmUA74l4heSpswtQbFCg,"Sound quality depends pretty much on where you're coming from. If you're used to $15 headphones then yeah these will sound great. If you're using higher end headphones, well, that's a different story. Everything is relative.",0,2024-12-17 06:50:11+00:00,Sound Quality,224,0.7906745336725098,0.0,0.16112716646584418,0.9518017001383541,Neutral,0
Anker Soundcore Space One,review,Ugxigv2SdkimwMaCEm54AaABAg,M-p0BRhlugs,Ugxigv2SdkimwMaCEm54AaABAg,False,@seepranavg,UCbZfQrn7D-rs21BTmR91uYg,Which is best option for Windows OS PC? Does audio quality change between phones and Windows and whats are the audio codecs supported on Windows platform?,0,2025-01-16 06:19:52+00:00,Sound Quality,154,0.8401194360283147,0.0,0.11054913214921147,0.9506685681775262,Neutral,0
Anker Soundcore Space One,comparison,UgxWsvNLetGtnjCSFiN4AaABAg,OHLKuEUg86M,UgxWsvNLetGtnjCSFiN4AaABAg,False,@mickelsonbrun2092,UCtpL1vq1-qpfmSjW-SpMnNg,"I want to buy one  of theses two,but i really love bass, wich one have more bass?",1,2025-02-10 08:19:16+00:00,Sound Quality,81,0.8814892138040823,0.005917159413185834,0.05780346779043737,0.9452098410077054,Positive,1
Anker Soundcore Space One,review,Ugx4uuaed0336rjyJZR4AaABAg.A-xwpHhZoz4AFS0fXhOhYv,M-p0BRhlugs,Ugx4uuaed0336rjyJZR4AaABAg,True,@nippax1237,UCrFUQIKi45AP7gmFbPQ1lbQ,sony,0,2025-03-09 11:22:38+00:00,Sound Quality,4,0.9262308982776154,0.0,0.0021676300421414013,0.9283985283197568,Positive,1
Anker Soundcore Space One,review,UgzoHU4DfrxNvdeut2l4AaABAg,M-p0BRhlugs,UgzoHU4DfrxNvdeut2l4AaABAg,False,@masterloot,UCRxVAGIr33HSl_48P0qwYvQ,"why are you comparing with sony 1000xm5 , thats what the text on your screen says.",0,2025-01-26 15:41:05+00:00,Sound Quality,82,0.8572554407447582,0.0,0.058526011137817836,0.9157814518825761,Neutral,0
Anker Soundcore Space One,review,UgxJVlcATqd7KhGMLfZ4AaABAg,M-p0BRhlugs,UgxJVlcATqd7KhGMLfZ4AaABAg,False,@D7311,UCEy3NyDkCXuXX6uOa46c4TQ,I tried both for a month and the Sony CH-720 are better. The sound quality for the Soundcore Space One is terrible.,0,2025-01-06 16:59:35+00:00,Sound Quality,115,0.8243589343690513,0.0,0.08236994160137326,0.9067288759704245,Negative,-1
Anker Soundcore Space One,unboxing,UgwzzvZ7_kVDscAREU54AaABAg,HkBnSY8XpJQ,UgwzzvZ7_kVDscAREU54AaABAg,False,@Nathaniel20,UCSx8e8TvS66BTbibKJ-uv6w,Well you had to be payed good money to say that bullshi. This headphones and this company is the biggest scam I ever got to deal with. Cheap peace of bad working plastic,0,2024-12-13 11:09:53+00:00,Sound Quality,169,0.7843747006547949,0.0,0.12138728235991848,0.9057619830147133,Very Negative,-2
Anker Soundcore Space One,review,Ugw_OJa07Bk21A_fwVB4AaABAg.AAsWPiHFW1vACxSslQUd2k,M-p0BRhlugs,Ugw_OJa07Bk21A_fwVB4AaABAg,True,@irensaga561,UCWSd6HrKIwi4xzZOMMMpiQA,"They can do both. They sound a lot better when powered on and plugged in, but they still work when totally dead.",0,2025-01-06 12:10:38+00:00,Sound Quality,112,0.8240279821027261,0.0,0.08020231155923185,0.904230293661958,Positive,1
Anker Soundcore Space One,review,UgyFvy7lAREDJub_qs94AaABAg,M-p0BRhlugs,UgyFvy7lAREDJub_qs94AaABAg,False,@vicetechtz,UC-WTthAnNmxtdOQFwVBHnyw,"Bought the space one they have a very low sound, im gonna buy the sony next",0,2025-01-22 16:20:37+00:00,Sound Quality,75,0.8507034372570568,0.0,0.05346820770615457,0.9041716449632113,Positive,1
Anker Soundcore Space One,unboxing,Ugyl2Zwfmt6hGAWC-1J4AaABAg,HkBnSY8XpJQ,Ugyl2Zwfmt6hGAWC-1J4AaABAg,False,@larrybranzuelaph,UCHm8_n18WEs_k0_2PKukmFQ,I’m waiting for voice call test but unfortunately not include in the video😢😢,0,2025-01-18 22:30:40+00:00,Sound Quality,76,0.8445299949041245,0.0,0.05419075105353504,0.8987207459576595,Neutral,0
Anker Soundcore Space One,comparison,Ugyq6QFgCbSta0u4q0N4AaABAg,OHLKuEUg86M,Ugyq6QFgCbSta0u4q0N4AaABAg,False,@Emre-fr6kl,UCRfFxbBQ9XOv5KyjH1Ige5w,"I don’t really know which one to buy. Is it worth it to spend 20€ more for the q45? They are both under 100€ with the space one being 69,99€ and the q45 being 89,99 but including the case",0,2024-11-30 13:06:16+00:00,Sound Quality,187,0.7630668304430647,0.0,0.1343930626127669,0.8974598930558315,Neutral,0
Anker Soundcore Space One,comparison,Ugxn7bGXRSK0J5S7O-d4AaABAg,OHLKuEUg86M,Ugxn7bGXRSK0J5S7O-d4AaABAg,False,@TheMensRoom2024,UCZfufT1Bm-EYDTanLJ-q3Lw,Watching and Listening to this Video wearing My space Q45 (Blue Ones) Love theses. sad to see soundcore down graded the space 1.  we live in a more for less world. pay more get less.,1,2024-11-26 15:14:03+00:00,Sound Quality,182,0.756615905126338,0.005917159413185834,0.13078034587586457,0.8933134104153884,Negative,-1
Anker Soundcore Space One,comparison,UgzXtnwcxr-oJcMVecJ4AaABAg,OHLKuEUg86M,UgzXtnwcxr-oJcMVecJ4AaABAg,False,@GamesTreasure-l9y,UCTI1Z3jgZj2zNAbAmsslEew,Earfun Wave pro  or anker q30?,0,2025-02-01 16:28:42+00:00,Sound Quality,30,0.8672059042325531,0.0,0.020953757074033547,0.8881596613065866,Neutral,0
Anker Soundcore Space One,review,UgzlVZQo4_m1skhjeKd4AaABAg.A3NexSQXvCpAC7RswNvovG,M-p0BRhlugs,UgzlVZQo4_m1skhjeKd4AaABAg,True,@Thermal_killer09,UCukNoepEoRVuPLlKEk4X3Yg,"When you take the headphones off, the music stops playing, and when you put them back on, the music starts playing​@jaysmooth1613",0,2024-12-16 22:02:10+00:00,Sound Quality,129,0.7900697635998646,0.0,0.0924855484646998,0.8825553120645644,Neutral,0
Anker Soundcore Space One,review,Ugw_uetFTe4WhWTzbBB4AaABAg,M-p0BRhlugs,Ugw_uetFTe4WhWTzbBB4AaABAg,False,@shinobhasa-zp7xy,UCiGo3rllj9l1tInbDxgT5jA,Which one shall I choose between Sony wh-ch720n and Soundcore space one? Which one better sound quality? I'm wondering wondering I have got a headache 😨,5,2024-11-18 15:46:53+00:00,Sound Quality,152,0.7434589442611741,0.02958579706592917,0.10910404545445054,0.8821487867815538,Very Negative,-2
Anker Soundcore Space One,review,UgxTTnoNSRxLaxcb7054AaABAg.A7matblHf5NAA2dMqY8Li2,M-p0BRhlugs,UgxTTnoNSRxLaxcb7054AaABAg,True,@justadice3970,UCPrA3p6dUyAuXFp4i8Ms9vQ,@@tsuyuasui7297 I forgot to reply. No. UNLESS you put it at max volume there is a bit of a sound leakage. But if you just put it at like more than half volume no one but you can hear it.,7,2024-10-26 08:12:15+00:00,Sound Quality,186,0.7050038447882349,0.04142011589230083,0.13367051926538642,0.880094479945922,Neutral,0
Anker Soundcore Space One,unboxing,UgzyaQEyOoyJVaM2eAN4AaABAg,HkBnSY8XpJQ,UgzyaQEyOoyJVaM2eAN4AaABAg,False,@Daniele-ez7eh,UCfzevHW_wcNDzxh2OSE-Wdw,Sony WH-CH720N vs Space One?,0,2025-01-26 00:45:35+00:00,Sound Quality,28,0.8562297693327692,0.0,0.019508670379272612,0.8757384397120418,Neutral,0
Anker Soundcore Space One,unboxing,Ugwq49kFmYekqt8cYOJ4AaABAg,HkBnSY8XpJQ,Ugwq49kFmYekqt8cYOJ4AaABAg,False,@DarkSwam56,UCqOoraw8TXmNIZvUsCy11_Q,I bought these for $98 SGD which is ard $72 USD ya'll are nuts if you're complaining and nitpicking a lot on a Headphone that provides so much yet able to sell it at such a low price unlike other brands overpriced junk. These are worth the money. Learn to make use of EQ it's a free sound upgrade instead of just bitching and complaining.. I fully support them for not overcharging. The headphones themselves also feels premium nothing abt it feels or looks budget at all,19,2024-05-08 02:24:38+00:00,Sound Quality,471,0.42257183030969503,0.11242602885053084,0.33959537326881956,0.8745932324290454,Very Positive,2
Anker Soundcore Space One,comparison,UgzJCyyJvjW8BY6jIHd4AaABAg,OHLKuEUg86M,UgzJCyyJvjW8BY6jIHd4AaABAg,False,@thomaswinter517,UCIIeJ5R-uBe3kGdLibdh6Vg,"The q45s were a disappointment,  very little bass,  tinny highs, like out of a tin can, the q45s were a wast of $money...cheers.....",0,2024-12-09 22:37:53+00:00,Sound Quality,132,0.7785654260578001,0.0,0.0946531785068412,0.8732186045646413,Very Negative,-2
