product,category,id,videoId,parentId,isReply,authorName,authorId,text,likes,updatedAt,features,text_length,recency_score,norm_likes,norm_length,quality_score,sentiment,senti_score
Apple AirPods Max,review,UgzpvzXkwWF44zNHVO94AaABAg,59uTE7pLfKA,UgzpvzXkwWF44zNHVO94AaABAg,False,@Travisharger,UCDKru8xttHF0McsUBgeGSzA,"Here’s my wishlist:

- Lossless support. 
- Longer battery life.
- Additonal ear cup options (like leather).
- Improved mic quality.
- Bluetooth 5.3.
-Adaptive transparency.
- Possibly a way to store them more compactly. 
- Improved mesh headband longevity and long term comfort.
- Real power control - not necessarily a new button, maybe just a long press?. (I like to store them on a stand at my desk)
-Maybe slightly lighter if possible.",27,2024-10-16 05:32:00+00:00,Battery Life,440,0.7979859958783072,0.25714283265306354,0.1837678713886969,1.2388966999200677,Neutral,0
Apple AirPods Max,review,UgxAWVh2EPE1gJU1DXJ4AaABAg,59uTE7pLfKA,UgxAWVh2EPE1gJU1DXJ4AaABAg,False,@alexanderpressler5364,UCnbYcxPMtl4OwRQvWxeanvA,"i get all ur points ... but dude this case is a JOKE (this is why i start to believe this vid is payed) 

this case is as stupid as it can get ... it doesnt protect shit (so u need another one if u need protection) ... it looks like TOTAL SHIT (not apple like at all) ... and u need it for the standby-mode 🫣🙄",0,2024-12-03 12:26:32+00:00,Battery Life,309,0.8507108500732783,0.0,0.12867956211657036,0.9793904121898487,Very Negative,-2
Apple AirPods Max,comparison,Ugw-L-ydYvR85xbKVup4AaABAg,x4NCWc1aqw4,Ugw-L-ydYvR85xbKVup4AaABAg,False,@Alwayshold,UC7sFWmUcxQIinE9d-RATiCA,Load of bollacks,0,2025-03-15 00:38:17+00:00,Battery Life,16,0.9615461981618121,0.0,0.005466778782730114,0.9670129769445422,Neutral,0
Apple AirPods Max,comparison,Ugxomj9HgTZSF79zRNh4AaABAg,x4NCWc1aqw4,Ugxomj9HgTZSF79zRNh4AaABAg,False,@lemuelsiano9641,UCSMzFqY9v7yon2KIAdVGt7w,I don't know apple owned beats until now,0,2025-03-03 19:53:22+00:00,Battery Life,40,0.9493194118529077,0.0,0.015559293458539555,0.9648787053114473,Negative,-1
Apple AirPods Max,unboxing,Ugxw-KUSrnQez0yyd254AaABAg,UdfSrJvqY_E,Ugxw-KUSrnQez0yyd254AaABAg,False,@ROJINAAKTHER-s3t,UCAfS8p3UOVo2D-kAa8afL3A,Charge time 😎😎😎,0,2025-02-18 09:20:19+00:00,Battery Life,15,0.9346448797813904,0.0,0.005046257337904721,0.9396911371192952,Positive,1
Apple AirPods Max,review,UgxHuYE8FCL_lXNFbvN4AaABAg,59uTE7pLfKA,UgxHuYE8FCL_lXNFbvN4AaABAg,False,@fhowland,UCywkDUOl8U4AWh18B7p9WRQ,"Aren’t the Sony XM5s way better?  Much cheaper, 50% lighter, and 50% better battery life.  🤷",0,2024-12-23 21:23:55+00:00,Battery Life,92,0.8729560451520588,0.0,0.03742640858946001,0.9103824537415188,Positive,1
Apple AirPods Max,comparison,UgyH9QyahOHd19jY8zx4AaABAg.ABWkL-Whi72ACbcj_VsIa9,x4NCWc1aqw4,UgyH9QyahOHd19jY8zx4AaABAg,True,@chacesimpson2856,UCEVEwToijhLav9p9FsxdKHA,Pure bs,0,2024-12-29 00:42:12+00:00,Battery Life,7,0.8785658248017354,0.0,0.0016820857793015736,0.880247910581037,Neutral,0
Apple AirPods Max,unboxing,UgzgiPba0A96zKQZrpt4AaABAg,UdfSrJvqY_E,UgzgiPba0A96zKQZrpt4AaABAg,False,@Unknown94731,UCoWsdnRnQ_fLB0tmksWx5MA,When the 2's gone drop?,0,2024-06-14 22:36:03+00:00,Battery Life,23,0.6633686103952809,0.0,0.008410428896507867,0.6717790392917888,Negative,-1
Apple AirPods Max,unboxing,UgwJi36BMQakNgbJGsd4AaABAg,UdfSrJvqY_E,UgwJi36BMQakNgbJGsd4AaABAg,False,@Arathejayy,UCAKi7IQz01CDO4e7HKk0IQA,What I really want to know is that am a lover of your page and I love to listen to songs because am an upcoming artist will like to have the apple’s airbod max,0,2024-04-05 06:28:47+00:00,Battery Life,159,0.5862031497298743,0.0,0.06560134539276137,0.6518044951226357,Very Positive,2
Apple AirPods Max,unboxing,UgyfhBFsDn5m1aWbjNF4AaABAg,UdfSrJvqY_E,UgyfhBFsDn5m1aWbjNF4AaABAg,False,@ShadowGaming-yo5pb,UCte9787NQjiYoeAREBvpLBQ,Sometimes I feel like the AirPods Max was a very good prototype that was pushed to production without figuring out the case/powering off and functions,0,2023-08-30 21:56:16+00:00,Battery Life,150,0.3477833631767016,0.0,0.06181665238933283,0.4096000155660344,Positive,1
Apple AirPods Max,unboxing,Ugyxystr9BddgfZlvLd4AaABAg,UdfSrJvqY_E,Ugyxystr9BddgfZlvLd4AaABAg,False,@kiandodd5670,UCGpgawznyQKNtwtkCxvkWLA,these are so dumb,0,2022-11-11 13:48:42+00:00,Battery Life,17,0.028582924066660936,0.0,0.005887300227555507,0.034470224294216444,Very Negative,-2
Apple AirPods Max,review,UgxgzCzZDi_MMV1DPCl4AaABAg,59uTE7pLfKA,UgxgzCzZDi_MMV1DPCl4AaABAg,False,@kimberlybenavides5871,UC1W9KC6iokuOXjZqGJrijCg,I just bought these and I’m still debating on returning them… I hate having earbuds in my ears so I thought they’d be perfect! But comfort is a big for me… maybe I just have a big head but I get headaches on my upper jaw and like the sides of my head wearing them as if they were to tight. I can’t wear them for over an hour straight. And I have a kid soooo the transparency kills me when my kid is loud!!! Im also a singer (opera) so I thought they’d be great to hear the music clearly! The sound is great but I have to be on transperancy to hear myself and I can’t like the headphones kinda muffle me depending on how high I’m singing… so I guess it all depends what everyone needs and wants. I’m considering the Bose open ear buds now,0,2025-01-05 00:38:50+00:00,Comfort,737,0.8862064746746453,0.0,0.30866274050183873,1.194869215176484,Neutral,0
Apple AirPods Max,comparison,UgxluCYrNh-XthsWhOx4AaABAg,x4NCWc1aqw4,UgxluCYrNh-XthsWhOx4AaABAg,False,@JoginderSingh-ko6fw,UC08XhamRWiKtBYvXw_fSu-g,"i hate the fact that airpods max only turn  of when put them in its cover which is very ugly looking one. Only reason for me to buy them is because they connect to all the devices running same apple id. 

But I searched for a video showing airpods switching between multiple devices(3 or more) but theres now video i could find that could demonstrate it. so please make a short video on this.",1,2025-03-01 03:10:07+00:00,Comfort,392,0.9463749211051072,0.009523808616780132,0.163582842037078,1.1194815717589655,Very Negative,-2
Apple AirPods Max,comparison,Ugzvq0-9przm3yBhApN4AaABAg,x4NCWc1aqw4,Ugzvq0-9przm3yBhApN4AaABAg,False,@hodasamadi7903,UCrTpX-wa7Afa4DFO1b_rOhw,"I have both and love them. Max's are great for everything indoors since they are luxury, while the Beats are much lighter and fun to take with you on travels and dance to music. Quality is better with Max's, but sometimes you just want to dance around and it just feels freeing with the Beats.",0,2025-03-29 11:59:13+00:00,Comfort,293,0.9773489240680828,0.0,0.12195121899936408,1.099300143067447,Neutral,0
Apple AirPods Max,comparison,Ugya9X77x2VuXOQ01oh4AaABAg,x4NCWc1aqw4,Ugya9X77x2VuXOQ01oh4AaABAg,False,@MoneyBuysDrug,UCjHPwYQM9iDj2xQVDfbHbKA,Stop complaining about the creaking I'm tired of all you reviewers complaining about that you can get these headphones for 150 160 and at that price they are worth it The creaking does not matter what do you expect Apple made them cheaper on purpose because they want you to get the AirPods max and they think Android users are cheaper when Android phones are better,0,2025-01-20 04:19:04+00:00,Comfort,366,0.9027517589506633,0.0,0.1526492844716178,1.0554010434222811,Positive,1
Apple AirPods Max,comparison,UgwD27ryHwnjYH7LkSV4AaABAg.AGzhConMkEqAH3aICUo_oV,x4NCWc1aqw4,UgwD27ryHwnjYH7LkSV4AaABAg,True,@Technoid10,UCKzdLDnM4WMcTp0HHfdBKLg,Not really we all been known this it's just apple has completely overhauled the brand and finally stepped it up,0,2025-04-18 16:44:24+00:00,Comfort,111,0.999402887429463,0.0,0.045416316041142483,1.0448192034706054,Very Negative,-2
Apple AirPods Max,review,UgxS9OFC8AuLReHtft14AaABAg.AEwq8WEcPmDAEyo8kFVniY,59uTE7pLfKA,UgxS9OFC8AuLReHtft14AaABAg,True,@tao-mkj,UChngeb7pESACj8i9q_OZBsA,Yes they now have USB-C and different colors. These are the only differences with the updated AirPods Max released last year. The Lightning to Jack cable has also not been replaced by a USB-C version.,1,2025-02-25 17:47:13+00:00,Comfort,200,0.942672441513931,0.009523808616780132,0.0828427246306025,1.0350389747613136,Neutral,0
Apple AirPods Max,comparison,UgzWjyqu8MAHHvEdzDN4AaABAg,x4NCWc1aqw4,UgzWjyqu8MAHHvEdzDN4AaABAg,False,@AlienFactor,UCePBA1FE3d9N1LZ6XPosA8w,Just bought a pair of solo 3 black but wish I would have saved more cash for the max,0,2025-04-04 14:10:22+00:00,Comfort,84,0.9839996856782212,0.0,0.03406223703085686,1.018061922709078,Neutral,0
Apple AirPods Max,review,UgzV-fHaR94kt-lFKcV4AaABAg,59uTE7pLfKA,UgzV-fHaR94kt-lFKcV4AaABAg,False,@hamedhaghayegh8115,UC5_d56YrtHi9D-1ojlxc70w,Why is the microphone quality of Apple AirPods Max 2 so bad? Is there a way to improve the microphone quality during calls?,0,2025-03-17 10:00:38+00:00,Comfort,123,0.9641563746185663,0.0,0.05046257337904721,1.0146189479976135,Very Negative,-2
Apple AirPods Max,review,UgwtvVga0uow9GWVIgh4AaABAg,59uTE7pLfKA,UgwtvVga0uow9GWVIgh4AaABAg,False,@elgatowis17,UCbEBfWetFRm_nrsX0-wWGeA,I have literally 0 complaints about the headphones themselves i just get bad headphone hair so I don’t wear them as much as I shoulf,1,2025-03-03 16:45:33+00:00,Comfort,132,0.9491769990705005,0.009523808616780132,0.05424726638247575,1.0129480740697563,Very Negative,-2
Apple AirPods Max,review,UgyuBUp63u189BtGI_V4AaABAg,59uTE7pLfKA,UgyuBUp63u189BtGI_V4AaABAg,False,@SelfishFurniture91,UCSWthfW9ZBbShl0BNtay8EQ,"So basically you are reading us the manual? How is this not a sponsored video considering the mumbo jumbo coming out of your mouth, people of you value your money don’t get this pair of headphones.",0,2025-02-14 20:35:26+00:00,Comfort,197,0.9307892454728487,0.0,0.08158116029612632,1.012370405768975,Very Negative,-2
Apple AirPods Max,comparison,UgxTNl8Dl1nqAnfSc194AaABAg,x4NCWc1aqw4,UgxTNl8Dl1nqAnfSc194AaABAg,False,@MiguelDiaz-er9cq,UCclt8fuw7oh76yB7KSD5KKQ,Eh…nope $200 more just for features. I keep my Studio Pro. Have everything that I need,0,2025-03-28 23:25:35+00:00,Comfort,86,0.9767774784034375,0.0,0.03490327992050765,1.011680758323945,Very Positive,2
Apple AirPods Max,review,UgwWALFhD-2xanKEKt54AaABAg.ADg7BbX67kjAEXmmB7gm7L,59uTE7pLfKA,UgwWALFhD-2xanKEKt54AaABAg,True,@SelfishFurniture91,UCSWthfW9ZBbShl0BNtay8EQ,"He lost me at saying there is no condensation issue, literally everyone has the condense issue. Mine broke after 4 months due to their scruffy design",1,2025-02-14 20:36:31+00:00,Comfort,149,0.9307900669149337,0.009523808616780132,0.06139613094450743,1.0017100064762212,Very Negative,-2
Apple AirPods Max,comparison,UgyWWZEECnKMHU4IyP14AaABAg,x4NCWc1aqw4,UgyWWZEECnKMHU4IyP14AaABAg,False,@the_cammed_beast6027,UCdaPQTAXLm-234IBJymSG_A,I bought the Beats Studio pro today for 180 brand new and the comfort of them is great and im willing to deal with th difference cause of the 330$ difference in price,0,2025-02-13 07:40:45+00:00,Comfort,166,0.9291099524620181,0.0,0.06854499550653913,0.9976549479685572,Positive,1
Apple AirPods Max,comparison,Ugx6FzapMGsue9eUPvp4AaABAg,x4NCWc1aqw4,Ugx6FzapMGsue9eUPvp4AaABAg,False,@lawkajennvlog7208,UCK_tS2EO3kO1yzNHQclT0Cg,"Hi, can you skip ads thru any buttons in there? Thanks in advance",0,2025-03-19 15:22:33+00:00,Comfort,65,0.9665842414827208,0.0,0.02607232957917439,0.9926565710618952,Positive,1
Apple AirPods Max,unboxing,UgwqDGSDL4mLvQ7t9AZ4AaABAg.ACXLomCCGh9AG1aK-0VROg,UdfSrJvqY_E,UgwqDGSDL4mLvQ7t9AZ4AaABAg,True,@Fact19950,UC3P2a0f36rJc8H9vc9x90dQ,Who uses a cable in 2025. Maybe a bot like you 😭🤣,0,2025-03-24 01:34:46+00:00,Comfort,49,0.9714160017397169,0.0,0.019343986461968096,0.990759988201685,Very Negative,-2
Apple AirPods Max,comparison,UgwGl82xpyobyOkwTnN4AaABAg,x4NCWc1aqw4,UgwGl82xpyobyOkwTnN4AaABAg,False,@jimmyaguilar7353,UCNmjdMeBkCjZgVlHRe-yOBg,i think your just complaining to much 180 for these is a steal 😭,0,2025-03-16 13:09:51+00:00,Comfort,64,0.9632079628623047,0.0,0.025651808134348995,0.9888597709966537,Positive,1
Apple AirPods Max,review,UgxpVy2P7KJSMU-uKrZ4AaABAg,59uTE7pLfKA,UgxpVy2P7KJSMU-uKrZ4AaABAg,False,@calvinjones9306,UCUBHgHPq6fIbmqQULr7e0Nw,"People who complain about these are sheep looking for the next grievance train to jump on. People don’t even know when they are being treated well. No wonder so many people are so unhappy. Try enjoying the great things life has to offer. It’s actually more empowering and feels better than being victimized.  You should try it!!! Delicate and entitled in every way about everything, seriously….How could the person in comments say these haven’t improved when they have. DEMONSTRABLY!",0,2024-09-30 16:59:18+00:00,Comfort,483,0.7810369664987001,0.0,0.20185029351618883,0.982887260014889,Very Positive,2
Apple AirPods Max,review,Ugyzv2UDvWASXGYrDsR4AaABAg,59uTE7pLfKA,Ugyzv2UDvWASXGYrDsR4AaABAg,False,@lindadaly5007,UCTE8gs0kxgpX_2axW_fSYbA,You're so right about these headphones being deceivingly comfortable!!,0,2025-03-08 03:12:57+00:00,Comfort,70,0.9540202721542578,0.0,0.028174936803301357,0.9821952089575592,Very Positive,2
Apple AirPods Max,comparison,Ugx-RClqAncqNPHQr2V4AaABAg,x4NCWc1aqw4,Ugx-RClqAncqNPHQr2V4AaABAg,False,@carlosleonardogomezhidalgo1573,UCtx4MAtTtxS44Er_1PpF5DQ,The under amour are built better,0,2025-03-13 20:04:59+00:00,Comfort,32,0.9602470811855148,0.0,0.012195121899936408,0.9724422030854513,Positive,1
Apple AirPods Max,comparison,Ugw5uaI2kFwOdOPbGMx4AaABAg,x4NCWc1aqw4,Ugw5uaI2kFwOdOPbGMx4AaABAg,False,@teresavelazquez359,UCCtTzZxcm82A33PR7lVLasQ,$199 vs $500+. I’ll pass on the AirPod Max,0,2025-03-09 07:01:06+00:00,Comfort,42,0.9552851539519641,0.0,0.016400336348190343,0.9716854903001545,Neutral,0
Apple AirPods Max,review,UgwLaLJC01ZW4SE5TiZ4AaABAg,59uTE7pLfKA,UgwLaLJC01ZW4SE5TiZ4AaABAg,False,@Ronnieleec,UCXQINQboK7eS92neUR4QQ_Q,I wish they were a light lighter. I find myself wearing Bose QC2 in bed or around house for comfort. The Max is just so heavy to travel with. I look forward to Airpods Pro 3.,0,2025-01-12 11:03:03+00:00,Comfort,174,0.8943229922662119,0.0,0.07190916706514226,0.9662321593313542,Positive,1
Apple AirPods Max,comparison,UgxqxH1AtE9VwheqDSN4AaABAg,x4NCWc1aqw4,UgxqxH1AtE9VwheqDSN4AaABAg,False,@GODmode0824,UCicOl6qAZ5YFc-vfHxjWaxw,"Bro you pretty much explained how the beats were better, but did it in a way as if you didnt want to make apple upset 😂😂",0,2025-01-31 14:33:30+00:00,Comfort,120,0.9152284026666999,0.0,0.049201009044571024,0.964429411711271,Positive,1
Apple AirPods Max,comparison,UgyCXVRKC-VV3agBVUZ4AaABAg,x4NCWc1aqw4,UgyCXVRKC-VV3agBVUZ4AaABAg,False,@ddinah492,UCPI-AbnqtR7HQ2WPyiObCig,This review just seems way too biased. I’ll keep looking,0,2025-02-13 22:29:59+00:00,Comfort,56,0.929784217400571,0.0,0.02228763657574585,0.9520718539763169,Negative,-1
Apple AirPods Max,review,UgxcEzv6MpRX3cWjg8B4AaABAg,59uTE7pLfKA,UgxcEzv6MpRX3cWjg8B4AaABAg,False,@LIXX963,UCGueo03MHYmT3XSxRm4_Gkg,And I forgot I had them😂😂😂😂😂,0,2025-02-21 06:39:41+00:00,Comfort,28,0.9377987371603151,0.0,0.010513036120634835,0.94831177328095,Very Negative,-2
Apple AirPods Max,review,UgxcEzv6MpRX3cWjg8B4AaABAg.AEnJ_9ngmu3AEnJaAP6SIC,59uTE7pLfKA,UgxcEzv6MpRX3cWjg8B4AaABAg,True,@LIXX963,UCGueo03MHYmT3XSxRm4_Gkg,Still great tho,0,2025-02-21 06:39:49+00:00,Comfort,15,0.9377988382608795,0.0,0.005046257337904721,0.9428450955987843,Very Positive,2
Apple AirPods Max,review,UgyXhmC5TiUSK4tnapN4AaABAg,59uTE7pLfKA,UgyXhmC5TiUSK4tnapN4AaABAg,False,@balajiananthanarayanan4870,UCETuNEHH3fdxZGVMHzurYmQ,Is it worth to buy these now for $200?,0,2025-02-04 19:24:12+00:00,Comfort,38,0.9198163715504225,0.0,0.014718250568888768,0.9345346221193113,Neutral,0
Apple AirPods Max,comparison,UgwraybRN5aYHgO1t0p4AaABAg,x4NCWc1aqw4,UgwraybRN5aYHgO1t0p4AaABAg,False,@wanderingdaze7018,UCqF8BNu2YXmN1hqX6rn_bjQ,"Better build quality pro
Better every day use go for beats.
I went back to target after a week to get some beats.",0,2025-01-06 01:53:29+00:00,Comfort,113,0.8873549644476849,0.0,0.046257358930793274,0.9336123233784782,Positive,1
Apple AirPods Max,review,Ugykm0dnXupG84iZhmx4AaABAg,59uTE7pLfKA,Ugykm0dnXupG84iZhmx4AaABAg,False,@Ronnieleec,UCXQINQboK7eS92neUR4QQ_Q,i have a soft cinch bag that fits my Max perfectly. It even helps me slip them into my backpack.,0,2025-01-12 11:01:19+00:00,Comfort,96,0.8943216779588758,0.0,0.039108494368761584,0.9334301723276375,Very Positive,2
Apple AirPods Max,comparison,Ugx7NR4DOUxWhWIJ6oR4AaABAg,x4NCWc1aqw4,Ugx7NR4DOUxWhWIJ6oR4AaABAg,False,@bryan15505,UC6Oul9RNXx8pzbL_J5F7rLQ,Great review & idk why but that last comment made me subscribe 😂,1,2025-01-11 08:37:33+00:00,Comfort,64,0.8931207801808099,0.009523808616780132,0.025651808134348995,0.928296396931939,Neutral,0
Apple AirPods Max,comparison,UgxUfnLP7FpmVwPSgJp4AaABAg,x4NCWc1aqw4,UgxUfnLP7FpmVwPSgJp4AaABAg,False,@alvadril,UCs16bx6L5LT3cxXgKfmHldA,The end of the video. 😂,0,2025-02-01 18:31:21+00:00,Comfort,23,0.9165006395304601,0.0,0.008410428896507867,0.924911068426968,Neutral,0
Apple AirPods Max,review,UgyI6pZZdhdwjUSL_-54AaABAg,59uTE7pLfKA,UgyI6pZZdhdwjUSL_-54AaABAg,False,@jermainevaughn2698,UCSCeH1JzJXq5KVap1OmNF_w,Am getting them next month am going to be happy with them ❤️😊,0,2025-01-13 08:23:39+00:00,Comfort,61,0.8952940126361684,0.0,0.024390243799872816,0.9196842564360412,Positive,1
Apple AirPods Max,comparison,UgyK-jG4liYmFgVljvl4AaABAg,x4NCWc1aqw4,UgyK-jG4liYmFgVljvl4AaABAg,False,@gunit6815,UCrJsZjfGU_9IVcqETcKPsHg,Why not save money and use the lightning to 3.5mm adapter for an iPhone?,0,2025-01-05 20:33:00+00:00,Comfort,72,0.887111956603785,0.0,0.029015979692952144,0.916127936296737,Negative,-1
Apple AirPods Max,comparison,UgyxZuPHFMKOUyEdozR4AaABAg,x4NCWc1aqw4,UgyxZuPHFMKOUyEdozR4AaABAg,False,@Randomperson12-f2l,UCFpACGdKzc3QPSLBJTHZ0BA,Studio 3 is all you need,0,2025-01-23 08:22:34+00:00,Comfort,24,0.9062120521400245,0.0,0.008830950341333261,0.9150430024813578,Neutral,0
Apple AirPods Max,comparison,UgzM13UOnzQ7zKR4yL14AaABAg,x4NCWc1aqw4,UgzM13UOnzQ7zKR4yL14AaABAg,False,@frances_.2real,UCr6SPOl6Tv2AB28ingsN9Iw,i got mine for 100 at the store,0,2025-01-20 14:01:46+00:00,Comfort,31,0.9031935936918577,0.0,0.011774600455111014,0.9149681941469687,Positive,1
Apple AirPods Max,comparison,UgyH9QyahOHd19jY8zx4AaABAg.ABWkL-Whi72ACbCnYgRdXx,x4NCWc1aqw4,UgyH9QyahOHd19jY8zx4AaABAg,True,@thearchangelgabriel563,UCfXZVqlV1yzI8Gc9HEVcFEA,every human on this planet actually looks 99% alike. look it up if you don’t believe me,0,2024-12-28 20:46:49+00:00,Comfort,87,0.878387344393009,0.0,0.035323801365333043,0.9137111457583421,Very Positive,2
Apple AirPods Max,review,UgxaSSYUTXZeraIhJV54AaABAg,59uTE7pLfKA,UgxaSSYUTXZeraIhJV54AaABAg,False,@cwgzz81,UC0Jd612fB5soGvrD0_BQ2tQ,I’m going to be traveling to Japan in February 2025 and have a long flight ahead of me. Just bought these for the first time ever and am really excited to try these on.,0,2024-11-26 20:55:09+00:00,Comfort,168,0.8434533081512667,0.0,0.06938603839618991,0.9128393465474567,Positive,1
Apple AirPods Max,review,Ugzskf5J3N1fZezEyyF4AaABAg,59uTE7pLfKA,Ugzskf5J3N1fZezEyyF4AaABAg,False,@-VOAV-,UC0a2mf4p2p-Pio1qwBdDSXw,How do you have no damage at all at the bottom of the headphones? My friend has also had them since launch but he has some wear on the bottom of the headphones where they often bang into each other when taking them out of the case.,2,2024-10-14 19:51:28+00:00,Comfort,231,0.7964539179266887,0.019047617233560264,0.0958788894201897,0.9113804245804387,Very Negative,-2
Apple AirPods Max,comparison,UgyH9QyahOHd19jY8zx4AaABAg.ABWkL-Whi72ACbd58gNq0N,x4NCWc1aqw4,UgyH9QyahOHd19jY8zx4AaABAg,True,@thearchangelgabriel563,UCfXZVqlV1yzI8Gc9HEVcFEA,"@@chacesimpson2856 believe what you say, but the truth will always be the truth",0,2024-12-29 00:45:17+00:00,Comfort,79,0.8785681627522851,0.0,0.031959629806729895,0.910527792559015,Very Positive,2
Apple AirPods Max,unboxing,UgxyL6rQDcOdHbzxnWp4AaABAg,UdfSrJvqY_E,UgxyL6rQDcOdHbzxnWp4AaABAg,False,@fhowland,UCywkDUOl8U4AWh18B7p9WRQ,"Ahh, back in 2020 when $500 was expensive.  How quaint.",1,2024-12-26 23:27:37+00:00,Comfort,55,0.8763254994843838,0.009523808616780132,0.021867115130920455,0.9077164232320843,Very Negative,-2
Apple AirPods Max,comparison,UgznQ04ORTTN0bSegoF4AaABAg,x4NCWc1aqw4,UgznQ04ORTTN0bSegoF4AaABAg,False,@ladiesloveghost.,UCIDo5AqqaEGN8hWKWQxLW5g,Dude it’s plastic chill 🤣,0,2025-01-13 00:08:21+00:00,Comfort,25,0.894918449314882,0.0,0.009251471786158654,0.9041699211010407,Very Negative,-2
Apple AirPods Max,comparison,Ugz1jl_D2kzcOvQ_f1F4AaABAg,x4NCWc1aqw4,Ugz1jl_D2kzcOvQ_f1F4AaABAg,False,@skicaliph,UCJqof5uOUqNKK2vxVNjgw9A,I understand his coping mechanism by  playing down the beats to justify the price tag of the AirPod max but it’s not  even close (logically) the beats just win,0,2024-11-22 05:33:13+00:00,Comfort,159,0.8383867039209392,0.0,0.06560134539276137,0.9039880493137006,Neutral,0
Apple AirPods Max,comparison,UgyCGFWagTt1DCp_QEt4AaABAg,x4NCWc1aqw4,UgyCGFWagTt1DCp_QEt4AaABAg,False,@c_l_a_d_d_i_x,UC6UoCv1YhlfVxjSKDlOQOtg,Love the black mage shirt,0,2025-01-07 04:06:11+00:00,Comfort,25,0.8885474708789127,0.0,0.009251471786158654,0.8977989426650714,Very Positive,2
Apple AirPods Max,comparison,Ugxi5ZVrb933uGcdIz14AaABAg,x4NCWc1aqw4,Ugxi5ZVrb933uGcdIz14AaABAg,False,@jeyd87,UCGk-piEpJMUvG9eXkGN26mg,Go cry some more and get off apples 🥜,0,2024-12-27 07:03:09+00:00,Comfort,37,0.8766709095623635,0.0,0.014297729124063374,0.8909686386864268,Negative,-1
Apple AirPods Max,review,Ugwa00UIHGXlIhf1lT14AaABAg,59uTE7pLfKA,Ugwa00UIHGXlIhf1lT14AaABAg,False,@TeddyBoy7796,UCofU47XGcoYQejCCecY0l6w,"Great review, thanks from England 👍🏻",0,2024-12-25 09:25:03+00:00,Comfort,36,0.8745947336487467,0.0,0.013877207679237981,0.8884719413279847,Very Negative,-2
Apple AirPods Max,review,UgyKlBEUF8BGoEd90mh4AaABAg.ABQD8nZ20rzACOiqIRwvMm,59uTE7pLfKA,UgyKlBEUF8BGoEd90mh4AaABAg,True,@kaybunii,UCO5lqsSs0C4xkygzuCjON1A,Space grey,1,2024-12-23 15:06:11+00:00,Comfort,10,0.8726696272533565,0.009523808616780132,0.0029436501137777536,0.8851370859839144,Negative,-1
Apple AirPods Max,review,Ugx4drckTAI7wsYEucF4AaABAg,59uTE7pLfKA,Ugx4drckTAI7wsYEucF4AaABAg,False,@carinazeeuwland6692,UCIXpRUw4EuVvlkOcxrfEUIw,"guess you are a FANBOY or you receiving money from Apple. Just because you not having issues does not mean the product has faulty points. Your hole tone in the review sounds
like you are defending APPLE products.",0,2024-10-14 16:11:05+00:00,Comfort,212,0.7962868113314477,0.0,0.08788898196850722,0.884175793299955,Neutral,0
Apple AirPods Max,comparison,UgyH9QyahOHd19jY8zx4AaABAg.ABWkL-Whi72ACf-XszS87R,x4NCWc1aqw4,UgyH9QyahOHd19jY8zx4AaABAg,True,@TreSoGhetto,UCKH6YdFlLi_KOYmIXX4zb2g,Mine too,0,2024-12-30 08:07:54+00:00,Comfort,8,0.879995664807691,0.0,0.002102607224126967,0.8820982720318179,Negative,-1
Apple AirPods Max,review,UgxAvdE2IHjQ1j2ZuWt4AaABAg,59uTE7pLfKA,UgxAvdE2IHjQ1j2ZuWt4AaABAg,False,@ShaunDoughertycomposer,UCQn1DYMFduZL5B3RmyRQqjg,Can you sleep with these?,0,2024-12-23 17:32:15+00:00,Comfort,25,0.8727803829215628,0.0,0.009251471786158654,0.8820318547077215,Neutral,0
Apple AirPods Max,review,UgxXX4vsYWOIFqdklt14AaABAg,59uTE7pLfKA,UgxXX4vsYWOIFqdklt14AaABAg,False,@djth3o22,UCTW6tyCBqkYOkJRaz2FS9lw,"Have you ever had this issue Ive had with both my paris of airpod maxes? They just stop detecting my head and they wont play after about a year, and I have to keep resetting them for them to work",0,2024-10-17 04:30:03+00:00,Comfort,195,0.7990309081232068,0.0,0.08074011740647553,0.8797710255296823,Very Negative,-2
Apple AirPods Max,unboxing,UgyHVR1PzVAXCrQz8B94AaABAg.9kdDLGD5rHB9y3ZXFb4wJL,UdfSrJvqY_E,UgyHVR1PzVAXCrQz8B94AaABAg,True,@briabbruh6183,UCX7t-dlI1sVyuQJcSnMgAmg,300 for them is great@pipony8939,0,2024-12-18 23:04:42+00:00,Comfort,32,0.8675730340681393,0.0,0.012195121899936408,0.8797681559680758,Very Positive,2
Apple AirPods Max,review,UgzPdf75rhfHIm7X8lt4AaABAg,59uTE7pLfKA,UgzPdf75rhfHIm7X8lt4AaABAg,False,@BrandonButch,UCpZy-Hfqcxf-R7nQzlv9Bvw,"Do you have the AirPods Max, or are you fine with regular AirPods?",105,2024-04-26 15:12:33+00:00,Durability,66,0.6095299060081185,0.9999999047619138,0.026492851023999783,1.636022661794032,Neutral,0
Apple AirPods Max,review,UgxwL8VAVffNuYnILkJ4AaABAg,59uTE7pLfKA,UgxwL8VAVffNuYnILkJ4AaABAg,False,@rampwuff,UCDZsf-S27Jljvn8Y9DIPbGA,"They’re not misunderstood.

These would have been much better if they were made of cheaper materials - the weight is too much for me, no matter how long I’ve been wearing them. 

And it would have made the price less crazy expensive too. 

Especially for a product that, when the battery inevitably dies, will be useless.

They’re also just uncomfortable for my head. The mesh doesn’t work- I still feel the beams digging into my skull- and I’ve tried to change how they fit a dozen ways.

Also the mesh isn’t replaceable, but if you use hair products chances are it will look awful after a few months - especially the white edition. The mesh also looks dented at random places.

And this all is without even mentioning the worst case I’ve seen. It’s the first thing I replaced and it’s just not okay for such an expensive product to ship with an ugly case that does not protect the headband even slightly.",1,2024-10-31 13:40:59+00:00,Durability,906,0.8147350609792711,0.009523808616780132,0.37973086467733025,1.2039897342733814,Negative,-1
Apple AirPods Max,review,UgxdTMPe79jayk-Eeah4AaABAg,59uTE7pLfKA,UgxdTMPe79jayk-Eeah4AaABAg,False,@jnkhan82,UCGUKAyFg5EKoXz_rT3HMAsw,"I had mine since launch, and then I updated my iPhone, and they stopped working. I tried everything on the support site, then eventually went to the Genius bar...and they said, ""Yeah, they're dead you need to buy the new ones""

1) I took excellent care of them and only wore them for work meetings.
2) They worked perfectly before I updated to iOS 18.1
3) They are in mint condition

Kinda sketchy. A new model came out, and I updated my phone software. The Genius Bar told me my device was dead. 
It Doesn't make sense?

I loved them for the years I owned them, so I just bought the new version with USB-C (justifying in my mind I need them for work (well, the need is subjective- since I don't ""Need,"" I prefer them...Apple Eco-system) and the USB-C port, which would reduce the cables)

But it hurt my pocket, I hope this is not a trend with Apple.",0,2024-10-30 15:21:02+00:00,Durability,851,0.8137190382206243,0.0,0.3566021852119336,1.170321223432558,Neutral,0
Apple AirPods Max,comparison,Ugxkm4biiRTrO5e4_4h4AaABAg,x4NCWc1aqw4,Ugxkm4biiRTrO5e4_4h4AaABAg,False,@meusinteritus,UCPYxrj6V41R5-p3Dhrx8edw,I bought the $300 dollar sony headphones and had them for 4 years but only used them them for 2 and the charging is messed up i have to turn them on to charge them then the left side just completely broke from me just barely moving it and both sides to adjust the length just slide down on there own. I just feel like if headphones are that much they should at least have better make quality that’s why im going to get the air pods max hopefully they don’t have that problem,0,2025-02-23 16:48:19+00:00,Durability,474,0.940444008150457,0.0,0.1980656005127603,1.1385096086632174,Negative,-1
Apple AirPods Max,review,Ugx69FzF06qbhb7Riz94AaABAg,59uTE7pLfKA,Ugx69FzF06qbhb7Riz94AaABAg,False,@fourtraxer,UCHtX9Ul2Jvkg7gA7euesw8A,"THESE ARE GARBAGE.  They are known for crapping out and Apple will NOT care that you spent $600 for something that fails because of crappy build quality.   Mine lasted 14 months, then bricked.  Apple told me ""too bad"".  They have never left my living room (used them every night after family went to bed) and have never been wet.  These are NOT WORTH THE MONEY and Apple does not and will not stand behind these.  When you pay this much money for a product from a company like APPLE, you should get what you pay for... APPLE, the billion dollar company, doesn't care if you get ripped off from them.",0,2024-09-18 13:58:16+00:00,Durability,599,0.767797064072373,0.0,0.25063078111593445,1.0184278451883075,Very Negative,-2
Apple AirPods Max,review,Ugw786Lxf2yhsExTWsJ4AaABAg,59uTE7pLfKA,Ugw786Lxf2yhsExTWsJ4AaABAg,False,@Anewchapter01,UCOgei5M6CFf00TJS4t1idbA,"Thanks for pointing out the longevity of the phones existence, and that it might make sense to look for deals on EBay or similar. Many overlook that option, and being one that defaults to just buying things brand new, I forget this option is even available! I have a Marantz sound system and wanted a matching Marantz CD player. The one I wanted retails for about $800.00, so just for fun, I checked EBay. Found it for $150 and I swear it couldn’t have been used more than once or twice. Great video and thanks!",0,2024-10-21 02:12:31+00:00,Durability,511,0.8032941672694931,0.0,0.21362489397129983,1.016919061240793,Very Positive,2
Apple AirPods Max,comparison,Ugxv5YYTcYyIntuBfk14AaABAg,x4NCWc1aqw4,Ugxv5YYTcYyIntuBfk14AaABAg,False,@thisiscomm2021,UCrxNRyy1w_2zcC9GS5Y0_1Q,"Them studios broke on me so thats why i did not buy them again. I bought the airpods max. 
Love them so far . Green color we bit light but il take them.",1,2025-02-21 04:14:54+00:00,Durability,152,0.9376889545850404,0.009523808616780132,0.06265769527898361,1.0098704584808043,Very Negative,-2
Apple AirPods Max,review,Ugxc0dB7svt1gxm5zAd4AaABAg,59uTE7pLfKA,Ugxc0dB7svt1gxm5zAd4AaABAg,False,@ianarn,UCboIGZJkEyEkxwobKQ3AIiQ,Condensation killed mine after 13 months! Unfortunately the company EE i bought them from only gave me a one year guarantee.  If you absolutely have to buy them them get them from Apple directly.  I now roll with the Bang & Olufsen H95 which are way better.,1,2025-01-07 23:06:02+00:00,Durability,257,0.8894117669656649,0.009523808616780132,0.10681244698564991,1.005748022568095,Very Negative,-2
Apple AirPods Max,review,UgwLj9hVGhdvhbdiK494AaABAg,59uTE7pLfKA,UgwLj9hVGhdvhbdiK494AaABAg,False,@leemiller8258,UCYDHdmhLOvwAzqw-NYwAQ_w,"I put off and put off and put off buying AirPods Max, and this video convinced me to bite the bullet and finally do it. They're great! I've always loved (and am emotionally dependent on) my AirPods Pro, but these may become my favorite AirPods.",2,2024-12-31 15:25:53+00:00,Durability,244,0.881419653618487,0.019047617233560264,0.1013456682029198,1.001812939054967,Very Positive,2
Apple AirPods Max,review,UgxS9OFC8AuLReHtft14AaABAg,59uTE7pLfKA,UgxS9OFC8AuLReHtft14AaABAg,False,@krisbarger,UCC3g_TQt2_-2FFI0Tqj_onw,Heather been any physical updates to this device? I see on the website that they now say USB-C? Are they still lightning?,0,2025-02-24 23:26:11+00:00,Durability,121,0.941837578328965,0.0,0.049621530489396416,0.9914591088183614,Very Negative,-2
Apple AirPods Max,unboxing,UgzTdMLOYovYS_1Qcc14AaABAg,UdfSrJvqY_E,UgzTdMLOYovYS_1Qcc14AaABAg,False,@SniperSpotter-i6c,UCDXJpg9Rkc87xEKmb8qCybw,Swimmer enterpriese,0,2025-03-30 13:34:17+00:00,Durability,19,0.978512894865033,0.0,0.0067283431172062945,0.9852412379822393,Positive,1
Apple AirPods Max,review,UgxdfLlX5WYXBcmiQrB4AaABAg,59uTE7pLfKA,UgxdfLlX5WYXBcmiQrB4AaABAg,False,@Fargier74,UCnJ0Iz8PGN2qG5rfdjEfVVA,"I bought it recently (USB-C version), but I don't understand why this new version released in september did'nt get any change except charging port and colors. It should have the H2 chip with all recents technologies...",0,2025-01-11 10:10:27+00:00,Durability,218,0.8931912219989958,0.0,0.09041211063745958,0.9836033326364554,Neutral,0
Apple AirPods Max,comparison,UgyzzdILLZ4nfDWgeap4AaABAg,x4NCWc1aqw4,UgyzzdILLZ4nfDWgeap4AaABAg,False,@austinmoore5517,UCB3cQp-UKV8w9HaXibAC2hg,After having my maxes for less than a year and not able to charge them or update them the price point is ridiculous. When they work they were great but the software is too janky to justify replacing them to just have it happen again.,0,2024-12-21 02:03:04+00:00,Durability,233,0.869892053537239,0.0,0.09671993230984048,0.9666119858470794,Negative,-1
Apple AirPods Max,comparison,UgzlfW-TcIJk-S0uV_V4AaABAg.AEdT70qPw8KAEyboWMvCJ9,x4NCWc1aqw4,UgzlfW-TcIJk-S0uV_V4AaABAg,True,@alanfleming8819,UCnFmdPtW6hoEOJiB3PWpcSg,Apple is the parent company,1,2025-02-25 15:59:27+00:00,Durability,27,0.9425907269828241,0.009523808616780132,0.010092514675809442,0.9622070502754136,Neutral,0
Apple AirPods Max,comparison,Ugy8NW4oJ-BnRfTiNO54AaABAg,x4NCWc1aqw4,Ugy8NW4oJ-BnRfTiNO54AaABAg,False,@Mikethehero,UCEU1gM4aLh5FalkrNINKzfg,The ear cups are not permanent on the beats they actually pop off if you need to replace them. Shows how much this 🤡 actually knows about headphones.,1,2025-01-07 13:55:13+00:00,Durability,149,0.8889941078969121,0.009523808616780132,0.06139613094450743,0.9599140474581997,Negative,-1
Apple AirPods Max,comparison,UgzHEu2U1BrAe56hdzh4AaABAg,x4NCWc1aqw4,UgzHEu2U1BrAe56hdzh4AaABAg,False,@fivestarchi4828,UCIYiT057Q90mZ4Z69plbDAQ,my beats studio 3 has all the same features and auto switch. i’m choosing beats.,0,2025-02-09 07:16:52+00:00,Durability,80,0.9247242984450589,0.0,0.03238015125155529,0.9571044496966141,Neutral,0
Apple AirPods Max,comparison,UgzpUP-aBIpq8DXZN-54AaABAg,x4NCWc1aqw4,UgzpUP-aBIpq8DXZN-54AaABAg,False,@audiandc2295,UC6Wm1_NpDOVbrXgBFiurJJg,I like the xm5 controls better! Just swipe for next track and you good to go! Swipe up or down for volume controls! Hope apple add those things in their next model,0,2025-01-02 02:52:50+00:00,Durability,163,0.8830324224579987,0.0,0.06728343117206294,0.9503158536300617,Very Positive,2
Apple AirPods Max,comparison,Ugx_6mK03QGBpHHMnl14AaABAg,x4NCWc1aqw4,Ugx_6mK03QGBpHHMnl14AaABAg,False,@hibbertadonikam6815,UCrTbmL4-JEod5lTRRiL_B-g,"AirPod overrated for the price, can’t be dropped 🎧 get ugly real fast",0,2025-02-06 00:36:08+00:00,Durability,69,0.9211447824152299,0.0,0.027754415358475962,0.9488991977737059,Negative,-1
Apple AirPods Max,comparison,Ugw9KLk7mNtk5qJb2R54AaABAg,x4NCWc1aqw4,Ugw9KLk7mNtk5qJb2R54AaABAg,False,@N3ll03,UCCaaDLnD99dlacABHybxWdA,"dude must work for apple 😂
I don’t own either of these headphones which doesn’t give me much reason to talk.. that being said this seems like a one sided review. the Beats Studio Pros are more than half the price and i have had beats in my past and have always liked them.",0,2024-11-08 19:33:26+00:00,Durability,272,0.8237373964402184,0.0,0.11312026865803082,0.9368576650982492,Neutral,0
Apple AirPods Max,comparison,Ugx6FVuShi2GMde_U8F4AaABAg,x4NCWc1aqw4,Ugx6FVuShi2GMde_U8F4AaABAg,False,@SeamusFlynn,UCP6Zx219M35cR3bAPspSlJw,0:25 I didn’t know Greg was swole like that! Arms for days! 😂🥵,0,2025-01-23 04:56:14+00:00,Durability,62,0.9060555990167483,0.0,0.024810765244698208,0.9308663642614464,Very Positive,2
Apple AirPods Max,unboxing,UgxadYkuW0_mUwZ365h4AaABAg,UdfSrJvqY_E,UgxadYkuW0_mUwZ365h4AaABAg,False,@lennyfps,UC9i2EKniTbeNxyTzIyv9Mvw,Why do dumb people argue and say all apple products don’t come wrapped in plastic 🤦🏼‍♂️,0,2025-01-12 07:13:21+00:00,Durability,87,0.8941488212690396,0.0,0.035323801365333043,0.9294726226343727,Very Negative,-2
Apple AirPods Max,review,UgwbjaK1EP_zeNNJRRZ4AaABAg,59uTE7pLfKA,UgwbjaK1EP_zeNNJRRZ4AaABAg,False,@aqua2966,UCCrvvolrcXRVSa-RULQHDQw,It's cold weather where the condensation gets really bad.,0,2025-01-21 21:36:29+00:00,Durability,57,0.9046302706234751,0.0,0.022708158020571242,0.9273384286440464,Negative,-1
Apple AirPods Max,comparison,UgxmgLSeV8dGNn0px2V4AaABAg,x4NCWc1aqw4,UgxmgLSeV8dGNn0px2V4AaABAg,False,@JacksonKenney-r3r,UC87ZiuDZfsuh2qt5UsKHyNw,All this dude does in the vid is complain about a tiny bit of creaking and glaze the AirPods build quality bru,0,2024-12-21 22:31:27+00:00,Durability,110,0.8708234803986958,0.0,0.04499579459631709,0.9158192749950129,Very Negative,-2
Apple AirPods Max,comparison,Ugx94MXw6V-Ek7oYJvl4AaABAg,x4NCWc1aqw4,Ugx94MXw6V-Ek7oYJvl4AaABAg,False,@xrpgkillax,UCmkTJdatK1C1Vf-iTitZ2FA,these comments show who have actually used beats before apple started making them and who never touched a pair until apple started making them lmfao,0,2024-12-03 12:22:42+00:00,Durability,148,0.8507079434320542,0.0,0.06097560949968204,0.9116835529317363,Very Negative,-2
Apple AirPods Max,unboxing,Ugz9qC_eVqJYWTSlx654AaABAg,UdfSrJvqY_E,Ugz9qC_eVqJYWTSlx654AaABAg,False,@jcoins1,UCRUncynvh6O4TYqmFnpk-uQ,Still coming back still trying to decide if I should get them or usbc ones or just skip and call it a flop,0,2024-12-08 08:52:47+00:00,Durability,106,0.8560082037040826,0.0,0.04331370881701552,0.899321912521098,Neutral,0
Apple AirPods Max,comparison,UgzstsAQkwTuhH8Uj5B4AaABAg,x4NCWc1aqw4,UgzstsAQkwTuhH8Uj5B4AaABAg,False,@jondemetrius,UCCt65fSGb3SYJ_ZV6f20WUA,Airpods Max I've had 3 all died. Never again!,0,2024-12-24 21:07:37+00:00,Durability,45,0.8740355717026655,0.0,0.017661900682666522,0.891697472385332,Very Negative,-2
Apple AirPods Max,review,UgzroAUl4mgf8JvNyZ14AaABAg,59uTE7pLfKA,UgzroAUl4mgf8JvNyZ14AaABAg,False,@VishnuKamath,UC2kHikrBmfoq3nWoMVJMZGQ,I have my for 4 years The only thing i hate is the compression strength. considering i have a big head.,0,2024-11-30 19:54:32+00:00,Durability,103,0.8477748896855918,0.0,0.04205214448253934,0.8898270341681311,Neutral,0
Apple AirPods Max,comparison,UgyS5v3d-Fw4TyousGB4AaABAg,x4NCWc1aqw4,UgyS5v3d-Fw4TyousGB4AaABAg,False,@knolez1546,UCbXGepVDoyvApJZa74tOu-A,Lol. This guy is for real. Lolol,0,2024-12-26 06:35:17+00:00,Durability,32,0.8755578934498277,0.0,0.012195121899936408,0.8877530153497641,Neutral,0
Apple AirPods Max,review,Ugw7vnuCsVVWb_fGOYB4AaABAg,59uTE7pLfKA,Ugw7vnuCsVVWb_fGOYB4AaABAg,False,@Nirmeesh,UCbjN5eJ5Vii56AgiSVWNB5w,I don't wanna ask but how much did apple pay you?,1,2024-12-02 22:23:14+00:00,Durability,49,0.8500714142791316,0.009523808616780132,0.019343986461968096,0.8789392093578798,Neutral,0
Apple AirPods Max,review,UgyCqDuHviPsP-PnBjV4AaABAg.A8Q6YCFHW4OA9JLDBsqJX8,59uTE7pLfKA,UgyCqDuHviPsP-PnBjV4AaABAg,True,@kaizen277,UCHeZ5D8n9blnxLutRzeSiPw,"@@dimglow i think ur gonna wait a LOT for that, since its been a WHOLE 4 years since airpods max 1 and the only upgrade we got was usb c and new colors🤣 so i doubt they are gonna upgrade them to H2 any time soon",0,2024-10-07 23:20:36+00:00,Durability,211,0.7889692914996568,0.0,0.08746846052368182,0.8764377520233386,Neutral,0
Apple AirPods Max,review,UgxZ_IzvbWo1a1Sx06l4AaABAg,59uTE7pLfKA,UgxZ_IzvbWo1a1Sx06l4AaABAg,False,@disatraced,UCAEgq5HV6Shi4zFoDD0HINA,They aren’t misunderstood they are overpriced,1,2024-11-30 15:57:33+00:00,Durability,45,0.8475951960700937,0.009523808616780132,0.017661900682666522,0.8747809053695403,Negative,-1
Apple AirPods Max,review,UgzZVMIcZrZ_s6X4bAZ4AaABAg,59uTE7pLfKA,UgzZVMIcZrZ_s6X4bAZ4AaABAg,False,@WisdomInfinite-we2bj,UCGNO7OyhMscrtssHmeipTMQ,The mesh hands bands are replaceable unlike most brands.,0,2024-12-02 04:37:13+00:00,Durability,56,0.8492631026298684,0.0,0.02228763657574585,0.8715507392056142,Neutral,0
Apple AirPods Max,comparison,UgyH9QyahOHd19jY8zx4AaABAg,x4NCWc1aqw4,UgyH9QyahOHd19jY8zx4AaABAg,False,@joslyntorres8691,UCOb9dDotRU5cppEUCNHHUDQ,This dude looks like my ex 😨💀,1,2024-12-01 21:21:46+00:00,Durability,29,0.8489329208243885,0.009523808616780132,0.010933557565460227,0.8693902870066289,Very Negative,-2
Apple AirPods Max,review,UgwiLCGQLOlHldPGr0p4AaABAg,59uTE7pLfKA,UgwiLCGQLOlHldPGr0p4AaABAg,False,@EthanFromLondon,UCoBXlot3tta4Bz5y7m-8YRg,You mentioned that they work with Siri and Hey Siri. I have the lastest model that I bought a few days ago and it only works with Hey Siri. Can you please let us know how to change this setting?,0,2024-10-07 06:04:52+00:00,Durability,194,0.7881839423160635,0.0,0.08031959596165014,0.8685035382777136,Neutral,0
Apple AirPods Max,review,UgwDmegKO5lMoDprVTl4AaABAg,59uTE7pLfKA,UgwDmegKO5lMoDprVTl4AaABAg,False,@lamon_aid,UCFkcpvnvO5rMo8WzS8IJfvA,"Just picked a pair up for $200 locally and got Explore the Simulations usb c adapter case for my maxes total a cost of around 250, which I am beyond happy with.",0,2024-10-08 05:47:31+00:00,Durability,160,0.7892626726997263,0.0,0.06602186683758676,0.855284539537313,Very Positive,2
Apple AirPods Max,review,UgzXIdWYYbtynQn9XBh4AaABAg,59uTE7pLfKA,UgzXIdWYYbtynQn9XBh4AaABAg,False,@sublimechimp,UCauEOP44VkqEka2f7adIjqw,How long can you wear them for before they get uncomfortable?,0,2024-11-08 16:57:52+00:00,Durability,61,0.8236194373568047,0.0,0.024390243799872816,0.8480096811566775,Very Negative,-2
Apple AirPods Max,comparison,Ugz32iIdjIT08H6LMVZ4AaABAg,x4NCWc1aqw4,Ugz32iIdjIT08H6LMVZ4AaABAg,False,@4High2AndDry0,UCWm1lfnERQP3tJBbvo3WyPg,Got us an apple dick rider,1,2024-11-10 20:17:33+00:00,Durability,26,0.8259546202786241,0.009523808616780132,0.009671993230984048,0.8451504221263882,Very Negative,-2
Apple AirPods Max,review,Ugze7i7r0f8gC9VFv6J4AaABAg,59uTE7pLfKA,Ugze7i7r0f8gC9VFv6J4AaABAg,False,@mrhustles104,UCQ3BED7ZzmjenUhBX5FarNQ,Is it worth me buying it today or do I wait for new ones,0,2024-11-07 18:25:49+00:00,Durability,56,0.8225942397219463,0.0,0.02228763657574585,0.8448818762976922,Neutral,0
Apple AirPods Max,review,UgyXjL2A3d-mDsOqHAx4AaABAg,59uTE7pLfKA,UgyXjL2A3d-mDsOqHAx4AaABAg,False,@jesuschrist5294,UCCjd_urO_XdteDRVUUHkSyQ,you didnt mention the horrible condensation if you wear it for more than a couple of hours. and that WILL destroy the headphones in time.,2,2024-09-17 10:22:01+00:00,Durability,137,0.7665412055000317,0.019047617233560264,0.056349873606602714,0.8419386963401947,Very Negative,-2
Apple AirPods Max,review,UgzoSgtclg4hT7WLxzt4AaABAg,59uTE7pLfKA,UgzoSgtclg4hT7WLxzt4AaABAg,False,@GamerPanda185,UC_kgGGIXHx6pLUy8TVKGwew,Do you get a dent in your head when you wear them for extended periods of time?,1,2024-10-13 05:45:34+00:00,Durability,79,0.7947206245769438,0.009523808616780132,0.031959629806729895,0.8362040630004538,Neutral,0
Apple AirPods Max,review,UgyEpGbJPTzXeOprtWZ4AaABAg.A8vkyrJN-LMA8whsO6QPxn,59uTE7pLfKA,UgyEpGbJPTzXeOprtWZ4AaABAg,True,@terminatortr06,UCSMBN40gc-D2ICnTA_pyuDA,did you not watch the video?? this is a 2024 review of the 2020 release airpods max. not a review of the new airpods max,0,2024-09-28 19:05:34+00:00,Durability,120,0.7789489365439175,0.0,0.049201009044571024,0.8281499455884885,Neutral,0
Apple AirPods Max,review,UgxEbY4uPPbeLRQvqRB4AaABAg,59uTE7pLfKA,UgxEbY4uPPbeLRQvqRB4AaABAg,False,@keithcollins5180,UC5bEyT-j5Gm4KVPYEosB0AQ,Why haven’t they added the H2 chip ?,0,2024-10-28 09:29:34+00:00,Durability,36,0.8112687649439037,0.0,0.013877207679237981,0.8251459726231416,Very Negative,-2
Apple AirPods Max,review,UgyCqDuHviPsP-PnBjV4AaABAg.A8Q6YCFHW4OA8UH7g5Oooj,59uTE7pLfKA,UgyCqDuHviPsP-PnBjV4AaABAg,True,@dimglow,UCUROAX7oq4sJ30G1CsX8Bzg,I'll wait for a proper upgrade with H2 chip,4,2024-09-17 08:45:09+00:00,Durability,43,0.7664677559400573,0.03809523446712053,0.016820857793015734,0.8213838482001936,Negative,-1
Apple AirPods Max,review,UgyEpGbJPTzXeOprtWZ4AaABAg.A8vkyrJN-LMA94Y0lbdtrk,59uTE7pLfKA,UgyEpGbJPTzXeOprtWZ4AaABAg,True,@positiev,UCKuRbUDAnAdWVlbaOW-hCxw,"@@terminatortr06 the only 2 upgrades are, “colors” and usb-c port…
Intern nothing changed🤣",0,2024-10-02 05:23:54+00:00,Durability,90,0.7826934486947074,0.0,0.036585365699809226,0.8192788143945166,Neutral,0
Apple AirPods Max,review,Ugy9E6ykef_4c-YdOWt4AaABAg,59uTE7pLfKA,Ugy9E6ykef_4c-YdOWt4AaABAg,False,@themysterykid1,UCSGcVJfOjAk3TDUf4l8bwVA,Misunderstood? Or just overpriced lol,0,2024-10-09 17:31:04+00:00,Durability,37,0.7908880285594951,0.0,0.014297729124063374,0.8051857576835585,Very Negative,-2
Apple AirPods Max,review,UgxOkObujFwX6IAQ8Eh4AaABAg,59uTE7pLfKA,UgxOkObujFwX6IAQ8Eh4AaABAg,False,@AlphaHarmonious,UC8pjCq1mmU0Xa1kqPR6SGRw,Clearly this dude is an Apple Fan boy.,0,2024-09-28 16:58:26+00:00,Durability,38,0.7788525371558439,0.0,0.014718250568888768,0.7935707877247327,Very Positive,2
Apple AirPods Max,review,UgwBEfWE6_Du4U-RpF14AaABAg,59uTE7pLfKA,UgwBEfWE6_Du4U-RpF14AaABAg,False,@xavierpierre1676,UCViF0-XG0EaZl4ir-B_lEXg,my airpod max broke twice and the repair costs are 300+,0,2024-09-20 14:38:33+00:00,Durability,55,0.7700113812695547,0.0,0.021867115130920455,0.7918784964004751,Negative,-1
Apple AirPods Max,review,UgwgvS0VPjyeoOaKzXR4AaABAg,59uTE7pLfKA,UgwgvS0VPjyeoOaKzXR4AaABAg,False,@nnennagloriannenna3168,UC4tky_RD2nIROmMu-LedqwQ,Is it wireless,0,2024-10-05 08:07:23+00:00,Durability,14,0.7860930689079095,0.0,0.004625735893079327,0.7907188048009889,Neutral,0
Apple AirPods Max,review,UgzPdf75rhfHIm7X8lt4AaABAg.A2hB-3bJiIuA2hBNI3vYWt,59uTE7pLfKA,UgzPdf75rhfHIm7X8lt4AaABAg,True,@notsorealMonarch,UC73zFi_zFLzQpK1sSHHa_KA,I use fake airpods pro lmao,13,2024-04-26 15:15:51+00:00,Durability,27,0.6095324082470852,0.1238095120181417,0.010092514675809442,0.7434344349410363,Negative,-1
Apple AirPods Max,unboxing,UgxQ4CGeKDdB0yywOvJ4AaABAg,UdfSrJvqY_E,UgxQ4CGeKDdB0yywOvJ4AaABAg,False,@MichaelWolf940,UCrZCmJSJ3zhUyHG4n71lxaQ,Three years later the price STILL didn’t drop.,3,2024-05-05 22:39:13+00:00,Durability,46,0.6196955677499184,0.028571425850340393,0.018082422127491917,0.6663494157277507,Negative,-1
Apple AirPods Max,review,UgwMd7Orqpp99JV9tbB4AaABAg,59uTE7pLfKA,UgwMd7Orqpp99JV9tbB4AaABAg,False,@yuchoob,UCebGhCjmezZyP4baqVlqPNw,"Mine died after a year. Started refusing to connect to my iPhone/other devices, or connecting and not recognizing it, or recognizing it and still not playing music. I had them fixed by Apple, who replaced an entire earcup (fixed = throwing away half of the thing and replacing it, these days). They worked for another month or so, then died again. Although they do have excellent ANC and Apple ecosystem integration, they sound like a $200 pair of headphones. The highs are artificially boosted to give the illusion of clarity, the bass is muddy and the entire sound is flat and overprocessed. For the same, or close to the same price, you can get the B&W px8 (much, much better sound, although early runs had quality control issues - now fixeD), the Dali IO-8, which are superb all round earphones with a rich sound, and the Nobel Fokus Apollo, which give very good ANC and a very good hybrid driver system (and excellent battery life - up to 80 h). More than that, you can use all of those with lossless music, which you can't get with the Airpods Max, which is ridiculous at this price point. Finally, if you don't need ANC and want the best sounding Bluetooth headphones, get the Audeze Maxwell. They're a bit on the heavier side and have no ANC, but they block out noise passively well enough and have excellent 90 mm planar magnetic drivers. The sound is incredible, even for a Bluetooth headphone. 60 hours+ battery life and they have a dongle that lets you stream 24/96 audio from a PC, Mac, Android or iPhone. The Apple Airpods Max are just not worth the expense. They are an average earphone for a premium price and are out-performed by the competition in every single department, except Apple ecosystem integration.",0,2025-03-04 00:10:43+00:00,Noise Cancellation,1726,0.9495145485796047,0.0,0.7245584494341528,1.6740729980137576,Negative,-1
Apple AirPods Max,review,UgyMqlAMniuV3QI9n354AaABAg,59uTE7pLfKA,UgyMqlAMniuV3QI9n354AaABAg,False,@cryptic6917,UCJpYhh2ScCrGSQ36CbI08bA,"In terms of headphones I have the regular gen 3 airpods for when I'm at the gym or just in a situation where I have to focus but not so in depth like I have to at uni, shokz openrun pro 1st gen for when I'm out and about and want to listen to music but also need to still be aware of what's going on around me, beyerdynamic dt 990 pros for when I'm gaming, on a zoom call or if I'm doing video or audio editing and I'm considering getting the airpods max for when I'm traveling and for situations where I need the noise cancelling like if I'm out and about and need to go on a zoom call for a lecture at uni when I'm in noisy environments and having to lock in. Although they're very expensive here in Australia ($900aud) I live by buy, once cry once and I think if you're going to get into the apple ecosystem then you may as well go balls deep and get what you need for that seamless integration and being covered in the long run rather than getting something that's cheaper and running the risk of not having that seamless integration. I have an iphone 13 pro max, an m2 ipad pro, an apple watch ultra 2 and gen 3 airpods. I've tried using the at m50x bt's between my different devices during traveling and while I've been in noisy environments and it's a pain in the ass having to disconnect and reconnect with the different devices along with being pretty uncomfortable during longer sessions, so that's why the airpods max would be a better option.",0,2025-01-28 05:48:41+00:00,Noise Cancellation,1454,0.911554799924206,0.0,0.6101766164416458,1.5217314163658517,Neutral,0
Apple AirPods Max,review,Ugw1mOAoZIF2lwaCUXR4AaABAg,59uTE7pLfKA,Ugw1mOAoZIF2lwaCUXR4AaABAg,False,@JWOY-h5h,UCQbsr63FNRcLTgKkEFS3VRg,I am on my third pair. The first bluetooth went right after apple care + was done. They stayed stuck on noise cancelation and would not reset. I purchased a new pair and months into them I tried to reset my older pair and plugged them into my iMac with coconut battery pulled up and it triggered them back to working status. So I sold new newer pair and these ones as well since they were working again. I purchased a newer then USB-C pair and again the bluetooth two months in went I sent them to apple and they replaced them with new ones in a day. I have had no issues since but beware the bluetooth is not good in these and if they get stuck on noice cancelation again beware.,0,2025-03-25 02:37:15+00:00,Noise Cancellation,680,0.9725552660862627,0.0,0.2846930181467913,1.2572482842330541,Negative,-1
Apple AirPods Max,review,UgzJC9u_zgep4VmXPbV4AaABAg.AEl3jGmMx6rAFDxkgE0z3_,59uTE7pLfKA,UgzJC9u_zgep4VmXPbV4AaABAg,True,@yuchoob,UCebGhCjmezZyP4baqVlqPNw,"Bose. The APMs are unreliable (many people have had theirs randomly stop working, including me), loose-fitting and have the sound quality of a $200 pair of headphones. They can't run a wired connection, either. If top-level ANC is not an absolute must for you, consider also the B&W px8, the Dali IO-8 and the Noble Fokus Apollo - all similar price range and all infinitely better sounding. And all can be used with lossless audio, unlike the APM.",0,2025-03-04 00:19:01+00:00,Noise Cancellation,447,0.9495208420897333,0.0,0.18671152150247466,1.136232363592208,Neutral,0
Apple AirPods Max,review,UgyMBxs8KXPaINYD1iV4AaABAg,59uTE7pLfKA,UgyMBxs8KXPaINYD1iV4AaABAg,False,@RosanneLoriMalowany,UC5WefzO_GMYT1OuPBUsDzHw,"I've checked out a few YouTube videos comparing the Airpods Max Pro Active Noise Cancellation model to the Airpods Pro 2.  Your information is the best-detailed comparison so far.  My concern is that the Airpods Pro 2 will still allow some ambient noise from the house's living room TV while I am studying in my bedroom.  Still on the fence about which one to buy because I may want both! So, I'll buy both and return one.",0,2025-01-31 20:34:06+00:00,Noise Cancellation,422,0.9155018291428878,0.0,0.17619848538183983,1.0917003145247277,Neutral,0
Apple AirPods Max,comparison,UgxppQXHVKpfYqiytlh4AaABAg,x4NCWc1aqw4,UgxppQXHVKpfYqiytlh4AaABAg,False,@ioanatibuleac635,UCGE1fiZGc_m6-YNvHSOg0wA,Okay but when I tried it on it was perfect for my ears the AirPod maxes are there any other headphones that are just like AirPod maxes covering my entire ears? And ofc noise cancellation,0,2025-03-17 03:57:25+00:00,Noise Cancellation,186,0.9638809640438037,0.0,0.07695542440304699,1.0408363884468508,Negative,-1
Apple AirPods Max,comparison,UgxC_0hFHuqRUS2pmvx4AaABAg,x4NCWc1aqw4,UgxC_0hFHuqRUS2pmvx4AaABAg,False,@AdamThePred,UCwUar0Mf3F-AraQTAVtbMUA,"I owned Beats Studio Pro previously and now using APM : I do prefer the sound signature of Beats and the ability to use lossless audio via USB-C (which is a hidden power feature if you are a PC user).
But to me, APM is superior in all other categories : build quality, look, ANC, Transparency. Beats Studio Pro is an ""affordable"" substitute product of APM",1,2024-12-24 15:03:56+00:00,Noise Cancellation,355,0.8737598072759278,0.009523808616780132,0.14802354857853847,1.0313071644712464,Neutral,0
Apple AirPods Max,review,UgzSGTUTZNJnI9LIHSp4AaABAg,59uTE7pLfKA,UgzSGTUTZNJnI9LIHSp4AaABAg,False,@airwaves7,UCEHBg2rYW0-UeHCBr6ajluw,Airpods are for everyday life while Max is for Airport Travel.,0,2025-04-10 20:39:23+00:00,Noise Cancellation,62,0.9908459757797434,0.0,0.024810765244698208,1.0156567410244417,Neutral,0
Apple AirPods Max,comparison,UgxuqG_ke9-xo8m7YqZ4AaABAg,x4NCWc1aqw4,UgxuqG_ke9-xo8m7YqZ4AaABAg,False,@gooaygar,UCpZsHXExm7RMhYZfkiaLTbg,when you edited out your voice at the noise cancelling bit... I am now  invested,1,2025-03-09 15:36:12+00:00,Noise Cancellation,80,0.9556757307070513,0.009523808616780132,0.03238015125155529,0.9975796905753866,Neutral,0
Apple AirPods Max,review,UgzpvzXkwWF44zNHVO94AaABAg.A9db4MkkYPmAF7mspAtLNv,59uTE7pLfKA,UgzpvzXkwWF44zNHVO94AaABAg,True,@322DanielK,UCvzSS9M7vj9RE0C9tg6LICA,so they doesnt support lossless at all or just “hifi lossless”?,0,2025-03-01 14:48:34+00:00,Noise Cancellation,63,0.946904523773697,0.0,0.025231286689523603,0.9721358104632206,Very Negative,-2
Apple AirPods Max,review,Ugz0qtYbhBuGDZCV48d4AaABAg,59uTE7pLfKA,Ugz0qtYbhBuGDZCV48d4AaABAg,False,@GealRaya,UCcPb23ij26jlFmCyWIfdWvg,no off button is crazy tho.,1,2024-11-14 16:08:19+00:00,Noise Cancellation,27,0.8301331824271562,0.009523808616780132,0.010092514675809442,0.8497495057197457,Neutral,0
Apple AirPods Max,review,UgzDbkHWZRWwqhsvFUd4AaABAg,59uTE7pLfKA,UgzDbkHWZRWwqhsvFUd4AaABAg,False,@chocboywunda,UCANnwSx6Cv-0sEEa7vRkuHg,"Sony x5 is better for traveling, they actually fold in a real case and the ANC is just as good if not better",0,2024-10-19 06:21:00+00:00,Noise Cancellation,108,0.801298808619475,0.0,0.04415475170666631,0.8454535603261413,Positive,1
Apple AirPods Max,review,UgyL1w7l1XKJS-NqaYt4AaABAg,59uTE7pLfKA,UgyL1w7l1XKJS-NqaYt4AaABAg,False,@PeaceBeginsOnYourPlate,UCi3AW0A-PGTwo43uG9RVg4g,great video! so would you say the noise cancellation is stronger on AirPods Max than AirPods Pro 2?,2,2024-10-04 21:45:33+00:00,Noise Cancellation,99,0.7856215611510888,0.019047617233560264,0.04037005870323777,0.8450392370878869,Positive,1
Apple AirPods Max,comparison,UgyH0dLx_X5BRFRW5zF4AaABAg,x4NCWc1aqw4,UgyH0dLx_X5BRFRW5zF4AaABAg,False,@fitnesschefen,UCZZyILYG77ROWdTVveJvT6A,Are the ANC really the same?,0,2024-11-16 18:51:11+00:00,Noise Cancellation,28,0.8324404489556543,0.0,0.010513036120634835,0.8429534850762891,Negative,-1
Apple AirPods Max,review,UgyL1w7l1XKJS-NqaYt4AaABAg.A9BRxNnmsyqA9bxkqU55b3,59uTE7pLfKA,UgyL1w7l1XKJS-NqaYt4AaABAg,True,@SageTheCool,UCzOabhtypjmNmVYPKxjey7g,The Airpods pro 2 have the better ANC.,1,2024-10-15 14:11:42+00:00,Noise Cancellation,38,0.797288174508269,0.009523808616780132,0.014718250568888768,0.821530233693938,Negative,-1
Apple AirPods Max,review,Ugy02rgNmMKqpI8b-x94AaABAg,59uTE7pLfKA,Ugy02rgNmMKqpI8b-x94AaABAg,False,@TheNewtonGuy,UCyECJHAPdWBU3mH1ehkBogw,Case is like it will hide what’s important @Brandon,0,2024-09-14 18:47:51+00:00,Noise Cancellation,51,0.7636490974821165,0.0,0.020185029351618883,0.7838341268337354,Neutral,0
Apple AirPods Max,unboxing,UgxFPKfxuL8-nKSFi1N4AaABAg,UdfSrJvqY_E,UgxFPKfxuL8-nKSFi1N4AaABAg,False,@slob5041,UCEO0wbhVUfQhdE2kKR1bSwQ,They’re not as good as I expected but the noise cancelling is insane,0,2024-07-08 03:48:33+00:00,Noise Cancellation,68,0.6887189450185573,0.0,0.02733389391365057,0.716052838932208,Negative,-1
Apple AirPods Max,unboxing,Ugx3vtHqGVha5wUeYFR4AaABAg,UdfSrJvqY_E,Ugx3vtHqGVha5wUeYFR4AaABAg,False,@hamzahaque867,UCenuMoV0ROlv1DG4-5-zC3w,wow. apple is so shit. what a terrible brand.,0,2024-05-22 08:50:44+00:00,Noise Cancellation,45,0.6376294303640813,0.0,0.017661900682666522,0.6552913310467477,Very Negative,-2
Apple AirPods Max,unboxing,UgzgUqMEU0n9okHMow14AaABAg,UdfSrJvqY_E,UgzgUqMEU0n9okHMow14AaABAg,False,@OnlyTruthLove,UCyahuVHKWbHSAPlhPZQi_1w,"The reason they made the headphones turn off only via the case, is so that they can force people to buy only the apple case. Forcing people into their own eco system again.",0,2023-12-26 18:28:01+00:00,Noise Cancellation,172,0.47646801589491994,0.0,0.07106812417549148,0.5475361400704114,Negative,-1
Apple AirPods Max,unboxing,UgwxeLrui712zJOL4Wh4AaABAg,UdfSrJvqY_E,UgwxeLrui712zJOL4Wh4AaABAg,False,@Jimyrt.,UC5pVaw7h5rJ9Ovw8tZ9qVhA,"The amount of people I have seen actually wearing this is crazy, I know Apple is very dominant in the industry but the be probably seen more people wearing these than any other over ears",0,2023-09-08 16:20:52+00:00,Noise Cancellation,186,0.35735601955851615,0.0,0.07695542440304699,0.4343114439615631,Positive,1
Apple AirPods Max,unboxing,Ugzodb7BZgp6ILBA7pd4AaABAg,UdfSrJvqY_E,Ugzodb7BZgp6ILBA7pd4AaABAg,False,@CozyGaymerBear,UCQLjj9FHipiWUbtHSgo9lVQ,"Tbh the one reason is the earcups leather & fuax leather is sweaty, that & also these remind me of Parrot Ziks i miss those headphones 😢",0,2023-08-16 01:07:52+00:00,Noise Cancellation,136,0.33155035326870935,0.0,0.05592935216177732,0.38747970543048665,Neutral,0
Apple AirPods Max,unboxing,UgyHy0R6hjdK7V8n4eh4AaABAg,UdfSrJvqY_E,UgyHy0R6hjdK7V8n4eh4AaABAg,False,@swisstrader,UCXh6-B9Ingng1NISeco1ELw,"I have had the Bose noise cancelling for any years, but when I tried the AirPods on, they were 10x more comfortable",0,2023-01-19 02:35:20+00:00,Noise Cancellation,115,0.1034124814687274,0.0,0.04709840182044406,0.15051088328917145,Neutral,0
Apple AirPods Max,unboxing,UgzZGMB0XxeOfSinFUV4AaABAg,UdfSrJvqY_E,UgzZGMB0XxeOfSinFUV4AaABAg,False,@DJ-ln8iy,UClishQ02FYxOgzfCHlhAbMA,"Honestly, Apples prices are getting out of hand",0,2022-10-16 09:33:00+00:00,Noise Cancellation,47,0.0,0.0,0.01850294357231731,0.01850294357231731,Negative,-1
Apple AirPods Max,review,Ugy9bhBrsRhHHF21oGB4AaABAg,59uTE7pLfKA,Ugy9bhBrsRhHHF21oGB4AaABAg,False,@johnbarbuto5387,UCTL0c5UmZiK7Khdko5eNQHQ,"If you have the ears that can earn them, they have the sound!  My AirPods Max are now about 2-3 years old.  They are still the definition of sound excellence.  But, you don't have to believe me, check them out with a sound generator!  They are flat (equal volume and distribution) all the way down to about 40 hz.  Then, my ears (I'm 77) begin to play a role.  The AirPods still generate beautiful and balanced distinct waveforms (sound where you can hear the cycles) all the way down to 20 hz!  The volume does drop off but that might simply be my old ears.  And, in case I'm not being clear, this is not ""boomy"" sound (cheap bass).  This is distinct waveforms.  I also have a pair of AirPods Pro which are also good for when I exercise or when I'm moving around outside.  They are also excellent, but for the audiophile the Max are the frame of reference.  So, that is the sound quality part.  Then, of course, there is comfort and electronics.  Both the Max and Pros are good in both of these realms.  I'm a Mac guy with many devices.  One of the things I love is how the Bluetooth automatically (or with a click) switches to the appropriate device that I'm using.  The noise cancellation for both is excellent.  And, of course, I can pick different versions of the cancellation function for different circumstances.  Both versions are money well-spent in my opinion, for different situations.  (I have no affiliation with Apple and paid personal cash for all of my Apple devices.)   Recently I was working with some new speakers and was examining their frequency responses (and the frequency characteristics of the cables used to connect them to my Mac).  It was this experience that drove home the capabilities of the AirPods.  (It is interesting to see how different cables produce different dropout frequencies - where the volume suddenly goes lower.  But, this is not a commentary on my new speakers or the cables.)  So, anyway, if you have the money and the ears that deserve them, buy Airpods.  They really are quite excellent!  (Last note, I'm a woodworker and tool guy by hobby.  I've taken care to protect my hearing over the span of my life, and at this age it is really paying off.  I can use these excellent audio devices and still hear their amazing quality [quality which is vastly greater than what was available when I was a kid!])  Have fun.  Hope this helps.🙂",1,2025-02-09 15:59:35+00:00,Sound Quality,2381,0.9251206505698824,0.009523808616780132,0.9999999957947855,1.9346444549814479,Neutral,0
Apple AirPods Max,review,UgzXIdWYYbtynQn9XBh4AaABAg.AAa2qyZI2NMAFGbU-vv0Dz,59uTE7pLfKA,UgzXIdWYYbtynQn9XBh4AaABAg,True,@yuchoob,UCebGhCjmezZyP4baqVlqPNw,"@ Audiophiles agree that the Airpods Max have an unimpressive, overly processed/digitized sound and muddy base. If you haven't actually tried good headphones, and you don't know what that sound like, you might think these are good, but you won't try something truly excellent, like the Dali IO-12 or Audeze Maxwell. YOu will find that the Airpods Max have a compressed, much less detailed sound with a much less rich mid-range. It's trivially easy to find a headphone that provides MUCH more detail, soundstage and instrument separation than the Airpods. All of the headphones I mentioned before (px8, io-8 and Nobel Fokus Apollo) are considered MUCH, MUCH better for sound quality in these ways. Or do it the other way, and listen to a $200 pair of closed back headphones and compare them to the APM; many of them sound about the same as the APM in terms of actual sound quality.

And the fact that many people have had their Airpods randomly develop connectivity issues is real. It happened to me twice. After the first time, Apple fixed them under warranty by replacing one whole earcup. A month later (warranty ended) they crapped out again. You can add to this that they have no LDAC or Aptx support, no wired connection, no DAC... the competition is far ahead of the Airpods Max. You're paying for the branding and active noise cancelling primarily, not quality of sound. For quality of sound, the Airpods Max are *massively* over-priced.",0,2025-03-05 08:12:09+00:00,Sound Quality,1444,0.9509714835367966,0.0,0.6059714019933918,1.5569428855301886,Neutral,0
Apple AirPods Max,comparison,Ugz9Wr0euGRTCKgJHb94AaABAg,x4NCWc1aqw4,Ugz9Wr0euGRTCKgJHb94AaABAg,False,@eerietomb,UCx9HIJYOtzgf6BEesYF_WBQ,"I bought a pair of the Beats Studio Pros on Prime Day last year after MUCH YouTube investigation and Max vs Pros tug-of-wars (including this video!), and they were really great for a couple of months. Then one day I heard popping and whooshing in the left speaker and it quickly got so bad that I had to take advantage of my AppleCare+ purchase. They were replaced and were fine for a few weeks, then it happened again, and far worse this time - it actually sounded like the left speaker popped at one point, and the crackling and popping simultaneously happened in the right speaker too. Once again, sent off and replaced. This new pair lasted exactly TWO DAYS and both speakers started popping and crackling, and the whooshing in the left speaker is so loud now that it even starts to drown out the music at times. And when checking online, I am certainly not alone in this experience yet there doesn't seem to be any fallout from Beats' side. 
I'm absolutely done with them and will never purchase Beats again. 

I am now looking at a pair of AirPods Max (as I did before), but now with USB-C and in Midnight to pair with my new Midnight MacBook Air - the outlay will hurt initially, but I can only imagine the long-term experience will be FAR better than the absolutely atrocious experience I've had with the Studio Pros.
Bloody awful, and folks need to know about this before purchasing.


You get what you pay for, indeed.",0,2025-02-03 02:40:28+00:00,Sound Quality,1428,0.9179634004076707,0.0,0.5992430588761856,1.5172064592838561,Very Negative,-2
Apple AirPods Max,comparison,UgynqagUb54iUjibkNd4AaABAg,x4NCWc1aqw4,UgynqagUb54iUjibkNd4AaABAg,False,@HiFiFrequency,UCpg8g1yd2Fbq3_772wsCcJw,"I love Beats reviews like this. Beats were made and designed around hip-hop music. Thus, Beats by Dre was the original name.  This guy said the clarity is ""muddy"". In my culture, we call it bass heavy, which is the core of hip-hop music.  Also, why 95% of your athletes and a specific culture choose Beats over all these other headphones focusing on noise canceling, acoustics, and phone call capability.  I see only Beats in every gyms I go to.  They are designed to make you feel like you're at a concert while on your head.

A smarter, better build quality (they are headphones), and a bulky ugly headphone (let's be honest) is not worth paying $200 more.  You can find a cheaper headphones to accomplish what the Airpod Max do.  If you're looking for a powerful, concert feeling, better looking, durable headphone for active wear (hiking, walking, working out, OR office work) save $200.  An overpriced techy headphone versus a Studio headphone with a tech features.  There is a reason why Apple bought their biggest competition being Beats by Dre. Lol",14,2024-12-06 16:47:38+00:00,Sound Quality,1056,0.854184488537129,0.13333332063492184,0.4428090814011392,1.43032689057319,Negative,-1
Apple AirPods Max,review,UgyYhh6ldLVbo2sS6bV4AaABAg,59uTE7pLfKA,UgyYhh6ldLVbo2sS6bV4AaABAg,False,@Not-y3t,UCuHgceOuux47dITy77Z5JzQ,"I don’t think they are misunderstood, I think people just don’t want to pay $549 for headphones that have the sound quality of a $100 pair. I don’t care about the build quality, if I’m paying that much for headphones I simply want the best sound, period. My Sennheiser momentum 4s were only $350 and sound much better than the AirPods Max, and the NC is good enough that when I’m listening to music I can’t hear anything else, even at a low volume.

I think the strongest case for the Max’s was the NC, but through updates they have intentionally made that worse to avoid legal fees by Jawbone for stealing their proprietary software, and since then I have seen no reason to justify the price. I have the pros 2, and I noticed the NC get worse, to where I can hear subtle sounds, like the crickets outside my window when it’s closed and I’m in my room, or I can hear the fabric of my pants rubbing against my chair when I shift, even with NC on, which never used to be the case. Curious what your experience is before/after that lawsuit, Apple was really hush hush about it. If they gave a press release about it I would be fine, but I’m upset that they wanted to avoid fees and instead make my headphones WORSE than the ones I paid for, but I don’t get any money back, Apple didn’t pass on any of the savings. That’s my gripe, and they haven’t even updated the Max’s, it’s just such lazy work for a multi-billionaire company.",1,2024-10-23 13:18:06+00:00,Sound Quality,1426,0.8059826208381676,0.009523808616780132,0.5984020159865348,1.4139084454414825,Very Negative,-2
Apple AirPods Max,review,UgyaXcnoGOQzXeVjedx4AaABAg,59uTE7pLfKA,UgyaXcnoGOQzXeVjedx4AaABAg,False,@bobbysmith4370,UCWRdsH7vaNNBmuQHSicZgkA,"I got my lightning charging AirPods Max about 10 days ago from a sale from Best Buy.  I saved $170 from the cost of these.  I am blown away from this product.   I move from my iPad to my iPhone seamlessly from one platform to another platform.   The only regret I have is I should have bought the blue version.  But that is minor.   I have bought an orange cover set for my space grey that will make everything pop.  I use these right now for about 10 hours a day.  I have been using Apple products since AOL.  I still have my iPod mini, and my iPod shuffle 2nd generation that I use.  The first iPhone that was made I won at charity auction, that I got 5 days after the release.   I have had two droid phones, and an Amazon tablet.   I have played with other tablets too.  They do not meet the proper user response that Apple provides.  I have been an active Apple product supporter since 2003.",12,2024-12-21 05:51:24+00:00,Sound Quality,895,0.8700651882536271,0.11428570340136157,0.3751051287842509,1.3594560204392396,Very Positive,2
Apple AirPods Max,comparison,UgyhLvHul4Ub2_vjpBV4AaABAg,x4NCWc1aqw4,UgyhLvHul4Ub2_vjpBV4AaABAg,False,@garywill6340,UCkmSfRywakl3T5nBCfvxWFA,"So let's be real about this paid promotional video where this guy was given these headsets for free and then likely told hey if you give these Apple ones a good review then we'll send you more products or something like that. This guy just tried to say that the AirPods have more features when at the beginning of the video he said ""the beats have more features"" and then he's going on and on and on about the build quality and how creaky the beats are. That was literally the only thing he said that was wrong with the beats were that they were creaky. He couldn't tell the difference in the audio. You heard him say it himself that they kind of sound the same. He's not an audiophile and doesn't know. So why the hell would you trust this guy's video? Don't waste your money on the apple headphones. Buy the beats. Don't be an idiot. In 4 years the only thing that they've updated on those is that they now have a USBC on them. That's literally it. Bye from a company who gives a shit about their customers.",0,2024-12-02 18:56:49+00:00,Sound Quality,1009,0.8499148979680026,0.0,0.42304457349434577,1.2729594714623484,Very Negative,-2
Apple AirPods Max,comparison,UgxpOTF0riTIZ3rswQJ4AaABAg,x4NCWc1aqw4,UgxpOTF0riTIZ3rswQJ4AaABAg,False,@ethanadams9135,UCyrJ2o2GknqlJz5dnhOnvlw,"The Beats are kind of junk. They’re definitely not worth $350! They have a problem where the sound will constantly cut out, they feel cheap and creaky everywhere, they become uncomfortable after a while, they don’t have the usual features that you would usually find on headphones of its price-point, and the sound is fine but not great. They are often on sale for somewhere between $150 - $180. They are worth no more than this; in fact, they should have been priced at around maybe $100 - $120 base because of how cheap feeling they are.",1,2025-03-14 16:40:24+00:00,Sound Quality,539,0.9611838411017393,0.009523808616780132,0.22539949442641086,1.1961071441449302,Negative,-1
Apple AirPods Max,comparison,UgzwyB_mpy3l7_FAukh4AaABAg.9sqEprPSKjpADI98bEuQeF,x4NCWc1aqw4,UgzwyB_mpy3l7_FAukh4AaABAg,True,@mikefraser4513,UCw9LGhTIGMhZNtAfloAHx1w,"If a pair of headphones with the best possible sound is not comfortable, then I will not buy, or my case, keep them. I bought the Apples only because all my other devices are from Apple.
I thought I'd take a risk even though even tho I realized that €530 is quite expensive for a pair of headphones. But after less than one hour I felt like my head had been in a vice.(and sitting in front on my Mac where I have to wear glasses it was painful). No wonder when you realize they weigh 385 g  ( 3.6 ounces) and the case...cheap.
Sent them back ...bought a pair of Bowers & Wilkins Px8..200 Euros cheaper ...wonderful !",0,2025-01-14 22:32:25+00:00,Sound Quality,616,0.897029479648046,0.0,0.25777964567796613,1.1548091253260122,Very Negative,-2
Apple AirPods Max,review,UgzXIdWYYbtynQn9XBh4AaABAg.AAa2qyZI2NMAFDy3DjTTTN,59uTE7pLfKA,UgzXIdWYYbtynQn9XBh4AaABAg,True,@yuchoob,UCebGhCjmezZyP4baqVlqPNw,"You can use them about 1-2 years before they break; at least that has been my experience and that of many, many other people. They're outdated and have an over-processed tinny sound with artificially boosted highs to give the illusion of clarity. There are many headphones superior sound quality at this price (e.g. the px8, Dali IO-8 and Nobel Fokus Apollo). You asked about uncomfortable. You will feel pretty uncomfortable if you spend $500 on a pair of APM and have them crap out on you.",0,2025-03-04 00:21:41+00:00,Sound Quality,491,0.9495228641010196,0.0,0.20521446507479196,1.1547373291758116,Very Negative,-2
Apple AirPods Max,comparison,UgxAj7Uj68ZTP6vnqkp4AaABAg,x4NCWc1aqw4,UgxAj7Uj68ZTP6vnqkp4AaABAg,False,@JustinHolder-fk6vp,UChkalY-LdujRL1KW6UD8XNg,I have Beats Studio pros are fire for sound I hate the click noise to change the song is really annoying sounds cheap and plastic also beats the leather ear cups get sweaty and hurt your ears after 5 hours etc beats also have the automatic noise cancellation if you get wind in the headphones it cancels out automatically so if your hands are full beats does work I think there worth it,0,2025-04-03 17:37:51+00:00,Sound Quality,386,0.9830651246992707,0.0,0.16105971336812566,1.1441248380673963,Negative,-1
Apple AirPods Max,review,Ugwcgx2Np6lKc5fOgW54AaABAg.A9PcLDoU3zuAFDyHOIOzJE,59uTE7pLfKA,Ugwcgx2Np6lKc5fOgW54AaABAg,True,@yuchoob,UCebGhCjmezZyP4baqVlqPNw,"No. there are many, many much better sounding headphones at this price point, e.g. the Bowers px8, Dali IO-8 and Nobel Fokus Apollo. You also can't use the Airpods max with lossless audio and they are unreliable. Mine crapped out (then again after Apple ""fixed"" them), and many people have experienced the same thing. The Airpods Max have been spanked in every department by the competition perhaps except ANC, but there the Bose Quietcomfort Ultra match them.",0,2025-03-04 00:24:20+00:00,Sound Quality,460,0.9495248734747354,0.0,0.19217830028520477,1.1417031737599401,Neutral,0
Apple AirPods Max,review,UgyeNcQBrE9RLcMwE854AaABAg,59uTE7pLfKA,UgyeNcQBrE9RLcMwE854AaABAg,False,@Mallwalker1,UCb1uS1xS2uW_ssjczn0xq9g,"So many people complained about the price and some negative points, I didn’t find any other earphones who feels and sounds as great as the Apple Max. Even after 4 years, they are one of the best ones on the market. You like a cheaper price and plastic? Go for it, but stop blaming a good product, guys. You don’t like Apple? Buy other stuff, but stop being just against. I’m so tired of people who are just against, because……..",1,2025-02-23 13:50:52+00:00,Sound Quality,427,0.9403094559369253,0.009523808616780132,0.1783010926059668,1.1281343571596723,Neutral,0
Apple AirPods Max,comparison,Ugztdghwq1AGVQwMe614AaABAg,x4NCWc1aqw4,Ugztdghwq1AGVQwMe614AaABAg,False,@Josh_kel7,UC_u47aXwZZqmicdBOHJjXTw,"I’ve used both, a lot. But I could not bring myself to pay for THAT much. And honestly, yes the little things like that the buttons and the plastic build are not near as good as the Air Pod Max. I am glad I went for the Beats. I have had mine for almost a year, and I love them, and yes I use them at the gym too. Plus, the bass is better, and I love bass.",0,2025-03-29 01:50:25+00:00,Sound Quality,356,0.9768872988914239,0.0,0.14844407002336388,1.1253313689147877,Neutral,0
Apple AirPods Max,review,UgxPkzt7NGkd7poBNM94AaABAg,59uTE7pLfKA,UgxPkzt7NGkd7poBNM94AaABAg,False,@ChefTom777,UCswwSs8_i57DfxsIiLXZcoQ,"Many bluetooth earbuds & headphones nowadays from budget to flagships are awesome & the sound quality is amazing especially those with hi-res lossless & spatial audio & dolby atmos.. I have the airpods pro 2 & It is perfect for music @ gym while doing workout, youtube & movies.. But when I want a serious immersive music listening, I only use my Ibasso dc elite dongle dac amp or the chord mojo 2 with Sennheiser ie200 or hd600.. Using lossless music with a flagship dac amps & flagship iems or headphones is the best music listening experience a human being can achieve.. No bluetooth earbuds & headphones can match the wired hi-res lossless audiophile system set up..",0,2024-11-14 13:17:48+00:00,Sound Quality,670,0.8300038874429687,0.0,0.2804878036985374,1.1104916911415061,Very Positive,2
Apple AirPods Max,comparison,UgwD27ryHwnjYH7LkSV4AaABAg,x4NCWc1aqw4,UgwD27ryHwnjYH7LkSV4AaABAg,False,@hittrewweuy7595,UC26PK2-a1a6KAK5MEiTsgVg,"A lot of people get fooled by the beats , they are very cheap crap and they charge you for the name. I got beats and it was an incredible disappointment, they feel cheap with a nice name printed on them",0,2025-04-16 19:08:38+00:00,Sound Quality,202,0.9973284807757218,0.0,0.08368376752025328,1.081012248295975,Very Negative,-2
Apple AirPods Max,review,Ugw786Lxf2yhsExTWsJ4AaABAg.A9q7DfUac4FAFfVC6SCmea,59uTE7pLfKA,Ugw786Lxf2yhsExTWsJ4AaABAg,True,@NateD-l6o,UCnRo5dDAYCIbRXH1ky-Z1yg,broski i HIGHLY recommend checking its authenticity one way is checking the box and the inside of your headphones and look for a serial number if they're different then you got dups or offbrand. Most of the Airpod Max listings are fake and are P9 Headphones that you can buy on amazon.,0,2025-03-15 02:18:44+00:00,Sound Quality,285,0.9616223647994524,0.0,0.11858704744076093,1.0802094122402133,Neutral,0
Apple AirPods Max,comparison,Ugw0yq7a6k78VPKqlpV4AaABAg,x4NCWc1aqw4,Ugw0yq7a6k78VPKqlpV4AaABAg,False,@diogoribeiro6808,UC4rAC7zOgM1q-qwodzX7AxQ,"The most important thing, which headphone has the higher volume? For me that’s the most important thing on a wireless headphone because the sound quality is going to be almost the same in all wireless headphone besides focal Bathys, other than that the sound is almost the same in all of them. I am searching for the most powerfull headphone in terms of volume, does anybody know?",0,2025-02-06 09:44:16+00:00,Sound Quality,380,0.9215604068351259,0.0,0.1585365846991733,1.0800969915342993,Neutral,0
Apple AirPods Max,comparison,UgxjRgnSxXHmxKM39Ed4AaABAg,x4NCWc1aqw4,UgxjRgnSxXHmxKM39Ed4AaABAg,False,@qthebaddest627,UCahNvtfLo0ow-ZRtAMrGLIw,"I have both and yes the AirPods Max sounds richer than Beats Pro. As for lossless, you can really tell the difference with Beats Pro via USB-C  VS AirPods Max Via USB-C.",0,2025-04-15 12:07:25+00:00,Sound Quality,169,0.9959172053608882,0.0,0.0698065598410153,1.0657237652019036,Positive,1
Apple AirPods Max,comparison,UgzDJAmFh7i6zSM95014AaABAg,x4NCWc1aqw4,UgzDJAmFh7i6zSM95014AaABAg,False,@NOS410,UCTzeoIGdbBe5cuPAzQ49wiA,"Honestly. I prefer the baddy sound over the AirPod max. Yea the AirPod max are a bit more clear and have better instrument separation but it’s not that much of a difference to justify the price. Especially when the beat have better overall headphones features. You can’t turn off the AirPod max, you can’t fold them, they’re heavy on the head, you’ll definitely find yourself charging them more often.",0,2025-01-15 19:11:09+00:00,Sound Quality,401,0.8979687544408078,0.0,0.16736753504050655,1.0653362894813143,Neutral,0
Apple AirPods Max,review,Ugx2UmfMQY5o_-00FzJ4AaABAg,59uTE7pLfKA,Ugx2UmfMQY5o_-00FzJ4AaABAg,False,@corpuzone,UC6Tjs4obagPMTtK17M5U7pg,"They are good I’ll give you that, but the clamping force on those memory foam ear pads hurt my ears after about an hour. I don’t mind because Apple recommends themselves you should take a rest every hour or so. I don’t think anyone listens to music or whatever it is hours after hours without rest on big headphones.",0,2025-02-17 06:22:19+00:00,Sound Quality,316,0.9334180244334368,0.0,0.13162321223034812,1.065041236663785,Neutral,0
Apple AirPods Max,comparison,UgwhK8UVCir9UUvjjWh4AaABAg,x4NCWc1aqw4,UgwhK8UVCir9UUvjjWh4AaABAg,False,@bulldog1010123,UC31s88PqfSlVxEVHHTFxO9A,Getting bothered by the sound of plastic moving and sliding has gotta be autistic as fuck haha. That shit has never bothered me my whole life with over ear headphones,0,2025-04-12 16:36:54+00:00,Sound Quality,166,0.9928458839551556,0.0,0.06854499550653913,1.0613908794616946,Very Negative,-2
Apple AirPods Max,comparison,UgxGCJ7XjZ2Opr9eavJ4AaABAg,x4NCWc1aqw4,UgxGCJ7XjZ2Opr9eavJ4AaABAg,False,@JohnOKeefeJohnnysunshineandjoy,UC_ByPhdB7Q1PA_w9krX4E8w,Possibly the WORSAT review E V E R! 90% of this review was about the plastic construction - washable earpads and ALL THE THINGS THEY HAVE - EXCEPT THE SOUND!!!,0,2025-03-31 20:12:23+00:00,Sound Quality,159,0.9799066419695285,0.0,0.06560134539276137,1.04550798736229,Very Negative,-2
Apple AirPods Max,review,Ugxz86B-_ZumsBBJQP94AaABAg,59uTE7pLfKA,Ugxz86B-_ZumsBBJQP94AaABAg,False,@wisenheimer1984,UCn5hZ8iXaJfHbhgHdvVBwEA,I feel like reviews of these fall into the luxury product fallacy often. People often dislike luxury products because western culture demonizes the rich. These are a luxury product and I love them.,1,2025-03-02 21:42:06+00:00,Sound Quality,197,0.9483099732685119,0.009523808616780132,0.08158116029612632,1.0394149421814183,Negative,-1
Apple AirPods Max,comparison,UgzLFTzV8ohm34FHJA14AaABAg,x4NCWc1aqw4,UgzLFTzV8ohm34FHJA14AaABAg,False,@prohibitionaddiction,UCOehTXvYFmVTmLdaI0IzU9g,I love my AirPod Max headphones! Owned Beats before but the sound quality just didn't satisfy.,0,2025-04-19 05:51:53+00:00,Sound Quality,94,0.9999999999998737,0.0,0.0382674514791108,1.0382674514789845,Neutral,0
Apple AirPods Max,review,UgxsDsZyjtHAriY9Otd4AaABAg,59uTE7pLfKA,UgxsDsZyjtHAriY9Otd4AaABAg,False,@TheCrappen,UCaShZYB8q0YBjQjC2FR8pVA,"thanks for the thorough review, have definitely aided my decision to buy, I thought they were pretty good sounding at Best Buy but the addition of features and function has really put it over the top for me personally, but I'll be getting the max2 bc, why not.",0,2025-02-09 05:11:31+00:00,Sound Quality,260,0.9246292512770329,0.0,0.1080740113201261,1.032703262597159,Neutral,0
Apple AirPods Max,review,UgzQP2ZmpV25qg8_ahx4AaABAg,59uTE7pLfKA,UgzQP2ZmpV25qg8_ahx4AaABAg,False,@siddhuy315,UCo--mKxM9O_rbP-AGGanOlg,Hi! Airpods pro 2 vs max for movie watching? Searching for wireless headphones for home entertainment to connect with apple tv 4k.,0,2025-03-30 08:17:10+00:00,Sound Quality,130,0.978272439810382,0.0,0.05340622349282496,1.031678663303207,Neutral,0
Apple AirPods Max,comparison,UgyAdtij5up3PN_REAh4AaABAg,x4NCWc1aqw4,UgyAdtij5up3PN_REAh4AaABAg,False,@TheResponsibleMarksman,UCWzzWmXeo9YzjINrm7xxYWQ,Costco had good deal on Beats Studio Pro for $199. Sale and ends 4/12/25,1,2025-04-12 19:46:17+00:00,Sound Quality,72,0.9929894846691935,0.009523808616780132,0.029015979692952144,1.0315292729789258,Positive,1
Apple AirPods Max,comparison,UgyEkgIid2_I-c7sAxp4AaABAg,x4NCWc1aqw4,UgyEkgIid2_I-c7sAxp4AaABAg,False,@ilovemusic6794,UC3teWlXgcR7aH9CacRFscAQ,Put the AirPods Max. It doesn’t get loud enough not anywhere near loud enough what I need.,0,2025-04-07 20:24:22+00:00,Sound Quality,90,0.9875589310449051,0.0,0.036585365699809226,1.0241442967447143,Neutral,0
Apple AirPods Max,comparison,UgzCpfFkywXrZsJNHwZ4AaABAg,x4NCWc1aqw4,UgzCpfFkywXrZsJNHwZ4AaABAg,False,@sarvente7831,UCncdOw9BYPGShebH-YPgPiQ,For $200 less im happy with my beats,1,2025-04-08 04:28:25+00:00,Sound Quality,36,0.9879259640060776,0.009523808616780132,0.013877207679237981,1.0113269803020957,Negative,-1
Apple AirPods Max,review,UgzI5CmN14WBqhGIWiF4AaABAg,59uTE7pLfKA,UgzI5CmN14WBqhGIWiF4AaABAg,False,@1018Frankie,UCdXwvJGYl5hLdPWZbq7_GeQ,"They are great if you are fully in the apple ecosystem, I prefer my Bowers &  Wilkins PX7 S2e because they sound much better and the ANC  isn’t as aggressive!",0,2025-02-26 04:55:00+00:00,Sound Quality,158,0.9431787910527286,0.0,0.06518082394793598,1.0083596150006646,Positive,1
Apple AirPods Max,comparison,UgwhK8UVCir9UUvjjWh4AaABAg.AGp7f-b1kmXAGpYS7-xZ6B,x4NCWc1aqw4,UgwhK8UVCir9UUvjjWh4AaABAg,True,@Theattractiveonee_,UCqaMdCEhYKYjF62d1JMvguQ,The clicks kind of are annoying 😂,0,2025-04-12 20:30:56+00:00,Sound Quality,33,0.9930233407206682,0.0,0.012615643344761802,1.00563898406543,Negative,-1
Apple AirPods Max,comparison,UgzAxXadXYs9ET1RHC54AaABAg,x4NCWc1aqw4,UgzAxXadXYs9ET1RHC54AaABAg,False,@acshunfn9907,UCOK9NttuQzYMGZZ1RyVBGfQ,Get you a refurbished pair of Beats Studio pro and replace the head strap and earcups.ta-da you got a brand new pair,0,2025-03-10 10:19:47+00:00,Sound Quality,116,0.9565276925249571,0.0,0.04751892326526945,1.0040466157902266,Neutral,0
Apple AirPods Max,comparison,Ugz82Ppe3_sSJV8yGwF4AaABAg,x4NCWc1aqw4,Ugz82Ppe3_sSJV8yGwF4AaABAg,False,@216lemon6,UCIIulGUxJtpIHZR_lny_Wzg,So the beats would be great for making actual beats? I need better headphones but don’t want to waste my money,0,2025-03-08 04:07:21+00:00,Sound Quality,110,0.954061521184498,0.0,0.04499579459631709,0.9990573157808151,Positive,1
Apple AirPods Max,unboxing,UgwqDGSDL4mLvQ7t9AZ4AaABAg.ACXLomCCGh9AG1j5DZmYJA,UdfSrJvqY_E,UgwqDGSDL4mLvQ7t9AZ4AaABAg,True,@fhowland,UCywkDUOl8U4AWh18B7p9WRQ,@ people who fly on planes and don’t want crap Bluetooth audio?,0,2025-03-24 02:51:24+00:00,Sound Quality,63,0.9714741092890565,0.0,0.025231286689523603,0.9967053959785801,Neutral,0
Apple AirPods Max,comparison,UgzlfW-TcIJk-S0uV_V4AaABAg.AEdT70qPw8KAGqSUiktzJO,x4NCWc1aqw4,UgzlfW-TcIJk-S0uV_V4AaABAg,True,@heyNEO2D,UC3rtbsphE9PYYh4bzM5DW7A,@ WTF,0,2025-04-13 04:58:06+00:00,Sound Quality,5,0.9934079019921787,0.0,0.0008410428896507868,0.9942489448818295,Neutral,0
Apple AirPods Max,comparison,UgwsftRUO8AOexklq1Z4AaABAg,x4NCWc1aqw4,UgwsftRUO8AOexklq1Z4AaABAg,False,@Strictz.,UCrNynxMg-V7D9kraNPPDgRA,nitpicking to the max lmao,0,2025-04-05 01:26:10+00:00,Sound Quality,26,0.9845121138884481,0.0,0.009671993230984048,0.9941841071194321,Negative,-1
Apple AirPods Max,comparison,UgxeXSxIPxhhtJEAzHJ4AaABAg,x4NCWc1aqw4,UgxeXSxIPxhhtJEAzHJ4AaABAg,False,@sergeiren,UCk0kixGxZKQK7KMh-XVMBJA,"Keep in mind, a few times a year, you can buy the Beats for $180, whereas with the AirPods Max you usually can’t find for less than $400. With Beats being half the price, they are the obvious choice. If you have the money for the AirPods Max, then they’d definitely be worth it. Great video!",0,2024-12-16 15:28:53+00:00,Sound Quality,291,0.8650436369622722,0.0,0.1211101761097133,0.9861538130719855,Neutral,0
Apple AirPods Max,review,UgwWALFhD-2xanKEKt54AaABAg,59uTE7pLfKA,UgwWALFhD-2xanKEKt54AaABAg,False,@pinoypride50,UCIcs-DnqqBWRVlIwiPO4O7A,you lost me when you said two homepod is equivalent to have good home audio system. 😅😅 you dont even have a sub or height speaker or 5.1/7.1 in home audio??,1,2025-01-24 15:05:24+00:00,Sound Quality,156,0.9076093883145532,0.009523808616780132,0.06433978105828518,0.9814729779896185,Very Negative,-2
Apple AirPods Max,comparison,Ugy31w-lBfN99BZCwtd4AaABAg,x4NCWc1aqw4,Ugy31w-lBfN99BZCwtd4AaABAg,False,@crustythewanksock2413,UCmeldwg8PJCG77-KRqQwZRg,"$12 JLAB earbuds have 1,000,000% better sound quality than both of these fanboy earmuffs 🤡",0,2025-02-26 21:33:31+00:00,Sound Quality,90,0.9439359205413076,0.0,0.036585365699809226,0.9805212862411168,Very Positive,2
Apple AirPods Max,comparison,Ugw6V_QVWOGiuq1jpz94AaABAg,x4NCWc1aqw4,Ugw6V_QVWOGiuq1jpz94AaABAg,False,@dadkicks,UCL_eX1tTqfPnPXxVJ2LRoVA,I hate my AirPods Max,0,2025-03-25 01:33:58+00:00,Sound Quality,21,0.9725072812309251,0.0,0.007569386006857081,0.9800766672377822,Neutral,0
Apple AirPods Max,review,UgzJC9u_zgep4VmXPbV4AaABAg,59uTE7pLfKA,UgzJC9u_zgep4VmXPbV4AaABAg,False,@mrcodyjmiller,UC_2crs-Et4J9GRE-2xY-p6Q,I’m trying to decide between these and the Bose QC Ultra’s….,2,2025-02-20 09:42:46+00:00,Sound Quality,60,0.9368456747780951,0.019047617233560264,0.023969722355047424,0.9798630143667028,Neutral,0
Apple AirPods Max,comparison,UgwUaQ3BAOTaZCKUD454AaABAg,x4NCWc1aqw4,UgwUaQ3BAOTaZCKUD454AaABAg,False,@armadilllo,UCVkPC8hKVOu3gzK68CbVwGA,what is a bu on?,0,2025-03-24 16:52:10+00:00,Sound Quality,16,0.9721116241724812,0.0,0.005466778782730114,0.9775784029552114,Very Negative,-2
Apple AirPods Max,comparison,UgxLgDsfytYu2PuDfft4AaABAg,x4NCWc1aqw4,UgxLgDsfytYu2PuDfft4AaABAg,False,@doc5646,UCB6wR-QryVSGPJWJ1LyOBvg,I have the studio beats and absolutely no sound is made when I move the plastic around. Dude was kinda being petty with things on the beats. Apple ones just look like a rich boys toy.,0,2025-01-15 22:01:25+00:00,Sound Quality,183,0.8980978598614371,0.0,0.0756938600685708,0.9737917199300079,Very Negative,-2
Apple AirPods Max,review,UgwfyQtRKV15BMHm5t14AaABAg,59uTE7pLfKA,UgwfyQtRKV15BMHm5t14AaABAg,False,@lindadaly5007,UCTE8gs0kxgpX_2axW_fSYbA,I really appreciate your review. Very thorough,0,2025-03-08 03:18:12+00:00,Sound Quality,46,0.9540242529889776,0.0,0.018082422127491917,0.9721066751164695,Positive,1
Apple AirPods Max,comparison,UgyhCTzcAx7QsBoBMC54AaABAg,x4NCWc1aqw4,UgyhCTzcAx7QsBoBMC54AaABAg,False,@cdel3631,UCpFbU90RONMZJP8Usuq0JDQ,someone is a very big Apple fanboy,0,2025-03-07 15:11:16+00:00,Sound Quality,34,0.9534730527123363,0.0,0.013036164789587195,0.9665092175019235,Very Positive,2
Apple AirPods Max,comparison,Ugz9ritA-cpJ4vTFhfd4AaABAg,x4NCWc1aqw4,Ugz9ritA-cpJ4vTFhfd4AaABAg,False,@phillatella6470,UC5bec3VfmRkriJYFIe1Usmw,Creeky nosie REALLY ?????????? WTF,0,2025-03-05 22:51:15+00:00,Sound Quality,34,0.9516380648324617,0.0,0.013036164789587195,0.964674229622049,Neutral,0
Apple AirPods Max,review,UgzXIdWYYbtynQn9XBh4AaABAg.AAa2qyZI2NMAFF_2l2Roks,59uTE7pLfKA,UgzXIdWYYbtynQn9XBh4AaABAg,True,@sublimechimp,UCauEOP44VkqEka2f7adIjqw,@ nah you’re buggin they’re 🔥,0,2025-03-04 15:21:39+00:00,Sound Quality,29,0.9502052676349999,0.0,0.010933557565460227,0.9611388252004601,Very Negative,-2
Apple AirPods Max,review,UgxI1wkRDLiyvT1Nz2V4AaABAg,59uTE7pLfKA,UgxI1wkRDLiyvT1Nz2V4AaABAg,False,@CHAINZGAMINGG,UCdf1afRKbxBK62jZQMihHEA,Does the overall sound quality like vocals sound better than the AirPods Pro please reply i want to purchase them,0,2025-01-27 10:24:56+00:00,Sound Quality,113,0.9106723815613005,0.0,0.046257358930793274,0.9569297404920938,Negative,-1
Apple AirPods Max,comparison,UgxqRMeJvwoPN2Yr7wd4AaABAg,x4NCWc1aqw4,UgxqRMeJvwoPN2Yr7wd4AaABAg,False,@zhongtiger6575,UCYFEKnJYe_Y9H_QjYMXsFLQ,beats are like 30 yuan headphones you get on pinduoduo,0,2025-02-18 12:02:47+00:00,Sound Quality,54,0.9347680708190074,0.0,0.021446593686095063,0.9562146645051024,Neutral,0
