product,category,id,videoId,parentId,isReply,authorName,authorId,text,likes,updatedAt,features,text_length,recency_score,norm_likes,norm_length,quality_score,sentiment,senti_score
Bose QuietComfort Ultra Headphones,comparison,UgyZJmo8UESOAmfUnHp4AaABAg,Ii-GvoQr4lc,UgyZJmo8UESOAmfUnHp4AaABAg,False,@denzyl8270,UCbWD5fx4-CEdna3ZVaAAgKg,"Couple of issues with the Bose QC Ultras for me are:

1. No passive listening with the aux jack, which just kind of defeats the purpose of it even being there

2. You cannot turn off the ANC mics, so the battery life is always capped because they are always active

3. More of a personal preference, but I miss the noises of the Sonys (I used to have the 720Ns) rather than Bose’s AI voice saying “aWAIR” and “HOEMe” when switching modes",0,2025-03-19 15:05:59+00:00,Battery Life,437,0.9401908128908957,0.0,0.2867501629087003,1.226940975799596,Negative,-1
Bose QuietComfort Ultra Headphones,unboxing,Ugwl6rzI58g5bvu0eIJ4AaABAg,Jo3kgR_48qo,Ugwl6rzI58g5bvu0eIJ4AaABAg,False,@Vikturus22,UCGYalncxmjtvz4MJ5ua-Bvw,Bose battery life claims id 100% believe. I have a pair of QC35ii and owned them for 7 years. I wear them EVERYDAY for work and easily 15-18 hours even after 7 years. I want to upgrade to these but have a hard time letting go of my current ones!,1,2024-12-18 23:13:22+00:00,Battery Life,245,0.778775818849234,0.005780346486685174,0.16018457376279122,0.9447407390987104,Very Positive,2
Bose QuietComfort Ultra Headphones,review,UgwPsEwlujE8enXLYHV4AaABAg,wjRaEc3QTIA,UgwPsEwlujE8enXLYHV4AaABAg,False,@nicholast.9827,UCG_rQ7m4OnhDgltOdSr7o-A,"I was able to test some headphones in a shop and the QC Ultra are the best, by far, in terms of ANC. As regards the battery on a plane: if the cable is connected to the headphones, the Bluetooth function is disabled, hence increasing the battery life. Also, nowadays the planes have usually a USB port that can be used to charge the headphones.
About the headphone cables: this is obviously for connecting to the airplane screen audio, if I want to connect my headphones to my phone, I can use the Bluetooth connection on a plane as well. If I don't like Bluetooth I can buy an adapter ($1-2 on Aliexpress) to connect the headphones via cable to my phone.",0,2024-05-15 10:01:54+00:00,Battery Life,655,0.39144760424491054,0.0,0.43045484225145125,0.8219024464963618,Neutral,0
Bose QuietComfort Ultra Headphones,unboxing,UgzSroKThE3ZahngucJ4AaABAg,Jo3kgR_48qo,UgzSroKThE3ZahngucJ4AaABAg,False,@SuperMario127.,UCGdgcgfrh1BcAU8eL_AvJeQ,"Everybody complained about the battery displayed in hours on the 700s (e.g., fully charging their headphones and the battery time displaying below 20 hours, such as 17 hours, 16 hours or 15 hours), so that’s why Bose switched back to percentage in the Bose QC Ultra.",1,2024-08-16 03:00:19+00:00,Battery Life,266,0.556504779512721,0.005780346486685174,0.17402768507562502,0.7363128110750312,Neutral,0
Bose QuietComfort Ultra Headphones,review,UgwN3hVvEjUYgDATjB54AaABAg,wjRaEc3QTIA,UgwN3hVvEjUYgDATjB54AaABAg,False,@shoarmik6389,UCYVyEXcKF5MCHsFvdo0cvzA,"Cons that make them terrible choice:
- There's NO way to use them while charging (It's a total scandal in 2023/2024). So imagine if they run out of battery during the meeting you're doomed.
- The earmuffs tilt opposite directions than in any other headphones, so when you rest them on your shoulders the cushions are pointed up but the sharp corners of the outer layer are irritating your skin",0,2024-02-01 18:42:13+00:00,Battery Life,395,0.20692795836499658,0.0,0.2590639402830327,0.46599189864802926,Very Negative,-2
Bose QuietComfort Ultra Headphones,unboxing,UgwTSV2mucrXMlzHHbp4AaABAg,Jo3kgR_48qo,UgwTSV2mucrXMlzHHbp4AaABAg,False,@shoarmik6389,UCYVyEXcKF5MCHsFvdo0cvzA,"Cons that make them terrible choice:
- There's NO way to use them while charging (It's a total scandal in 2023/2024). So imagine if they run out of battery during the meeting you're doomed.
- The earmuffs tilt opposite directions than in any other headphones, so when you rest them on your shoulders the cushions are pointed up but the sharp corners of the outer layer are irritating your skin",0,2024-02-01 18:40:39+00:00,Battery Life,395,0.20692602134146446,0.0,0.2590639402830327,0.46598996162449713,Very Negative,-2
Bose QuietComfort Ultra Headphones,review,UgxpuO9VlxDlRVKFXFN4AaABAg.9w6FMZ0V90KA2tSI48Xrfn,wjRaEc3QTIA,UgxpuO9VlxDlRVKFXFN4AaABAg,True,@arsenioseslpodcast3143,UCIzp4EdbJVMhhSnq_0u4ntA,To say the least,0,2024-05-01 09:34:35+00:00,Battery Life,16,0.36648804630830484,0.0,0.00922874087522254,0.37571678718352736,Neutral,0
Bose QuietComfort Ultra Headphones,unboxing,Ugz5YaEOdNzdO--2K4Z4AaABAg,Jo3kgR_48qo,Ugz5YaEOdNzdO--2K4Z4AaABAg,False,@1234567895182,UC0Pi26Zfa9cmRPZdVwtBFbQ,Why is their battery life always behind everyone else? The Sony's go 30 hrs while Bose has only been 24hrs since the QC35s came out all the way back in 2016. Your telling me 8 years later there has been ZERO improvement in battery life? That alone makes me not want to buy these.,0,2024-01-18 22:39:48+00:00,Battery Life,279,0.18229592225838845,0.0,0.18259723017404594,0.36489315243243436,Very Negative,-2
Bose QuietComfort Ultra Headphones,review,Ugxud17vy9htBTOx85N4AaABAg,wjRaEc3QTIA,Ugxud17vy9htBTOx85N4AaABAg,False,@davidmmuench,UCdpAHVoQiKoXqGBAcbU4AmQ,"From some of the reviews I've seen, the Bose QC Ultras don't have a ""normal"" mode. Meaning both ANC & transparency mode is  off. That would definitely impact battery life.",0,2024-02-06 04:03:45+00:00,Battery Life,171,0.21474388953043216,0.0,0.11140408627947207,0.32614797580990423,Negative,-1
Bose QuietComfort Ultra Headphones,unboxing,UgyNy1a5NFH6sYP5_QN4AaABAg,Jo3kgR_48qo,UgyNy1a5NFH6sYP5_QN4AaABAg,False,@adwaitkulkarni,UCJxzlYMpElHt9WK1wvt_fdg,"That reminds me, what's up with lew later?",0,2024-03-11 12:14:07+00:00,Battery Life,42,0.2758842239385743,0.0,0.026367831072064397,0.30225205501063873,Neutral,0
Bose QuietComfort Ultra Headphones,unboxing,UgwTSV2mucrXMlzHHbp4AaABAg.A-HgEoms0gDA-we8a_Aed3,Jo3kgR_48qo,UgwTSV2mucrXMlzHHbp4AaABAg,True,@cockandballtortureconnoiss2643,UCJoKciVOtKdS_wGFRkUcTXA,Bro you can’t even use the XM5 or APM while charging,0,2024-02-18 01:50:25+00:00,Battery Life,52,0.2359439938906616,0.0,0.032959788840080495,0.2689037827307421,Very Negative,-2
Bose QuietComfort Ultra Headphones,unboxing,Ugx1GpglAa_Jyse0Nhh4AaABAg,Jo3kgR_48qo,Ugx1GpglAa_Jyse0Nhh4AaABAg,False,@jaychu3850,UCysOAOeh7qSzk_uR9DJS-RQ,The worst review wow 😂,0,2024-01-15 20:11:44+00:00,Battery Life,22,0.17677161357126972,0.0,0.013183915536032199,0.18995552910730193,Very Negative,-2
Bose QuietComfort Ultra Headphones,unboxing,Ugwy2HiixoY_J4Vgfoh4AaABAg,Jo3kgR_48qo,Ugwy2HiixoY_J4Vgfoh4AaABAg,False,@Daniel_Plainview,UCkdjAvIJPuahQPs3AyNgwmw,Dumb review.,0,2024-01-14 21:25:54+00:00,Battery Life,12,0.17508289997064688,0.0,0.006591957768016099,0.181674857738663,Neutral,0
Bose QuietComfort Ultra Headphones,review,Ugzgw7GwiLEJaC_yZwF4AaABAg,wjRaEc3QTIA,Ugzgw7GwiLEJaC_yZwF4AaABAg,False,@NicoleGrant-q7s,UCOXJux0qzYYRklNgLuUr8gw,I got the black ones the only color  my store had left an yes I pinched my finger as well,0,2025-04-17 22:03:21+00:00,Comfort,89,0.9923388246505961,0.0,0.05735003258174006,1.0496888572323362,Very Positive,2
Bose QuietComfort Ultra Headphones,unboxing,UgzQhwezdZp9u5XuiJ94AaABAg,Jo3kgR_48qo,UgzQhwezdZp9u5XuiJ94AaABAg,False,@igorp.7853,UCnu2pOC9wel5B1Zm3-JzH3w,It is more a promotion video…no negative comments on this headphones??,0,2025-04-08 10:13:50+00:00,Comfort,70,0.9754378615934093,0.0,0.044825312822509476,1.0202631744159187,Neutral,0
Bose QuietComfort Ultra Headphones,review,UgxNPf5hFWUVjCRLU7p4AaABAg,wjRaEc3QTIA,UgxNPf5hFWUVjCRLU7p4AaABAg,False,@cRockBallin22,UC2QE2GSJf2rfIEXGbIqH6Kg,Thanks u handsome dude 💪,0,2025-04-22 05:19:43+00:00,Comfort,24,0.9999999999997939,0.0,0.014502307089635418,1.0145023070894295,Very Positive,2
Bose QuietComfort Ultra Headphones,unboxing,Ugx3gPJho02x594FcRZ4AaABAg,Jo3kgR_48qo,Ugx3gPJho02x594FcRZ4AaABAg,False,@TheFinalStories,UCb5QRAcZhtuSJUvc4jGik4g,Really cool!,0,2025-04-20 10:30:16+00:00,Comfort,12,0.9968231371606576,0.0,0.006591957768016099,1.0034150949286738,Very Positive,2
Bose QuietComfort Ultra Headphones,review,Ugy2-qCsRlSOyh457ct4AaABAg.9y57_8CTwLlAEGN47BETpk,wjRaEc3QTIA,Ugy2-qCsRlSOyh457ct4AaABAg,True,@shadowboxer2747,UCKnbO8Xqjdp1pK3t7iGcjNg,Like u I bought this headphone without reading any review.. kinda like it so far (just using at home and the office when I want to concentrate on working and  doing AutoCad drawings,1,2025-02-08 02:16:05+00:00,Comfort,181,0.8698027984342029,0.005780346486685174,0.11799604404748817,0.9935791889683763,Negative,-1
Bose QuietComfort Ultra Headphones,unboxing,UgynwdLJBvnRbT-iqld4AaABAg,Jo3kgR_48qo,UgynwdLJBvnRbT-iqld4AaABAg,False,@BoldmanJohniken,UCBHkKfy_lVi-a84xfJ-NT0A,"I ultimately decided to use part of the budget I would have spent on luxury bags to purchase high-quality replica bags and donate the other part to charities I care about.   kislux   conveniently allows me to do this, which not only meets my own fashion needs, but also makes me feel the joy of helping others.",0,2024-12-05 10:26:38+00:00,Comfort,310,0.7546824607442596,0.0,0.20303229925489585,0.9577147599991555,Positive,1
Bose QuietComfort Ultra Headphones,review,Ugz7wqGkstAXkafgn-R4AaABAg,wjRaEc3QTIA,Ugz7wqGkstAXkafgn-R4AaABAg,False,@boardoutmind,UCpIJkLMafLYkBIaruZ1x2zg,Seriously eyeing getting these for my wife and myself sure to an occasional plane flight,0,2025-02-20 01:44:26+00:00,Comfort,88,0.8911286238643213,0.0,0.05669083680493845,0.9478194606692598,Positive,1
Bose QuietComfort Ultra Headphones,review,UgyqeqLdRPSQZIywsSF4AaABAg,wjRaEc3QTIA,UgyqeqLdRPSQZIywsSF4AaABAg,False,@Chefffff,UCxSoGOD6LbDiP6sdBeDvoXQ,My N700's just stopped working. Sent em back in the box i knew i saved for a reason. Sent these for $137. Honest update soon.,0,2025-02-05 10:50:46+00:00,Comfort,125,0.8650979125210777,0.0,0.08108108054659802,0.9461789930676757,Very Negative,-2
Bose QuietComfort Ultra Headphones,comparison,Ugwif6pmW1xfRrRKT3p4AaABAg,Ii-GvoQr4lc,Ugwif6pmW1xfRrRKT3p4AaABAg,False,@imajt5,UCX3UyWR6woTWPsEhFpYEcbQ,This type of video we need,0,2025-03-12 12:53:16+00:00,Comfort,26,0.9275638304374672,0.0,0.015820698643238637,0.9433845290807058,Neutral,0
Bose QuietComfort Ultra Headphones,comparison,UgxTUk2zjygzCHyixWx4AaABAg,Ii-GvoQr4lc,UgxTUk2zjygzCHyixWx4AaABAg,False,@ovi_4,UCGsL-SU8-vYMpA0owlT0GEw,Nice and neutral and  *down to earth* no artificial hype review for any of the 2. Thank you.,0,2025-02-13 16:41:24+00:00,Comfort,92,0.8797747398240726,0.0,0.05932761991214489,0.9391023597362175,Neutral,0
Bose QuietComfort Ultra Headphones,comparison,UgyOasmLopSD0KK1_c54AaABAg,Ii-GvoQr4lc,UgyOasmLopSD0KK1_c54AaABAg,False,@AutWega12,UCf5iLJ38C9WOQ4pv5Qbo3fg,"This was by far one of the best reviews ive ever seen, thank you so much good sir!",0,2025-02-13 13:18:02+00:00,Comfort,82,0.8795232976842947,0.0,0.052735662144128795,0.9322589598284236,Very Positive,2
Bose QuietComfort Ultra Headphones,comparison,Ugww2NwqCIIr6CAdXX94AaABAg,Ii-GvoQr4lc,Ugww2NwqCIIr6CAdXX94AaABAg,False,@floydmilan1196,UCU-1sKAUZqtcvP-ZiM8dblw,out of all the reviews ive seen about these 2 headphones this guy made a so much better  comparisons over all..... THANK YOU FOR THIS GOOD REVIEW,2,2025-01-13 06:31:37+00:00,Comfort,145,0.823827998244887,0.011560692973370349,0.09426499608263021,0.9296536873008875,Neutral,0
Bose QuietComfort Ultra Headphones,review,UgwEn6FbDHiJVLyeudt4AaABAg,wjRaEc3QTIA,UgwEn6FbDHiJVLyeudt4AaABAg,False,@evaidem,UCrqM0s54wBkyUE1FHYwHmCQ,"Just wanted to inform! I got these and absolutely love them! However, i sadly realized a few months later my ears were having an allergic reaction (the reason it took me months is because i thought it was an after effect of chemo therapy). So just be aware of that. I am going to try to change the cushions first. The ultra ones are made of Protein leather, the QC45's is made of PU leather. As soon as i went back to my 45, the reaction stopped. 
So, i ordered some new cushions from something called Wicked Cushions, as theirs is made of PU leather also. Will update once i get them if it fixes the problem. 
This is likely very rare, i just wanted to inform.",5,2024-06-17 02:26:17+00:00,Comfort,661,0.4496379136335094,0.02890173243342587,0.43441001691226094,0.9129496629791962,Very Positive,2
Bose QuietComfort Ultra Headphones,comparison,UgzR28q1GYvO2j5QVBx4AaABAg,Ii-GvoQr4lc,UgzR28q1GYvO2j5QVBx4AaABAg,False,@INFJames,UCiJA36NgzCnAYy9a6yLRTxA,"Having owned both, the Sony's have better build quality, better buttons and controls. The only downside with the Sony's is that they don't fit around my neck without choking me, and they're a bit uncomfy on the head band after a while. The Bose don't tolerate heavy footsteps, the buttons feel super cheap, the immersion mode seems like a gimmick, and the multipoint is less intuitive, they didn't reduce sweat either surprisingly",0,2024-09-20 06:05:19+00:00,Comfort,430,0.6190479723040627,0.0,0.28213579247108905,0.9011837647751517,Neutral,0
Bose QuietComfort Ultra Headphones,unboxing,UgwoJ_k8aNzPbNujMPt4AaABAg,Jo3kgR_48qo,UgwoJ_k8aNzPbNujMPt4AaABAg,False,@ilhdd4548,UCwl6Tmwi07uugUgfJP4sINQ,Heyyyyyyy are you okay bro ? YOU NOT THAT GUY I KNOW,0,2025-01-31 22:43:15+00:00,Comfort,52,0.8570767598944024,0.0,0.032959788840080495,0.8900365487344828,Neutral,0
Bose QuietComfort Ultra Headphones,comparison,UgyOasmLopSD0KK1_c54AaABAg.AEUQng1KhWyAEUeWZtxylJ,Ii-GvoQr4lc,UgyOasmLopSD0KK1_c54AaABAg,True,@CEONTHEMAKING,UCULadXL9c5fjMXRsXUuM-cw,Thank you!,0,2025-02-13 15:26:37+00:00,Comfort,10,0.8796822778603631,0.0,0.005273566214412879,0.884955844074776,Positive,1
Bose QuietComfort Ultra Headphones,comparison,Ugxp0pOAUgjV55aiM5B4AaABAg.ADhjmDP1NCIADigUc1-tdQ,Ii-GvoQr4lc,Ugxp0pOAUgjV55aiM5B4AaABAg,True,@CEONTHEMAKING,UCULadXL9c5fjMXRsXUuM-cw,"Appreciate that, thanks for watching!",1,2025-01-25 15:01:03+00:00,Comfort,37,0.8458228180257584,0.005780346486685174,0.02307185218805635,0.8746750167005,Very Negative,-2
Bose QuietComfort Ultra Headphones,comparison,Ugxp0pOAUgjV55aiM5B4AaABAg,Ii-GvoQr4lc,Ugxp0pOAUgjV55aiM5B4AaABAg,False,@naifalsaeedan5413,UCtcdQ8oBIqnBXBc5KjBls3A,You are a good reviewer keep it up 👍,0,2025-01-25 06:10:34+00:00,Comfort,36,0.8451669294937972,0.0,0.022412656411254738,0.867579585905052,Positive,1
Bose QuietComfort Ultra Headphones,comparison,UgxZJaR3KprWX3w9RHl4AaABAg,Ii-GvoQr4lc,UgxZJaR3KprWX3w9RHl4AaABAg,False,@tdtdtd1826,UCdlUF77Zr9dfn-_P7pxcn3Q,Both overrated and expensive. Go for sonoflow2 or Anker q45 which are both 70 pct cheaper! Only the smart knows that,0,2024-12-25 09:24:44+00:00,Comfort,116,0.7902141900860972,0.0,0.07514831855538354,0.8653625086414807,Neutral,0
Bose QuietComfort Ultra Headphones,review,UgxkZMl6Hr2bnLOfWNp4AaABAg.9ze5r4ySeApADgwColzYyk,wjRaEc3QTIA,UgxkZMl6Hr2bnLOfWNp4AaABAg,True,@rozzi574,UCdtWd1UQzcBMvimi5dphvTg,Let us know please!,0,2025-01-24 22:39:57+00:00,Comfort,19,0.8446097879487082,0.0,0.011206328205627369,0.8558161161543356,Very Positive,2
Bose QuietComfort Ultra Headphones,comparison,UgzqalZvAQ-E-701jXh4AaABAg.ADcOqgrOnIfADoKOvVuOh5,Ii-GvoQr4lc,UgzqalZvAQ-E-701jXh4AaABAg,True,@AdityaSharma-if3kw,UCXR7WIycCCyP0Mbm1oUqi7g,@VXLX9 m5,0,2025-01-27 19:34:44+00:00,Comfort,9,0.849722025789315,0.0,0.00461437043761127,0.8543363962269263,Neutral,0
Bose QuietComfort Ultra Headphones,comparison,Ugww2NwqCIIr6CAdXX94AaABAg.ADDsdwhvm0wADEqaYDZhfv,Ii-GvoQr4lc,Ugww2NwqCIIr6CAdXX94AaABAg,True,@CEONTHEMAKING,UCULadXL9c5fjMXRsXUuM-cw,No problem!,0,2025-01-13 15:32:55+00:00,Comfort,11,0.8244972604818732,0.0,0.005932761991214489,0.8304300224730877,Very Negative,-2
Bose QuietComfort Ultra Headphones,comparison,UgzloxXTZluBOeTPRY54AaABAg,Ii-GvoQr4lc,UgzloxXTZluBOeTPRY54AaABAg,False,@CaptainMcFly1,UCVwEbx2HDDP8hQq8r8ox-5g,"Very good Video, thank you. I prefer the Sony.",0,2024-12-25 13:40:38+00:00,Comfort,46,0.7905305843341016,0.0,0.029004614179270836,0.8195351985133724,Positive,1
Bose QuietComfort Ultra Headphones,comparison,UgwYE7rWvg8DCYCoUmB4AaABAg,Ii-GvoQr4lc,UgwYE7rWvg8DCYCoUmB4AaABAg,False,@yvette9867,UCaNs3zBb4JsYzWPUZFtDf-Q,"You mentioned the soft feel of the Sony's. I wonder if its rubber on the exterior of the headphones. From experience, tech products I've purchases in the past that have that rubbery soft feel get sticky after about 2-3 years. It's something that's a dealbreaker for me now having had the experience of dealing with expensive products that are hindered greatly by stickiness.",1,2024-08-07 21:49:37+00:00,Comfort,374,0.5418773257031624,0.005780346486685174,0.2452208289701989,0.7928785011600464,Very Negative,-2
Bose QuietComfort Ultra Headphones,unboxing,UgwZz4YPG2DSTxc1uS94AaABAg.ABgaN4KqyAIACBfS6COzpM,Jo3kgR_48qo,UgwZz4YPG2DSTxc1uS94AaABAg,True,@sofy_go2217,UCZVPR70QygYNxyn8Ilslqnw,Are u muslim? Kos immak,0,2024-12-18 13:26:24+00:00,Comfort,23,0.7780500944369492,0.0,0.01384311131283381,0.791893205749783,Very Negative,-2
Bose QuietComfort Ultra Headphones,comparison,UgzDhJAltPtZNk5IEVV4AaABAg,Ii-GvoQr4lc,UgzDhJAltPtZNk5IEVV4AaABAg,False,@walter.bellini,UCPXeztSBSfk3lKi4nY9JCIg,Thank you,0,2024-12-15 23:19:39+00:00,Comfort,9,0.7734423481932973,0.0,0.00461437043761127,0.7780567186309085,Positive,1
Bose QuietComfort Ultra Headphones,comparison,UgzpYmHby18JZWUG4Wx4AaABAg,Ii-GvoQr4lc,UgzpYmHby18JZWUG4Wx4AaABAg,False,@mariameimusic,UCfKCcX-81LN3_wChD2DK72Q,"I typically have a hard time watching review videos because I get impatient but you keep things so short, sweet, and straight to the point . thanks!",6,2024-10-03 06:17:49+00:00,Comfort,148,0.6422087978247468,0.03468207892011104,0.09624258341303504,0.773133460157893,Positive,1
Bose QuietComfort Ultra Headphones,comparison,Ugy93etiknRt3UOWknh4AaABAg,Ii-GvoQr4lc,Ugy93etiknRt3UOWknh4AaABAg,False,@thienson7195,UCufq_q0yTMYHHP2nBCrKB5w,great comparison and very helpful,0,2024-11-23 04:38:09+00:00,Comfort,33,0.732886639221365,0.0,0.020435069080849907,0.7533217083022149,Positive,1
Bose QuietComfort Ultra Headphones,comparison,UgyFKlxiCuX52eL75114AaABAg,Ii-GvoQr4lc,UgyFKlxiCuX52eL75114AaABAg,False,@raxarthur,UC85BctXqQvGtQ2IhrzjlD9A,"Don't get the Bose quietcomfort Ultras! they have a huge and very annoying issue with it making popping sounds when you walk too hard or jump (whenever you create an impact), ona bus, cycling, or even using the stairs (sometimes even just walking around), the noise in always present and unbearable! I returned mine and switched it for a pair of sony Wh-1000xm5s :/",0,2024-07-12 06:41:57+00:00,Comfort,365,0.49446434736113526,0.0,0.2392880669789844,0.7337524143401196,Very Positive,2
Bose QuietComfort Ultra Headphones,unboxing,Ugyj-O8xrHDx6AQTULx4AaABAg,Jo3kgR_48qo,Ugyj-O8xrHDx6AQTULx4AaABAg,False,@clivehoward8861,UCCN2sq0GZDNpjcRGiXkYT1g,In the UK BOSE QuietComfort Ultra 60th Anniversary special edition can be bought for £284.96 direct from BOSE - 03/10/24,0,2024-10-03 16:08:16+00:00,Comfort,120,0.6429388290233956,0.0,0.07778510166258996,0.7207239306859856,Positive,1
Bose QuietComfort Ultra Headphones,review,UgwaiiZ3XgaGsSNA6ER4AaABAg,wjRaEc3QTIA,UgwaiiZ3XgaGsSNA6ER4AaABAg,False,@boodz0,UCIvFB1OhvP4HNqhQ1KaIfTA,Bought this for 332 USD on Amazon. I just couldn’t resist.,0,2024-10-19 08:21:46+00:00,Comfort,58,0.6708486592591444,0.0,0.03691496350089016,0.7077636227600346,Very Negative,-2
Bose QuietComfort Ultra Headphones,comparison,UgyzVc2jSrgD1Pob_rR4AaABAg,Ii-GvoQr4lc,UgyzVc2jSrgD1Pob_rR4AaABAg,False,@bigeasy5881,UCeClDRKi4RxoXWAbZ0zcYXA,Thanks for the review. VERY helpful!!,0,2024-09-22 04:23:26+00:00,Comfort,37,0.6224828301923729,0.0,0.02307185218805635,0.6455546823804292,Positive,1
Bose QuietComfort Ultra Headphones,comparison,UgwgmLT2cp1_IaJvUoZ4AaABAg.A6bW2CaS9M5A6u4jYLWRBE,Ii-GvoQr4lc,UgwgmLT2cp1_IaJvUoZ4AaABAg,True,@mikescardiaries,UCmySs9mngdx8GLmNb62cHDg,@@TheShapeeeee yes I am! Somebody already suggested a preset.. and it happens on both phone and Mac.. 3 different pair already .. On to the next pair lol,0,2024-08-09 01:33:34+00:00,Comfort,153,0.5439346301539907,0.0,0.0995385622970431,0.6434731924510337,Neutral,0
Bose QuietComfort Ultra Headphones,unboxing,UgzQdyla099URdTMkzR4AaABAg,Jo3kgR_48qo,UgzQdyla099URdTMkzR4AaABAg,False,@thelatindivos_fernando,UC8b45RP0q6kp-f3NqTNkN9g,"Bought them, not impressed",0,2024-09-09 21:49:06+00:00,Comfort,26,0.6006303198212134,0.0,0.015820698643238637,0.616451018464452,Negative,-1
Bose QuietComfort Ultra Headphones,review,Ugxp3kM-XrZa6KNr29p4AaABAg,wjRaEc3QTIA,Ugxp3kM-XrZa6KNr29p4AaABAg,False,@thomasramos7164,UCKmzGL2WDtl9a4SA68ZBgVg,"I still have my QC-2 and it is still working great. I owned the QC-2, another prior which I can't remember the model, QC-15, and the QC-25. Not only those products but also owned their Lifestyle 600,  Soundbar 600 which I replaced with the Smart Ultra Soundbar 900, Companion 2 Series II and Companion 2 Series III. Do you think I was a good customer? Well, I still have a grudge with Bose for the way they treated us, those who bought their defective Quiet Comfort headset (defective on/off switch). That's when I switched to the Sony WH-1000MX4 which sounds fantastic!! Works just fine with all my Apple products (not listing my Apple products, too many) and my home theatre system (not Bose). Sorry Bose but no longer interested on your products. Customer service is paramount and yours is below bar. Hopefully you upgraded your service for the benefit of those who may still believe in your products.",0,2023-10-19 14:14:54+00:00,Comfort,904,0.019654071088718368,0.0,0.5945945906750522,0.6142486617637706,Positive,1
Bose QuietComfort Ultra Headphones,comparison,UgxTcR8UdgouPZQDjYt4AaABAg.A83eKDUAHKGA83neR9T-o6,Ii-GvoQr4lc,UgxTcR8UdgouPZQDjYt4AaABAg,True,@CEONTHEMAKING,UCULadXL9c5fjMXRsXUuM-cw,https://youtu.be/aT4Qw4efjjk,0,2024-09-07 01:58:37+00:00,Comfort,28,0.5955975823719576,0.0,0.017139090196841858,0.6127366725687995,Very Positive,2
Bose QuietComfort Ultra Headphones,comparison,UgwMxKB6EYxk4IGGWTV4AaABAg,Ii-GvoQr4lc,UgwMxKB6EYxk4IGGWTV4AaABAg,False,@nyer070,UCRMcdPUDoMDd5ivoLjUqJRA,"This guy knows his stuff, mad respect brother",0,2024-08-31 13:47:29+00:00,Comfort,45,0.5840111318680525,0.0,0.028345418402469225,0.6123565502705217,Very Positive,2
Bose QuietComfort Ultra Headphones,comparison,UgwgmLT2cp1_IaJvUoZ4AaABAg.A6bW2CaS9M5A6tM4acKDxC,Ii-GvoQr4lc,UgwgmLT2cp1_IaJvUoZ4AaABAg,True,@TheShapeeeee,UCv_Ehio0dDdxh3UPvtxfUFg,@@mikescardiaries are you using a Mac? This left right inbalance happened to me because of macOS presets,0,2024-08-08 18:45:53+00:00,Comfort,104,0.5434305712963357,0.0,0.06723796923376421,0.6106685405300999,Very Negative,-2
Bose QuietComfort Ultra Headphones,comparison,Ugym_X9EKmcJYb8pjkJ4AaABAg,Ii-GvoQr4lc,Ugym_X9EKmcJYb8pjkJ4AaABAg,False,@roshanali4307,UCNLb8Ydd0F8CWroT33AT8Qw,Your videos are calm and to the point. The background music is soothing and complements the video well.,0,2024-08-06 15:50:17+00:00,Comfort,103,0.5396526335698708,0.0,0.0665787734569626,0.6062314070268334,Positive,1
Bose QuietComfort Ultra Headphones,unboxing,UgyBNc8KWy6Kwdzlf_t4AaABAg,Jo3kgR_48qo,UgyBNc8KWy6Kwdzlf_t4AaABAg,False,@abdeslamachour1536,UChviupyLShTK2mAjDaW8N0Q,😍😍,0,2024-09-08 13:11:15+00:00,Comfort,2,0.5982096379984096,0.0,0.0,0.5982096379984096,Neutral,0
Bose QuietComfort Ultra Headphones,unboxing,Ugz_D2CbQyMXCu97K9V4AaABAg.A5nBT9un6yUA6wvR3CSRbo,Jo3kgR_48qo,Ugz_D2CbQyMXCu97K9V4AaABAg,True,@Mnassify,UCRH3HaqON3SuZqKjDkhanGg,I am wanting to buy one of these can you tell me me what you hate about them?,0,2024-08-10 04:01:15+00:00,Comfort,77,0.545897638650744,0.0,0.04943968326012074,0.5953373219108647,Very Negative,-2
Bose QuietComfort Ultra Headphones,review,UgxSBYlsGliMOnjvecd4AaABAg,wjRaEc3QTIA,UgxSBYlsGliMOnjvecd4AaABAg,False,@trgwv8120,UCQCG2kIWgNAwSbyh0-GCb6w,Helpful. Thank you. 😊,0,2024-08-28 22:41:05+00:00,Comfort,21,0.5793296344837462,0.0,0.012524719759230588,0.5918543542429768,Very Positive,2
Bose QuietComfort Ultra Headphones,comparison,UgzVNricSTI17UdwMLt4AaABAg,Ii-GvoQr4lc,UgzVNricSTI17UdwMLt4AaABAg,False,@eatcheesekobe,UCp8Z0HYaYdxwY5CofbKDb7g,Great review! Timestamps will be a good addition for future vids,0,2024-08-11 12:38:46+00:00,Comfort,64,0.5483179083408813,0.0,0.040870138161699814,0.5891880465025812,Very Positive,2
Bose QuietComfort Ultra Headphones,review,UgwvWvTkffJ7R9c4uu54AaABAg,wjRaEc3QTIA,UgwvWvTkffJ7R9c4uu54AaABAg,False,@cristianchiracu6309,UCN91xRLoF4MPu1qV5cI7TIg,"I hope this is no offence i dont want to be a hater comment, but you tested so many headphones and you still say the microphone quality is top notch, and no issues on multiple connectivity. All bose headphones owners know at least from QC35 that there are software bugs in switching audio sources, at least between a pc/laptop and a phone (who uses it for 2 phones?) Then coming back to the mic quality.. its so so bad compared to other headphones, i need to use skullcandy crusher to talk normally on the phone. Not shouting in a public place, and even this test you did clearly shows how the software is applying some primitive filtering. Not only that they didnt release an update for the issues, but they get brand new headphones out, top notch price.. and with the same problems. Sorryz but you are just not being honest.",0,2023-10-31 17:13:09+00:00,Comfort,826,0.041239416458876334,0.0,0.5431773200845266,0.5844167365434029,Very Negative,-2
Bose QuietComfort Ultra Headphones,review,UgyfzEyBPxMw_M0kgRl4AaABAg.9xHbr30q316A7-lIo8JYFL,wjRaEc3QTIA,UgyfzEyBPxMw_M0kgRl4AaABAg,True,@GisherJohn24,UCigsvHbdBri4A-1QOHvCsMw,Agreed.  They are simply made and engineered better.,0,2024-08-11 15:49:42+00:00,Comfort,52,0.5485539779322022,0.0,0.032959788840080495,0.5815137667722827,Very Negative,-2
Bose QuietComfort Ultra Headphones,review,UgwgdpJRd27zicSjE0t4AaABAg.9y979xhwPB6A5IOuSpOSRt,wjRaEc3QTIA,UgwgdpJRd27zicSjE0t4AaABAg,True,@d.k3961,UCWg9qgE3fCyaZ-DK1MRwWKA,@@Mr.Z1989the biggest problem of sony xm5 is the design. Sooo ugly that I had to return mine and buy a bose qc ultra. Bose is better in terms of design and comfort.,0,2024-06-30 04:29:00+00:00,Comfort,164,0.47293501082034267,0.0,0.10678971584186081,0.5797247266622034,Very Negative,-2
Bose QuietComfort Ultra Headphones,comparison,UgwCYOEDcozcRpjFNcV4AaABAg.9vbQB9j8aIrA69rV7B7krE,Ii-GvoQr4lc,UgwCYOEDcozcRpjFNcV4AaABAg,True,@GaryMitchell1966,UCYJLl-geQi3XGKanJlmtyfw,Why no review with with a wired connection? I ask because i wear my Sony phones with a balanced wire.,0,2024-07-21 17:24:50+00:00,Comfort,101,0.5112829250983063,0.0,0.06526038190335938,0.5765433070016657,Very Negative,-2
Bose QuietComfort Ultra Headphones,unboxing,UgyfyAWiw5yGKv4zWEh4AaABAg,Jo3kgR_48qo,UgyfyAWiw5yGKv4zWEh4AaABAg,False,@AngelMartinez-qs3cf,UCepH9ufeotrPSnoYjxTXHQw,what is the differenc between the Quiet Comfort 45 and these ultra?,0,2024-07-23 20:14:57+00:00,Comfort,67,0.5150540832424086,0.0,0.042847725492104645,0.5579018087345133,Neutral,0
Bose QuietComfort Ultra Headphones,comparison,Ugym_X9EKmcJYb8pjkJ4AaABAg.A6ntOjRqTSDA6nux38N8lA,Ii-GvoQr4lc,Ugym_X9EKmcJYb8pjkJ4AaABAg,True,@CEONTHEMAKING,UCULadXL9c5fjMXRsXUuM-cw,Thank you!,1,2024-08-06 16:03:51+00:00,Comfort,10,0.5396694073693937,0.005780346486685174,0.005273566214412879,0.5507233200704917,Positive,1
Bose QuietComfort Ultra Headphones,comparison,UgxF9FX3jIxehdWShCR4AaABAg,Ii-GvoQr4lc,UgxF9FX3jIxehdWShCR4AaABAg,False,@sucutash,UCI1d0SqrfWkHlcnLqTb0PCw,"Have in mind that the Quietcomfort ultra has very annoying (and super loud) sound effects, and there is no way to turn them off.",0,2024-06-27 01:06:21+00:00,Comfort,128,0.467343215409099,0.0,0.08305866787700285,0.5504018832861018,Very Negative,-2
Bose QuietComfort Ultra Headphones,comparison,UgwpwkdjC6hMG2viU-d4AaABAg,Ii-GvoQr4lc,UgwpwkdjC6hMG2viU-d4AaABAg,False,@alejandroandrespalmapalma6023,UCgXRaGlNnBizjdE0LTSEazw,"Me encantaría que hicieras una comparación de estos auriculares, marcha el monitor tres 
Compararlos con los sonnos  ace 
Le tengo mucha fe, a los sonos, pero he probado algunos de Marshall 
Y la verdad encuentro mucho más bonito, si los gustos los de Marcia, pero tengo mis dudas qué tal vez no sonos puedan tener mejor sonido, no lo sé, me gustaría saber 
Cuáles serían sus diferencias cuales tienen mejor sonido en cuanto duración de batería y potencia no me cabe ninguna duda que los de marcha son mejores, además son más bonitos pero la calidad del sonido tal vez usan un sistema distinto de efectos de sonido, pero cuál sonido es de mejor calidad 
Tal vez la diferencia De Calidad sea tan pequeña, yo tengo la sospecha de que los marchan pueden ser el mejor, pero a lo mejor la diferencia es mínima y valen más la pena los sonos por el sistema doblemos, tal vez no me gustaría que por favor tú nos dieras tu opinión",0,2025-04-22 02:58:46+00:00,Durability,921,0.9998257297018017,0.0,0.6058009188806796,1.6056266485824813,Positive,1
Bose QuietComfort Ultra Headphones,comparison,Ugw34I_gHn70YIqk3Ad4AaABAg,Ii-GvoQr4lc,Ugw34I_gHn70YIqk3Ad4AaABAg,False,@shawng1590,UCwjiknpcqQBBroE-CBgF68Q,I loved the xm5s but I have gone through 3 different sets since release. The first 2 the left headphone died and my most recent the hinge broke (apparently it’s not uncommon due to the hinges being made of recycled plastic). The build quality is absolutely atrocious for the price. Thinking of going Bose.,0,2025-02-03 05:58:53+00:00,Durability,305,0.8611762023139351,0.0,0.19973632037088782,1.0609125226848228,Neutral,0
Bose QuietComfort Ultra Headphones,comparison,UgxtYMX-_4e5jy2QlR94AaABAg,Ii-GvoQr4lc,UgxtYMX-_4e5jy2QlR94AaABAg,False,@peterdevreter,UC9SDHevlsFP-dm1wqKlwk8Q,The squeel of death from the Sony's was a deal breaker for me. I replaced the foam pads of my trusty old NC700's and it's my daily again.,0,2025-02-12 10:54:03+00:00,Durability,137,0.8775648638601385,0.0,0.08899142986821734,0.9665562937283558,Very Positive,2
Bose QuietComfort Ultra Headphones,unboxing,Ugyh8tEGltIvm8lwoxB4AaABAg,Jo3kgR_48qo,Ugyh8tEGltIvm8lwoxB4AaABAg,False,@philipchesnut1422,UCiqMQIdr-jpkDki4v_LUXHA,"All the negative comments is ridiculous, thats the way he does reviews!! Not scripted lol",1,2025-02-25 00:18:48+00:00,Durability,89,0.8999248125768177,0.005780346486685174,0.05735003258174006,0.9630551916452429,Very Positive,2
Bose QuietComfort Ultra Headphones,unboxing,UgzUJd8C6Rbz8iyVnxd4AaABAg,Jo3kgR_48qo,UgzUJd8C6Rbz8iyVnxd4AaABAg,False,@mazzeimazgaj,UCUi6vPvdoVmVLyfPfvIIvpQ,"I like watching videos where I can see different knockoffs. If it looks well made, it saves time and I can reconsider if I really want to buy it   kislux   , or buy the real thing. It would be great to keep watching more videos like this if you have the time.",0,2024-12-06 14:27:36+00:00,Durability,259,0.7567608045677082,0.0,0.16941331463801376,0.926174119205722,Neutral,0
Bose QuietComfort Ultra Headphones,unboxing,Ugyg1Tp43FQWB9H7gLJ4AaABAg,Jo3kgR_48qo,Ugyg1Tp43FQWB9H7gLJ4AaABAg,False,@RhenzGerardGrospe,UC5yLnHu5xpWKudFCBLpJSmw,Can you use c to c charger?,0,2025-02-10 10:59:29+00:00,Durability,27,0.874010755384802,0.0,0.016479894420040248,0.8904906498048423,Neutral,0
Bose QuietComfort Ultra Headphones,unboxing,Ugy8Vdn-GPQQjhbp_Bl4AaABAg,Jo3kgR_48qo,Ugy8Vdn-GPQQjhbp_Bl4AaABAg,False,@AwwadSincero,UCX2OoJdASUMKk9JH5gjHwZg,"A long time ago, I bought a fake LV luggage bag at the airport and was taken home on the conveyor belt by a fellow passenger. But I bought these fake bags from   kislux   , so I donât care if they are lost.",0,2024-12-03 14:50:59+00:00,Durability,208,0.7514484763175585,0.0,0.13579433002113164,0.8872428063386901,Very Negative,-2
Bose QuietComfort Ultra Headphones,unboxing,UgwYico-Z7gV0JSpKX94AaABAg,Jo3kgR_48qo,UgwYico-Z7gV0JSpKX94AaABAg,False,@ErnestRamirez-x5y,UClsBkX0PVPvHifotNUzEhUg,How the heck do you have over 24 million subscribers?  🤪,0,2024-12-24 15:29:24+00:00,Durability,56,0.7888846501042523,0.0,0.03559657194728694,0.8244812220515393,Very Negative,-2
Bose QuietComfort Ultra Headphones,review,Ugzg4CJPyY3Y-by-ygF4AaABAg,wjRaEc3QTIA,Ugzg4CJPyY3Y-by-ygF4AaABAg,False,@RockTheCage55,UCfmR3i1vB6VXaCyd9saef7Q,"Don't buy the XM series from sony. They are plagued with issues. I have XM3, XM4, & XM5. XM3 & XM4 are already broke. Hopefully XM5 don't break but i've seen a lot of people reporting theirs are broke.",0,2024-10-25 17:45:26+00:00,Durability,201,0.6822280543114441,0.0,0.13117995958352038,0.8134080138949644,Very Negative,-2
Bose QuietComfort Ultra Headphones,review,UgxvB10AXXASYQOZtrt4AaABAg,wjRaEc3QTIA,UgxvB10AXXASYQOZtrt4AaABAg,False,@OsamaBinMoggin,UClXFCxqpL4uGPuoKQ2kDaGQ,"I legit js bought these today and I love them so far, they are great and have everything I could want. The only thing as he said is the fact that the wire jack is so old and nobody even uses those. In addition to that the as he said the pairing with my iPhone is kinda weird. It’s js a lil confusing but besides that it’s great and they still work great so idgaf. These r awesome. If u can get a pair go for it. Acc scratch that these r expensive. I got them for cheaper.",0,2024-07-10 14:11:08+00:00,Durability,471,0.4914588904979596,0.0,0.30916281931995504,0.8006217098179147,Neutral,0
Bose QuietComfort Ultra Headphones,review,UgwI4cAD1gDGPyWXeWt4AaABAg,wjRaEc3QTIA,UgwI4cAD1gDGPyWXeWt4AaABAg,False,@CPX723,UCCtyQBvIgnphDHLNFvR4AJw,"All headphones should have easily user-replaceable cushions! Magnetic like AirPods Max would be perfect! I hated replacing the ear pads on my QC every 6-8 months! It should not be this difficult! Also, user-replaceable battery would be ideal! We keep these kinds of headphones for years, and cushions and batteries are the things that take the most wear and tear.",1,2024-08-14 13:58:02+00:00,Durability,363,0.5537571528456527,0.005780346486685174,0.2379696754253812,0.7975071747577192,Very Positive,2
Bose QuietComfort Ultra Headphones,comparison,UgzZqFBSqo7cAGlh6GR4AaABAg.ABF9A4N1QeFABVAugImOM7,Ii-GvoQr4lc,UgzZqFBSqo7cAGlh6GR4AaABAg,True,@Cornbased1,UCFOccSg4OP70Yj7NjGrQtUw,I believe both of them don't have sweat/water resistance.,0,2024-12-01 06:44:14+00:00,Durability,57,0.7472858333536314,0.0,0.03625576772408855,0.78354160107772,Negative,-1
Bose QuietComfort Ultra Headphones,comparison,UgykdYlXttuADC4obJJ4AaABAg,Ii-GvoQr4lc,UgykdYlXttuADC4obJJ4AaABAg,False,@MartinTeerly,UC4V4chx5DahzAfsIPCL60cw,Sony refurbished in UK £219 can't beat that,0,2024-10-20 13:19:10+00:00,Durability,43,0.6729967771430166,0.0,0.027027026848866008,0.7000238039918827,Positive,1
Bose QuietComfort Ultra Headphones,unboxing,UgwybUvLVUoypme_P7t4AaABAg,Jo3kgR_48qo,UgwybUvLVUoypme_P7t4AaABAg,False,@LennyNgugi,UCHpdbNfcwTFKQrfL6SGEUyQ,sina militia ngolotinye.,1,2024-09-28 18:36:18+00:00,Durability,24,0.6342197915460516,0.005780346486685174,0.014502307089635418,0.6545024451223722,Positive,1
Bose QuietComfort Ultra Headphones,review,Ugwh-5xULrXkSQTjl6F4AaABAg,wjRaEc3QTIA,Ugwh-5xULrXkSQTjl6F4AaABAg,False,@Blazekickz,UCAGxOPK1yatE7pk8OZ6AwRQ,"Still using the Bose QC25 that I bought in 2014, although the on/off button is broken and I had to change the pads a couple of times it's still doing the job after using it every day for 10 years... (Not much is left of the feaux-leather on the headband though.)",0,2024-06-20 13:55:56+00:00,Durability,262,0.4558318348703809,0.0,0.17139090196841858,0.6272227368387995,Negative,-1
Bose QuietComfort Ultra Headphones,comparison,Ugy9Z1j-3Xai6g0op-54AaABAg.A61v6SneEWxA6u7tHp_ccg,Ii-GvoQr4lc,Ugy9Z1j-3Xai6g0op-54AaABAg,True,@SPZ909,UCoI7eTXLrS-vjQhMtjppfHw,Sony is king until it breaks after 3 months of use.,2,2024-08-09 02:01:07+00:00,Durability,51,0.5439686929188696,0.011560692973370349,0.032300593063278885,0.5878299789555188,Neutral,0
Bose QuietComfort Ultra Headphones,review,UgydPJ42DuX7bB_oxg14AaABAg.A4lDNa6Gg7mA7QYMWpXjEi,wjRaEc3QTIA,UgydPJ42DuX7bB_oxg14AaABAg,True,@me5425,UCEngATskuScw9Temw38nz4w,I think it’s otterbox core case,0,2024-08-22 01:27:22+00:00,Durability,31,0.5670723350320892,0.0,0.01911667752724669,0.5861890125593359,Neutral,0
Bose QuietComfort Ultra Headphones,review,UgzRrhohqUBOIpUVpbh4AaABAg,wjRaEc3QTIA,UgzRrhohqUBOIpUVpbh4AaABAg,False,@landonivy675,UCwua8woMGoRDCFNYsPperVg,what about easily replaceable ear cuffs? or do i have to perform a surgical operation to replace them?,0,2024-07-11 11:59:18+00:00,Durability,102,0.4930763051472932,0.0,0.06591957768016099,0.5589958828274542,Very Negative,-2
Bose QuietComfort Ultra Headphones,unboxing,UgwhFA7mpD1aDSy-lQh4AaABAg,Jo3kgR_48qo,UgwhFA7mpD1aDSy-lQh4AaABAg,False,@colinbeasley3198,UCDTpnoEaAoBv_T7apKJPrZQ,How does the Marshall MONITOR II A.N.C. compare?,0,2024-06-28 00:47:19+00:00,Durability,48,0.4691000957527464,0.0,0.030323005732874057,0.49942310148562047,Neutral,0
Bose QuietComfort Ultra Headphones,comparison,UgwhrtA0JsRRZZNNVzp4AaABAg,Ii-GvoQr4lc,UgwhrtA0JsRRZZNNVzp4AaABAg,False,@Bolonsio,UCyuLtG8PmdrI6Z76HNnHDtA,Can use it on my bass guitar?,0,2024-06-11 20:42:50+00:00,Durability,29,0.44031120714617433,0.0,0.01779828597364347,0.4581094931198178,Neutral,0
Bose QuietComfort Ultra Headphones,unboxing,UgxeB5m6NX-5eh6LzDl4AaABAg,Jo3kgR_48qo,UgxeB5m6NX-5eh6LzDl4AaABAg,False,@Jajdjejwi28,UCRQPTAaw-OxhpTk8mEf4tAw,No critique? Where is the old channel vibe?,0,2024-06-03 22:39:49+00:00,Durability,43,0.42621254015425547,0.0,0.027027026848866008,0.45323956700312146,Very Negative,-2
Bose QuietComfort Ultra Headphones,unboxing,UgwROQt-gPisHg6oR0x4AaABAg,Jo3kgR_48qo,UgwROQt-gPisHg6oR0x4AaABAg,False,@wtfdidyousay9140,UCSr67yyqkG5IXBbNDe6mD-w,They want the channel to die and lose all sponsorship. Thats fine it will happen.,0,2024-05-20 02:39:41+00:00,Durability,81,0.3998029140375127,0.0,0.052076466367327184,0.4518793804048399,Neutral,0
Bose QuietComfort Ultra Headphones,review,UgxXZryp9rImVgpEa4Z4AaABAg,wjRaEc3QTIA,UgxXZryp9rImVgpEa4Z4AaABAg,False,@llai8501,UCHWO8ruoThYNTO7rIv-nF8w,"I'm still using my Bose QC 15's from 2009. I replaced the ear cushions, have a zip up head band replacement and bought a separate Bluetooth adaptor that I use with them.

They still look and feel brand new. 

14 years of use!",48,2023-10-19 08:49:24+00:00,Durability,225,0.019251623539967122,0.27745663136088833,0.147000658226759,0.44370891312761446,Very Positive,2
Bose QuietComfort Ultra Headphones,unboxing,UgybZc-baT0AJ4vzlBV4AaABAg,Jo3kgR_48qo,UgybZc-baT0AJ4vzlBV4AaABAg,False,@CafeRacer46,UCSvFQt2MBqsXAjcGFciyWmQ,"why is this video so slow, I had to watch it at 1.5x",0,2024-05-06 09:46:13+00:00,Durability,52,0.3754044953328602,0.0,0.032959788840080495,0.4083642841729407,Very Negative,-2
Bose QuietComfort Ultra Headphones,review,UgxwUjN_fkZn4q0Qaod4AaABAg,wjRaEc3QTIA,UgxwUjN_fkZn4q0Qaod4AaABAg,False,@__PJ__,UCuM3BxXan1MyfZGiv2umJzQ,"My QC25's are still going strong, just need to order some new ear pads for $30 and im set for years to come.. no worries about charging as it holds a battery and space for a spare plus you get the airplane adaptor why wouldn't they include that ???",0,2024-01-31 06:35:04+00:00,Durability,248,0.20424849844095277,0.0,0.16216216109319603,0.3664106595341488,Positive,1
Bose QuietComfort Ultra Headphones,review,UgwgdpJRd27zicSjE0t4AaABAg.9y979xhwPB6A-MdT7kTUJL,wjRaEc3QTIA,UgwgdpJRd27zicSjE0t4AaABAg,True,@Mr.Z1989,UCXRaPaIBke57ugiA-15ehiA,@@TableDog They are.,0,2024-04-18 01:34:25+00:00,Durability,20,0.34274899865664477,0.0,0.011865523982428978,0.3546145226390737,Neutral,0
Bose QuietComfort Ultra Headphones,review,UgyKdaVZN3SzvqF4Ehp4AaABAg,wjRaEc3QTIA,UgyKdaVZN3SzvqF4Ehp4AaABAg,False,@sansin6250,UCqjkeVZLlZN3WMj11st-7tg,Are the pads replaceable?,0,2024-03-30 18:55:01+00:00,Durability,25,0.3102077451555587,0.0,0.015161502866437028,0.32536924802199574,Neutral,0
Bose QuietComfort Ultra Headphones,review,Ugy2-qCsRlSOyh457ct4AaABAg.9y57_8CTwLlA17KeOmxZUC,wjRaEc3QTIA,Ugy2-qCsRlSOyh457ct4AaABAg,True,@AR-fw5bn,UCGQDh01X4s0An-J52UIwGwg,Unfortunately this is not an investment,0,2024-03-18 11:13:41+00:00,Durability,39,0.2882723961184504,0.0,0.024390243741659566,0.31266263986010995,Negative,-1
Bose QuietComfort Ultra Headphones,unboxing,Ugy19DRQRkvAe2Nbdox4AaABAg,Jo3kgR_48qo,Ugy19DRQRkvAe2Nbdox4AaABAg,False,@Walter-travel,UCcJfv9rT98uzUl6lRAsGDvA,46k like with 466 comment this fake is wild !,0,2024-02-22 03:13:42+00:00,Durability,45,0.24316861771296266,0.0,0.028345418402469225,0.2715140361154319,Very Positive,2
Bose QuietComfort Ultra Headphones,unboxing,UgzBHflPJGSSCCnwV2Z4AaABAg,Jo3kgR_48qo,UgzBHflPJGSSCCnwV2Z4AaABAg,False,@Panjuabloo,UCmzEnKMa4W_-S3oUb--hvcw,"Damn, this channel got boring af!!!",0,2024-01-20 15:07:50+00:00,Durability,35,0.18529793781379955,0.0,0.021753460634453128,0.20705139844825268,Very Negative,-2
Bose QuietComfort Ultra Headphones,unboxing,UgwC-FjqJGQftGeLMuR4AaABAg,Jo3kgR_48qo,UgwC-FjqJGQftGeLMuR4AaABAg,False,@jaychu3850,UCysOAOeh7qSzk_uR9DJS-RQ,How does this guy have 21 million subscribers,0,2024-01-15 20:12:17+00:00,Durability,45,0.1767722935901693,0.0,0.028345418402469225,0.20511771199263854,Very Positive,2
Bose QuietComfort Ultra Headphones,review,UgxksuzeXSTNbxsk1VB4AaABAg,wjRaEc3QTIA,UgxksuzeXSTNbxsk1VB4AaABAg,False,@Khazaymar,UCJhFimqPPRWpQDbg-XODbTQ,Do you think there are any chances of incoming firmware update to make them work with jack cable when turned off? Its weird when normal QC model has got that functionality,1,2023-11-21 19:25:54+00:00,Durability,171,0.07879222379016472,0.005780346486685174,0.11140408627947207,0.19597665655632196,Very Negative,-2
Bose QuietComfort Ultra Headphones,review,Ugw6cctI6kY4M80jMRp4AaABAg.9wD_3d2VO4r9wIAkDL9NCm,wjRaEc3QTIA,Ugw6cctI6kY4M80jMRp4AaABAg,True,@davidcarnoy961,UCHeYM_mk-LByiNsBBDxk4ng,"In theory, yes. Bose claims they will fit a wider range of heads better. If you buy them, just make sure you buy them somewhere you can return them without any penalties. I think Bose still allows you to do that.",2,2023-10-25 13:10:22+00:00,Durability,212,0.030256760917898112,0.011560692973370349,0.13843111312833808,0.18024856701960654,Neutral,0
Bose QuietComfort Ultra Headphones,review,UgwEKBdXZ60VePtxP6B4AaABAg,wjRaEc3QTIA,UgwEKBdXZ60VePtxP6B4AaABAg,False,@stephenknight6562,UCT1_t9ZUpjnoSJrsMEZAPqA,"Got the these last week and loving them.  Have qc 35ii, qc45. Nc700 and these these are my new daily driver",1,2023-10-30 16:11:21+00:00,Durability,107,0.03938259394362405,0.005780346486685174,0.06921555656416904,0.11437849699447826,Very Positive,2
Bose QuietComfort Ultra Headphones,review,UgzQ5uFPj3uzCrZbZKV4AaABAg,wjRaEc3QTIA,UgzQ5uFPj3uzCrZbZKV4AaABAg,False,@haepisaus,UCbirFuIdH6-1CTdZ2hdUsjw,My og QC35 are still holding up except in the headband department. I hope future iterations have materials that do not fray,0,2023-10-20 02:27:16+00:00,Durability,123,0.02055956777009201,0.0,0.0797626889929948,0.1003222567630868,Positive,1
Bose QuietComfort Ultra Headphones,review,UgybiD_EbkzN2ewWTmR4AaABAg,wjRaEc3QTIA,UgybiD_EbkzN2ewWTmR4AaABAg,False,@marlodeocampo7401,UC8ThLAg7E5gOUhQplhN6nyw,I purchased the Ultra just hours ago.,0,2023-10-19 10:45:19+00:00,Durability,37,0.019394942674711868,0.0,0.02307185218805635,0.04246679486276822,Positive,1
Bose QuietComfort Ultra Headphones,comparison,Ugw02nB3phd-wqGGGJ14AaABAg,Ii-GvoQr4lc,Ugw02nB3phd-wqGGGJ14AaABAg,False,@Kindness808,UCbHWj0xzPc85ZDPfctWsnLQ,"Thanks for another great video! I think I'm going with the Ultras. I like to listen to audiobooks while I'm doing chores like running lawn equipment, vacuuming, doing dishes and so ANC is a priority for my use. I like that they fold away into a small case for travel. It's a shame they didn't do better with the call quality. The XM5s seem far superior in call quality. If I was investing in a pair of headphones to use for office work, I would definitely go with the XM5s or even the XM4s. Just some food for though...it would be helpful if you could do a video only on comfort describing what it's like to wear these for an hour plus...if you aren't sensitive to the compressive force of headphones...maybe have someone you know that is sensitive to that try them out for you and provide feedback. I've always been sensitive to very much pressure from headphones/headbands and it often takes 30min to an hr of wear to know if a pair is going to be a problem. What felt ok briefly in the store may be a big issue for me on a long flight. Another factor that would be helpful to hear about which doesn't seem to come up a lot in videos is the heat of the headphones. Do they put out heat during use? Do they hold your hold heat to your head? Have a pair that feels ""breathable"" is a priority for me and ties into the overall comfort of the headphones. Just wanted to offer those suggestions in case you want to dial in a little further.",0,2025-04-15 13:46:13+00:00,Noise Cancellation,1436,0.9881633437541103,0.0,0.9452867439335086,1.933450087687619,Neutral,0
Bose QuietComfort Ultra Headphones,review,UgzQiJt05Umv_-x5g0R4AaABAg,wjRaEc3QTIA,UgzQiJt05Umv_-x5g0R4AaABAg,False,@andrewcrossley2448,UC8Y6TpX_yRLIyFAesIz9g1A,"I’ve just had a pair delivered direct from Bose in the U.K. using a BF discount voucher. They were £232 including all taxes which is about half the launch price. A bargain. 
My original QC2s from the mid 2000s still work for wired sound but the Ultras are far more accurate on music. Immersive is superb for Apple Music tracks that are Atmos or Spacial edits. Celine Dion’s O holy night was stupendous in immersive as it is an Atmos track. 
Similarly, I love classical and organ music where you really want the soundstage to emulate a concert hall or cathedral. With immersive they do. Add in the deep bass needed for such music, the comfort, the brilliant NC and versatile app and I know this is the right choice for me, especially on my 1.5hr each way commute on a noisy bus. 
Have you noticed that young people don’t use headphones but play videos and music from their phones in public, same issue with their phone calls where they use speaker mode? The Bose cuts out all this cr*p to leave me in my own relaxing world of Mozart et al.
I tried the Sony and Apple both were ok but inferior NC. Sony have a very loose bass that’s a bit plummy. Apple are good but too heavy and expensive. Until the H2 chip version of the Apple Max comes out I’m keeping away. My AirPods Pro 2 are very good and super light but do let the tizzy noise from kids phones and mid range vocals from some talking through a bit, even after all the ear fitting is correct. Hence my investment in the Ultras.
Thanks for a very informative video.",0,2024-11-30 06:39:29+00:00,Noise Cancellation,1519,0.7454995473442355,0.0,0.9999999934080422,1.7454995407522778,Positive,1
Bose QuietComfort Ultra Headphones,review,Ugy2-qCsRlSOyh457ct4AaABAg,wjRaEc3QTIA,Ugy2-qCsRlSOyh457ct4AaABAg,False,@amandamedina2533,UCF61qj_Vg5THKClSM7tLqTg,"I just wanna say, I bought these headphones completely blindsided not knowing what to expect and not even reading reviews. I wanted to buy noise cancelling headphones because during my flight from Costa Rica to New York I had to suffer for almost 5 hours enduring this annoying couple sitting next to me. 

When I flew back home I had this headphone the second time around and I was mind blown how these headphones ACTUALLY MINIMIZED THE PLANE ENGINE SOUND TO ALMOST NOTHING. If you are watching a movie you can barely hear anything. It made my flight more pleasant and relaxing. Best purchase  in my life. ❤",173,2024-03-18 11:55:54+00:00,Noise Cancellation,608,0.2883245927206515,0.9999999421965351,0.39947264074177563,1.6877971756589623,Very Positive,2
Bose QuietComfort Ultra Headphones,comparison,Ugwzw1hi3vevXwn-HwJ4AaABAg,Ii-GvoQr4lc,Ugwzw1hi3vevXwn-HwJ4AaABAg,False,@lajazziamacklin8418,UCTzbUAyYnaYTAEGRkuoUCjQ,"I'm glad I found your video! I've been on a headphone hunt for brand new headphones ever since I bought my AUSDOM headphones at Wal-Mart, which I've had for a year now. I'm currently reviewing the Bose QuietComfort Ultra with different videos/reviews and so far I'm liking what I hear about these things! Speaking of QuietComfort, I saw these bad boys at BestBuy, placed them on, tested them out and I loved them immediately! So these are my brand new go-to headphones to replace my crappy AUSDOM and MONODEAL ones. But geez, they are EXPENSIVE! The reason I'm replacing my AUSDOM headphones is because their ANC is CRAPPY and I keep hearing my family's voices while I'm playing my video games. The MONODEAL ones suck because I have a headband that is wearing out now. Once I get the QuietComfort Ultra, my AUSDOM and MONODEAL headphones are going STRAIGHT TO GOODWILL!",0,2024-11-05 04:13:54+00:00,Noise Cancellation,869,0.7008092204296923,0.0,0.5715227384869958,1.2723319589166882,Very Positive,2
Bose QuietComfort Ultra Headphones,comparison,UgxvTtPZxE2k260LKWd4AaABAg,Ii-GvoQr4lc,UgxvTtPZxE2k260LKWd4AaABAg,False,@KalviMännisalu-i2w,UCAbEBSVNT8GsWm9Hd-ZecXA,"Bought them after having Bose couple of years.
Good heavens what a downgrade! :o
Absolute garbage in every field, especially practically nonexistent ANC... Even Audio-Technica's in-ear plugs works way better!
Godawful placement of buttons and many more stupid engineering solutions..
I'm totally disappointed with Sony.. Shame on you",0,2025-04-12 14:49:34+00:00,Noise Cancellation,333,0.9829004302106633,0.0,0.21819380212133288,1.2010942323319962,Very Negative,-2
Bose QuietComfort Ultra Headphones,comparison,UgzrvWeV-ZFfgYSuI0l4AaABAg,Ii-GvoQr4lc,UgzrvWeV-ZFfgYSuI0l4AaABAg,False,@Dmm-n9y,UCYdCz_fA4XffGbhdAi6D86A,Does activesense anc work when no music is playing?,0,2025-04-21 19:16:04+00:00,Noise Cancellation,51,0.9992536483475553,0.0,0.032300593063278885,1.031554241410834,Very Negative,-2
Bose QuietComfort Ultra Headphones,unboxing,UgzslcDhekKaNimxHH94AaABAg,Jo3kgR_48qo,UgzslcDhekKaNimxHH94AaABAg,False,@ziwkovic6141,UC9T6-C-EEHfnL0Syn9A3EpA,these don't work well with teams and alike because anc is cutting you off if anyone else speaks on conference calls. stay away if that 's your use case.,0,2025-03-05 16:46:10+00:00,Noise Cancellation,152,0.9153888956991926,0.0,0.09887936652024149,1.0142682622194341,Negative,-1
Bose QuietComfort Ultra Headphones,unboxing,UgxETm9uZkrYD44vBRt4AaABAg,Jo3kgR_48qo,UgxETm9uZkrYD44vBRt4AaABAg,False,@osokinkirill,UCTWU24w5r-M42YeU0SaSpPQ,"these  headphones flew around the room several times and slammed to the floor with full force. In the end, I smashed them. I can't tolerate their products anymore. although they have good noise cancellation",0,2025-01-08 13:50:42+00:00,Noise Cancellation,206,0.8154688144052205,0.0,0.13447593846752842,0.9499447528727489,Very Negative,-2
Bose QuietComfort Ultra Headphones,comparison,UgxDEZU8LE0bT_tMgLR4AaABAg,Ii-GvoQr4lc,UgxDEZU8LE0bT_tMgLR4AaABAg,False,@markross5179,UC-uNgs0bg_VKmLiOHhTDJZw,Sony Wh-1000XM5 are much better on the microphone test and I couldn't believe how tinny the Bose microphone sounded - I was really shocked for a product costing over $400. Such a shame because the Bose sound quality was superior and they are clearly more comfortable to wear for a long day with great ANC.,0,2024-11-30 19:59:41+00:00,Noise Cancellation,305,0.7464889130232241,0.0,0.19973632037088782,0.9462252333941119,Negative,-1
Bose QuietComfort Ultra Headphones,comparison,Ugzddhtjz_NmC3fgLgV4AaABAg.A637derK627A92AwpC_W4m,Ii-GvoQr4lc,Ugzddhtjz_NmC3fgLgV4AaABAg,True,@PavanMS87,UCLtxdfkJCGHmezMw1fJ8hmQ,"@@user-kh1ro6wv3t yeah, and after using them for 2+ (Ultra Earbuds) months, i can honestly conclude that what REALLY sucks is their connectivity integration, good lord!!! I regret buying it for this main reason.  The Sound is best ive heard, the ANC is good if you can tolerate a bit of white noise.  Connectivity is the main deal breaker,  go carefully, even in sep 2024 these issues are not addressed",0,2024-10-01 07:23:46+00:00,Noise Cancellation,402,0.6387295120349974,0.0,0.26367831072064396,0.9024078227556414,Very Positive,2
Bose QuietComfort Ultra Headphones,unboxing,UgwZz4YPG2DSTxc1uS94AaABAg,Jo3kgR_48qo,UgwZz4YPG2DSTxc1uS94AaABAg,False,@7raderR,UCw_MgYUgSTdqTYthrqQI74g,turn the music off,0,2024-12-06 02:26:19+00:00,Noise Cancellation,18,0.7558690112974928,0.0,0.010547132428825759,0.7664161437263186,Very Negative,-2
Bose QuietComfort Ultra Headphones,comparison,Ugw-av5_O6ivfRc37uN4AaABAg,Ii-GvoQr4lc,Ugw-av5_O6ivfRc37uN4AaABAg,False,@SecurityDivision,UCB_d-PMG-Sw6MoAxTrVowMQ,"Tried both in store, actually was thinking about Sony, but there was Bose demo, so tried it too. And yes, the noise canceling on Bose was somewhat smoother. Also when you press the transparency button on Bose it swithes faster than Sony. So for example if someone wants to talk to you, you will have less awkward pause on Bose. But the mic quality oof... Almost unusable on Bose.",0,2024-07-24 14:18:23+00:00,Noise Cancellation,379,0.5163936380480473,0.0,0.24851680785420693,0.7649104459022542,Neutral,0
Bose QuietComfort Ultra Headphones,comparison,UgzDWLkcDbgONL3NVV14AaABAg,Ii-GvoQr4lc,UgzDWLkcDbgONL3NVV14AaABAg,False,@TheRajmoney,UCl6QFXDR4e_m6_oR8yuoDcg,i heard you cant use the QC while charging is it true?,0,2024-11-20 14:54:37+00:00,Noise Cancellation,54,0.7283075980179287,0.0,0.034278180393683716,0.7625857784116123,Neutral,0
Bose QuietComfort Ultra Headphones,review,UgxkZMl6Hr2bnLOfWNp4AaABAg,wjRaEc3QTIA,UgxkZMl6Hr2bnLOfWNp4AaABAg,False,@Sandbarhoppin,UCJ9apfagbZI0jjQIZ8XyTIQ,"I just got these for christmas and I LOVE them, but I have a major gripe:

You only have two real choices for your listening: ANC or Immersive Audio. You are NOT able to turn this off at all, so its impossible to have just the natural sound cancellation from the earcups to actually take place, instead you either always have to hear whats outside your headphones or have that ""cabin pressure"" feeling in your ears (or somewhere in between since you can adjust a slider to make different modes). Hope they can release an update to change this because I love using these with my dsesktop and would really like to just turn off ANC altogether",6,2024-01-17 00:24:20+00:00,Noise Cancellation,640,0.1788643408247762,0.03468207892011104,0.4205669055994271,0.6341133253443143,Neutral,0
Bose QuietComfort Ultra Headphones,review,UgxgO9RfOBQniW-XySR4AaABAg,wjRaEc3QTIA,UgxgO9RfOBQniW-XySR4AaABAg,False,@dba4292,UCD8nn5Vr25IrqpysT8UVn5Q,"Since my new Sony XM4 came with a self-destruction button (stupid idiots) aka the """"NC OPTIMIZER"""" wow what a great feature that was huh.. I guess I’m joining Bose’s side now. Already happy with their earbuds. Just tell me there is no optimizer on these",0,2024-05-08 07:09:48+00:00,Noise Cancellation,253,0.37877192831694545,0.0,0.1654581399772041,0.5442300682941495,Very Positive,2
Bose QuietComfort Ultra Headphones,comparison,UgxYTTsuwIF-zJGuoG54AaABAg,Ii-GvoQr4lc,UgxYTTsuwIF-zJGuoG54AaABAg,False,@burning4theMaster,UCQ8zEJxq7tgHbTqvIwIUpug,Just for the noise canceling alone such as blocking lawn mower noises which do you think is better? I am currently using SONY WH-1000XM4.,0,2024-06-09 12:38:02+00:00,Noise Cancellation,137,0.4361509751583458,0.0,0.08899142986821734,0.5251424050265632,Very Negative,-2
Bose QuietComfort Ultra Headphones,unboxing,Ugz_D2CbQyMXCu97K9V4AaABAg,Jo3kgR_48qo,Ugz_D2CbQyMXCu97K9V4AaABAg,False,@livelikekings8968,UC38W7ThyaVKZrCBqYZgWkbA,"I brought a pair of these. 

I hate them.",0,2024-07-12 12:46:17+00:00,Noise Cancellation,41,0.4949148083655235,0.0,0.025708635295262787,0.5206234436607863,Negative,-1
Bose QuietComfort Ultra Headphones,review,UgwOWkVDHK2ZUXMEb4N4AaABAg,wjRaEc3QTIA,UgwOWkVDHK2ZUXMEb4N4AaABAg,False,@jaywhite1141,UCT04IsxUObyTmesex3pf2yg,Im upgrading my existing Bose qc 45 that I’ve got for over 2 years I’m going to upgrade to the Bose Bose QuietComfort Ultra Noise Cancelling Headphones  and my old Bose headphones to one of my family members,0,2024-04-26 02:13:49+00:00,Noise Cancellation,207,0.3570410176890108,0.0,0.13513513424433005,0.49217615193334086,Very Positive,2
Bose QuietComfort Ultra Headphones,unboxing,Ugxf-Nf-JV3TMDSxWkN4AaABAg,Jo3kgR_48qo,Ugxf-Nf-JV3TMDSxWkN4AaABAg,False,@shangtakashi8089,UCv4QrTgrtVAcMgbAgn_5DMg,"I have QC35’s. QC ultra is definitely lighter, looks better and definitely has better ANC but it is not as loud overall. I still prefer my QC35’s, use them every single day.",0,2024-05-07 19:04:15+00:00,Noise Cancellation,173,0.3778748597485999,0.0,0.11272247783307529,0.49059733758167523,Positive,1
Bose QuietComfort Ultra Headphones,review,Ugy2-qCsRlSOyh457ct4AaABAg.9y57_8CTwLlA0CHb8CFXD-,wjRaEc3QTIA,Ugy2-qCsRlSOyh457ct4AaABAg,True,@RickyLandi,UC5IW7wDagf8GLrWEoRQMe_g,"Hi, i have a question: i would buy this headphones for night sleeping..Is this ANC capable of covering and cancel a very loud noise as, for example, an hammer against the wall or a jackhammer??? 
Thanks in advance for your reply.",0,2024-02-24 12:51:50+00:00,Noise Cancellation,229,0.24744424684738656,0.0,0.14963744133396545,0.39708168818135203,Very Negative,-2
Bose QuietComfort Ultra Headphones,unboxing,Ugyiq8bWRMWLEv_bQMd4AaABAg,Jo3kgR_48qo,Ugyiq8bWRMWLEv_bQMd4AaABAg,False,@BaardOvergaardHansen,UCj_JfH_HLtopcE9DGXgzJ9g,"Bought them, tried them, and then sent them back. Awesome noise cancellation, but poor battery.",0,2024-04-07 16:39:34+00:00,Noise Cancellation,95,0.32428357999775836,0.0,0.061305207242549724,0.3855887872403081,Neutral,0
Bose QuietComfort Ultra Headphones,unboxing,Ugz1dL_N_S7JQimj9Up4AaABAg,Jo3kgR_48qo,Ugz1dL_N_S7JQimj9Up4AaABAg,False,@cockandballtortureconnoiss2643,UCJoKciVOtKdS_wGFRkUcTXA,"Every pair I’ve ever owned either had a creaky headband, loud clicks in the earcups (mainly right one) when moving my head, or both. They sounded great and the ANC was top notch but the build quality on these is not good",0,2024-02-18 01:51:31+00:00,Noise Cancellation,220,0.23594535392846075,0.0,0.14370467934275097,0.3796500332712117,Neutral,0
Bose QuietComfort Ultra Headphones,unboxing,UgwLctkaV9_HTtC0Jph4AaABAg,Jo3kgR_48qo,UgwLctkaV9_HTtC0Jph4AaABAg,False,@janstehlik-2084,UCUjBqkij0B_6QlhTz0LJ2Xg,Sadly for some reason it is not possible to completely turn off both ANC and hearthrough nad you can just set them to minimum in custom mode. This makes these 350USD headphones useless for music production.,0,2024-02-20 17:56:58+00:00,Noise Cancellation,206,0.24069986061462195,0.0,0.13447593846752842,0.3751757990821504,Negative,-1
Bose QuietComfort Ultra Headphones,unboxing,UgyF5OMCq3TL0K8nKRV4AaABAg,Jo3kgR_48qo,UgyF5OMCq3TL0K8nKRV4AaABAg,False,@RickyLandi,UC5IW7wDagf8GLrWEoRQMe_g,"Hi, i have a question: i would buy this headphones for night sleeping..Is this ANC capable of covering and cancel a loud noise as, for example, an hammer against the wall or a jackhammer???",0,2024-02-24 12:52:11+00:00,Noise Cancellation,189,0.24744467958668628,0.0,0.12326961026190106,0.37071428984858734,Very Negative,-2
Bose QuietComfort Ultra Headphones,review,UgwysBlpr57I_6pwrPF4AaABAg,wjRaEc3QTIA,UgwysBlpr57I_6pwrPF4AaABAg,False,@GallantKnight98,UC4-nWRAZTkbrDEQLjk-v0MA,Just bought these as my first true noise canceling headphone. Been using gaming headsets and my Galaxy Buds 2 Pro for everything else...and I must say these are incredible. Steep price but I wanted the best of the pack for music and watching content. Love them!,7,2024-01-04 04:19:49+00:00,Noise Cancellation,261,0.15601012140126921,0.04046242540679622,0.17073170619161698,0.3672042529996824,Very Positive,2
Bose QuietComfort Ultra Headphones,unboxing,UgzK6_zCiuaBEvzgnYZ4AaABAg,Jo3kgR_48qo,UgzK6_zCiuaBEvzgnYZ4AaABAg,False,@mrufo2297,UCI7wZt0egm2ZAQIvetY92sA,"No Aptx support on any Samsung phones!! Returned and got Sony XM5 and using Ldac now. Noise canceling on the Bose had a little hiss as well, were Sony does not. Just little info no reviewers will say.",0,2024-02-08 11:04:02+00:00,Noise Cancellation,200,0.21882435324067667,0.0,0.13052076380671876,0.34934511704739546,Very Negative,-2
Bose QuietComfort Ultra Headphones,review,Ugy8xbA-ienZR94Pfp94AaABAg,wjRaEc3QTIA,Ugy8xbA-ienZR94Pfp94AaABAg,False,@fifsbiznetwork,UCR2j-uXwJxNtORlEsC9MD8Q,"Has anyone used these to sleep? My husband snores and regular earplugs are not helping….i am considering these not just for sleeping (noise canceling feature), but also for work. But the selling point for me would be blocking my husband’s snores. 😅",0,2024-01-17 22:56:28+00:00,Noise Cancellation,248,0.18053611577280954,0.0,0.16216216109319603,0.34269827686600557,Very Negative,-2
Bose QuietComfort Ultra Headphones,unboxing,UgwNcjn86mv0IjRjbbx4AaABAg,Jo3kgR_48qo,UgwNcjn86mv0IjRjbbx4AaABAg,False,@BIBIWCICC,UCqruzdL98aLyUUPUiDGdKFA,Don’t buy Bose they are Israeli owned and you are supporting Genocide.,0,2024-03-08 03:54:50+00:00,Noise Cancellation,70,0.26992567166749065,0.0,0.044825312822509476,0.3147509844900001,Very Negative,-2
Bose QuietComfort Ultra Headphones,unboxing,UgyrrpvPC2OLNxmM0Yl4AaABAg.9zKAjCtaHEpA-rfzVcyaz1,Jo3kgR_48qo,UgyrrpvPC2OLNxmM0Yl4AaABAg,True,@brandihowell4740,UCF7ioG0O6BgYua2Nbl7LtzA,"How was the ANC on the Sony? I need to cancel out birds, cars and the tv when it’s too loud while I’m cooking😂",1,2024-02-16 03:30:19+00:00,Noise Cancellation,110,0.23250668381298623,0.005780346486685174,0.07119314389457387,0.3094801741942453,Very Negative,-2
Bose QuietComfort Ultra Headphones,review,Ugx-v4ey7FcCPs_XWPB4AaABAg,wjRaEc3QTIA,Ugx-v4ey7FcCPs_XWPB4AaABAg,False,@sirpuntalot1282,UC1mMmHB1x_9VAzbS6zg5Wlw,"Please also compare to the earbuds. Travellers like me really want to know whether it's worth carrying a bully over ear or if we can just take the earbuds.
Flying 10 years ago : All frequent flyers had over ear bose. Then it changed.
I have the Sony mk5 earbuds but I would probably compare them to earplugs rather than noise cancelling. But that's just my opinion.
Hope you help with that topic too",1,2023-10-24 19:03:48+00:00,Noise Cancellation,399,0.02891333206519516,0.005780346486685174,0.26170072339023914,0.29639440194211947,Neutral,0
Bose QuietComfort Ultra Headphones,unboxing,UgyabbWHUa2kW66EELt4AaABAg,Jo3kgR_48qo,UgyabbWHUa2kW66EELt4AaABAg,False,@omnicutmaster,UCahd3jmZbfwlcOC4ADNL2TQ,Nothing on the mic and receiving a call?,0,2024-03-03 05:18:42+00:00,Noise Cancellation,40,0.2611272986518623,0.0,0.025049439518461177,0.28617673817032346,Very Negative,-2
Bose QuietComfort Ultra Headphones,unboxing,UgyxVuV8c9qaGwu2nbB4AaABAg,Jo3kgR_48qo,UgyxVuV8c9qaGwu2nbB4AaABAg,False,@Bigjawn662,UCameArwCx63TADVq0WIoktA,Where can i get that unbxt hat ??,0,2024-02-22 02:55:30+00:00,Noise Cancellation,33,0.24314611526937657,0.0,0.020435069080849907,0.2635811843502265,Very Negative,-2
Bose QuietComfort Ultra Headphones,review,UgymLjTShC-1R81Jmox4AaABAg,wjRaEc3QTIA,UgymLjTShC-1R81Jmox4AaABAg,False,@anthonygallo3576,UC2pVmiBNf8x29cbsY0ionEg,Only an idiot would wear noise canceling headphones in the New York City subway,1,2024-01-28 17:18:03+00:00,Noise Cancellation,79,0.1997022423911295,0.005780346486685174,0.05075807481372396,0.25624066369153864,Negative,-1
Bose QuietComfort Ultra Headphones,unboxing,UgyrrpvPC2OLNxmM0Yl4AaABAg.9zKAjCtaHEp9zMMd7QYRQi,Jo3kgR_48qo,UgyrrpvPC2OLNxmM0Yl4AaABAg,True,@crazychimp1324,UCABJI_VXg6ChHpi44abWD4Q,I used to get the dizziness from my Sonys but it does go with time your ears just need to adjust,0,2024-01-09 17:45:24+00:00,Noise Cancellation,96,0.1659082086173178,0.0,0.061964403019351334,0.22787261163666914,Neutral,0
Bose QuietComfort Ultra Headphones,review,UgymIgA8y3BGWNCMUPh4AaABAg,wjRaEc3QTIA,UgymIgA8y3BGWNCMUPh4AaABAg,False,@KMY021,UC4WVfnG1eow8pNHRvGlKd0w,"I am struggling with Bose qc ultra, wh1000xm5, B&W px7s2e, and Airpodsmax since I am an Apple user. Which is the best regardless of sound quality. I just wanna have a headphone with good ANC and transparency mode.",5,2023-10-23 04:40:19+00:00,Noise Cancellation,213,0.026065309880588874,0.02890173243342587,0.13909030890513968,0.1940573512191544,Very Negative,-2
Bose QuietComfort Ultra Headphones,review,UgwMzTW3aKd9o9HV3Nl4AaABAg,wjRaEc3QTIA,UgwMzTW3aKd9o9HV3Nl4AaABAg,False,@bdegrds,UCp3gQhU1tFbfsiz1dKZjoig,Bose have been noise canceling king for a long time,1,2023-12-13 16:47:48+00:00,Noise Cancellation,51,0.11776583788227489,0.005780346486685174,0.032300593063278885,0.15584677743223896,Very Positive,2
Bose QuietComfort Ultra Headphones,review,Ugw9HOs394v4n-1Do_R4AaABAg,wjRaEc3QTIA,Ugw9HOs394v4n-1Do_R4AaABAg,False,@thatphokingguy,UCXnIKnVB2guqbd7GjMWuEqg,"I’m having trouble switching between devices from desktop to mobile phone. I basically have to turn off the Bluetooth connection. On desktop in order to return back to my phone audio 
Anyone else ?",0,2023-10-19 07:09:44+00:00,Noise Cancellation,197,0.019128395872709956,0.0,0.12854317647631394,0.1476715723490239,Negative,-1
Bose QuietComfort Ultra Headphones,review,UgwDG4VuOQFtrkPVE454AaABAg,wjRaEc3QTIA,UgwDG4VuOQFtrkPVE454AaABAg,False,@beverywhereyouare,UCMV3oLDcLNvSzh0b0AVRdtg,So is the noise canceling better than the xm5 ?,1,2023-11-05 00:02:51+00:00,Noise Cancellation,47,0.0488676211947613,0.005780346486685174,0.029663809956072446,0.08431177763751892,Neutral,0
Bose QuietComfort Ultra Headphones,comparison,Ugzqi0A4Ip0-9n3TSe14AaABAg,Ii-GvoQr4lc,Ugzqi0A4Ip0-9n3TSe14AaABAg,False,@kingalex2083,UC6QzsXuxAQtuft339EpDRuw,My wife has Sony and I got Bose. I loved my Bose 45. Sold them to get ultra. Ultras fall off your head with extreme movements. I like how the Sony looks more and feels in your hands. Look more sleek and aesthetic. Bose sound for me sounds better. But Sony is a hair behind it. Sonys app is way better than Bose. More functions. Overall. Idk at the end of the day they’re both earphones. Both look nice. Both winners.,1,2025-02-14 23:11:44+00:00,Sound Quality,416,0.8820377602953404,0.005780346486685174,0.27290705159586653,1.1607251583778921,Neutral,0
Bose QuietComfort Ultra Headphones,comparison,UgxJ5MqE3GU-juI-tVV4AaABAg,Ii-GvoQr4lc,UgxJ5MqE3GU-juI-tVV4AaABAg,False,@tageandersson3043,UC4imuGfa-tuUcpt0RFzxDCA,"Many people here are concerned about the audio differences in microphone sound quality. BUT, all post edit software for video recording ALSO has EQ settings. So don't be 100% sure of your case from what this presentation shows, not until you have experienced it yourself for real.

It's like buying a car, you are 'married' to one brand and do everything in your power to convince small details to the best of your favorite car brand. But is this correct? Just think about it, it may be right what you hear, it may be wrong!",0,2024-11-29 23:51:58+00:00,Sound Quality,526,0.7449956945529137,0.0,0.3454185870440436,1.0904142815969573,Neutral,0
Bose QuietComfort Ultra Headphones,unboxing,Ugysis2dEUbRWL1BA9J4AaABAg,Jo3kgR_48qo,Ugysis2dEUbRWL1BA9J4AaABAg,False,@MarcusInd3p3ndence,UCqQKXMoHdOrxy7vNUXe29Qw,"I have the problem that all in-ear headphones, except for the Apple AirPods 2, hurt when jogging. With every step, there is a pounding and impact in my ears. I have the same issue with over-ear headphones. Does anyone know this problem and have found a solution?",0,2025-02-13 21:35:28+00:00,Sound Quality,262,0.8801383232623812,0.0,0.17139090196841858,1.0515292252307997,Very Negative,-2
Bose QuietComfort Ultra Headphones,review,UgzgJrTdHW444dSTUB14AaABAg,wjRaEc3QTIA,UgzgJrTdHW444dSTUB14AaABAg,False,@sherlockholmes969,UCnIhl4V-ZaFpRtzo7o3LwWA,Dzieki bardzo za super recenzje . To jest to czego szukalem aby upewnic sie w moim wyborze. Wybieram Bose. Dzieki.,1,2025-04-01 21:47:00+00:00,Sound Quality,114,0.9638319996409163,0.005780346486685174,0.07382992700178032,1.0434422731293818,Very Positive,2
Bose QuietComfort Ultra Headphones,comparison,UgwV-8h5FFDT-Y0HY0N4AaABAg,Ii-GvoQr4lc,UgwV-8h5FFDT-Y0HY0N4AaABAg,False,@wrldanimed7720,UCgr2wryWhLsRvbVKNZvi0Aw,"What is the best premium headphone? I use an iphone but i use an asus laptop, sound quality is very important to me",0,2025-04-04 10:56:50+00:00,Sound Quality,115,0.9683693742317784,0.0,0.07448912277858193,1.0428584970103603,Very Positive,2
Bose QuietComfort Ultra Headphones,comparison,Ugwyp5BDlcCgoAPzKLJ4AaABAg,Ii-GvoQr4lc,Ugwyp5BDlcCgoAPzKLJ4AaABAg,False,@pthakker11,UCFewUNtSiqJNSyHPs1YUb8A,"In my opinion, the Sony WH-1000XM5 is crappy when it comes to videoconferencing-cannot hear my own voice during the call! I am considering returning these and getting Bose.",0,2025-03-08 19:33:13+00:00,Sound Quality,172,0.9209366753416635,0.0,0.11206328205627368,1.0329999573979372,Negative,-1
Bose QuietComfort Ultra Headphones,unboxing,UgyzXVKRwqofbBG50qt4AaABAg,Jo3kgR_48qo,UgyzXVKRwqofbBG50qt4AaABAg,False,@sumairjumani7511,UCLIqWid4iwUzA9n6BYmXZNQ,"Mute the continuous music in the background so we can hear you properly, please",1,2025-04-07 09:05:46+00:00,Sound Quality,79,0.9735732909840284,0.005780346486685174,0.05075807481372396,1.0301117122844377,Neutral,0
Bose QuietComfort Ultra Headphones,comparison,UgzqalZvAQ-E-701jXh4AaABAg,Ii-GvoQr4lc,UgzqalZvAQ-E-701jXh4AaABAg,False,@EmmettJackola-q4s,UC8OuTSmcdqMuz2OA3WCs3Pg,I can’t decide between the Sony 1000xm5s and the Bose quite comfort ultra I want to be listening to music before sports and watching a few movies sometimes and want really good noise cancellation what would you recommend between the 2?,1,2025-01-23 04:22:44+00:00,Sound Quality,235,0.8414727783384139,0.005780346486685174,0.1535926159947751,1.0008457408198743,Positive,1
Bose QuietComfort Ultra Headphones,comparison,Ugyb8WQ9qyq5lenXnrF4AaABAg,Ii-GvoQr4lc,Ugyb8WQ9qyq5lenXnrF4AaABAg,False,@levymarquezin4515,UCPq51O8jKwwSb0LZQc1Y_1Q,"Tenho os dois. Eu sou fã da Boses então sou pouco suspeito em falar mas confesso q o ultra deixou a desejar em relação a graves em comparação seu irmão mais velho qc35 na contra via notei um clareza sonora muito mais limpa e equilibrada. E noise realmente teve um melhorar notável. Sua estrutura também bem mais leve e agradável ele fica mais fixável na cabeça da até para dormi com ele tranquilamente. Já o Sony tem um presença de grave bem interessante para quem gosta de música eletrônica ou genérico tem o grave como um elemento principal. Resumo para estudar, dormir, viajar, trabalhar fazer cardio eu prefiro Bose. Para malhar eu uso o Sony pois prefiro ouvir eletrônica",0,2024-08-11 09:53:32+00:00,Sound Quality,676,0.548113614178141,0.0,0.4442979535642851,0.9924115677424261,Positive,1
Bose QuietComfort Ultra Headphones,comparison,UgxpU08t2mu9JLOlp414AaABAg,Ii-GvoQr4lc,UgxpU08t2mu9JLOlp414AaABAg,False,@1openborder,UCHjCw4DUjjdRd-6Tvlt7zrA,those Bose audio cues are my sole reason not to get them “immErsion” “quiET” 😂,0,2025-03-20 12:47:45+00:00,Sound Quality,78,0.9418003145930341,0.0,0.05009887903692235,0.9918991936299565,Very Negative,-2
Bose QuietComfort Ultra Headphones,comparison,UgxTyTGS6hfW9Aqvg1R4AaABAg,Ii-GvoQr4lc,UgxTyTGS6hfW9Aqvg1R4AaABAg,False,@TheGChick101,UCkgLxaYNLi2S7rTSa-JMTXQ,"The mic test was super helpful. Will do the Bose as I listen to music for hours like 8 to 10 hours a day, reading other comments in this thread they seem to better for what I enjoy doing which is music.",1,2025-01-30 01:41:40+00:00,Sound Quality,202,0.8537365276663003,0.005780346486685174,0.13183915536032198,0.9913560295133075,Positive,1
Bose QuietComfort Ultra Headphones,comparison,UgzaXD5RXFvGbozg5DF4AaABAg,Ii-GvoQr4lc,UgzaXD5RXFvGbozg5DF4AaABAg,False,@AncaElenaTFS,UCMS-EzDnCFbOJB7jD1yk7yg,"Omg thank you I thought it was a problem with my headphones because a lot of people said they cancel all noise and I could still hear myself type, or the traffic. Thank you for this clips!❤",0,2025-01-29 11:47:18+00:00,Sound Quality,189,0.8527049183890046,0.0,0.12326961026190106,0.9759745286509057,Very Negative,-2
Bose QuietComfort Ultra Headphones,comparison,UgysqNXYTb_8ViN8Py94AaABAg,Ii-GvoQr4lc,UgysqNXYTb_8ViN8Py94AaABAg,False,@josephsalim9638,UCrMQVkKsM7pb3y3cJ16eYbA,"I just received both Sony 1000 XM5 & Bose QC Ultra. I must say, in my opinion, they are both equally good in terms sound, noise control, etc. 

Bose is more comfortable and very spacious for the ears. I love the Bose app, very simple & minimalistic than Sony.

Sony’s audio sounds runs smoother than the Bose in my opinions, and the app has more features to offer than Bose.

My final decision, I choose the Sony 1000 XM5 because the microphone quality is very important for me because I am pilot & when I communicate with the ATC they can hear me crystal clear over the Bose.",1,2024-09-02 23:54:18+00:00,Sound Quality,576,0.5883222250184211,0.005780346486685174,0.3783783758841241,0.9724809473892304,Positive,1
Bose QuietComfort Ultra Headphones,unboxing,Ugzb9XK-L2PCvxziCCl4AaABAg,Jo3kgR_48qo,Ugzb9XK-L2PCvxziCCl4AaABAg,False,@harmonybeats6799,UCcuPj_6Q5kN3M_e5ZjV9VLQ,"it doesnt work with the wire, shame on you bose",0,2025-03-17 19:30:39+00:00,Sound Quality,47,0.9369572199902277,0.0,0.029663809956072446,0.9666210299463002,Very Negative,-2
Bose QuietComfort Ultra Headphones,comparison,UgygvITgFMQ_SSMkuE94AaABAg.A7Rb7ttpGLVADxP6K8HddP,Ii-GvoQr4lc,UgygvITgFMQ_SSMkuE94AaABAg,True,@Rizzan8,UC6DKaSrWmYb-r-vuim9wn0g,"@brandonrumann3931  I have decided to buy Sony WH-1000XM5. The headphones are pretty comfy to wear, great sound and the mic is amazing via Teams on Windows 10.",0,2025-01-31 08:09:16+00:00,Sound Quality,159,0.8559961686497036,0.0,0.10349373695785276,0.9594899056075564,Positive,1
Bose QuietComfort Ultra Headphones,comparison,UgzgCQCaqu8YQE0CYkp4AaABAg,Ii-GvoQr4lc,UgzgCQCaqu8YQE0CYkp4AaABAg,False,@enolukk1084,UC4Fg6XyiFR7K2oFPk8hGEEg,"Sony drop price, but bose not so match",0,2025-03-12 12:20:29+00:00,Sound Quality,38,0.9275232971897256,0.0,0.023731047964857956,0.9512543451545835,Neutral,0
Bose QuietComfort Ultra Headphones,comparison,Ugwkf8670PTq_AMqcVp4AaABAg,Ii-GvoQr4lc,Ugwkf8670PTq_AMqcVp4AaABAg,False,@TonyRome402,UCJaz-rUTjKt6Prqg2KUJ_ZA,"I bought the Sony XM5 1000, these sound amazing with anything you throw at them and with the default settings. They are also extremely light and comfortable. I am sure the Bose is also awesome,  but I will never know.",0,2024-12-31 02:51:13+00:00,Sound Quality,217,0.8004101255801617,0.0,0.14172709201234612,0.9421372175925078,Very Positive,2
Bose QuietComfort Ultra Headphones,comparison,UgycbRLl1OyW7L4w7l54AaABAg,Ii-GvoQr4lc,UgycbRLl1OyW7L4w7l54AaABAg,False,@KhoiNguyen-eo9dh,UC-n0JmcnKl1jgfi7tT1eoWQ,"Been using the XM5 for almost 2 years and i gotta say that for the price the only thing i dont like about it is how muffling and suffocating your voice sounds with ambient on. But its not too much of an issue for me, other headphones with ambient sounds is the pretty much the same maybe even worse. Otherwise, Sony killed it, and they killed the QC Ultra too 😂. I",0,2024-11-06 13:53:12+00:00,Sound Quality,364,0.7033058789095491,0.0,0.2386288712021828,0.9419347501117319,Neutral,0
Bose QuietComfort Ultra Headphones,unboxing,UgzJZYwyd94lRrdQEY54AaABAg,Jo3kgR_48qo,UgzJZYwyd94lRrdQEY54AaABAg,False,@wilhelmlamptey9481,UC3-SB-CH1dvAVmxXa1YAu6w,Can anybody confirm if they work well with voice isolation on Apple products?,0,2025-02-13 04:44:26+00:00,Sound Quality,77,0.8788882836718872,0.0,0.04943968326012074,0.9283279669320079,Neutral,0
Bose QuietComfort Ultra Headphones,comparison,UgxTcR8UdgouPZQDjYt4AaABAg,Ii-GvoQr4lc,UgxTcR8UdgouPZQDjYt4AaABAg,False,@markirish37,UCBKH5g2ZI-CQo4Ragfe4QEg,"First, great video, great work there. I have always been a a bose fan, actually listening on my bose quite comfort to your video. I was stunned at the mic test, to me bose really failed here, sounded very tinny and echoey, rather poor as I handle most calls on my phone via my bose quite comfort and people say I sound very clear, so disapointed in bose performance on that front. As I just found your channel, if you havent already, do a comparison between quite comfort and the ultra?",0,2024-09-07 00:37:05+00:00,Sound Quality,486,0.5954967747217532,0.0,0.3190507559719792,0.9145475306937324,Neutral,0
Bose QuietComfort Ultra Headphones,comparison,UgygvITgFMQ_SSMkuE94AaABAg.A7Rb7ttpGLVADxIQ2sVed8,Ii-GvoQr4lc,UgygvITgFMQ_SSMkuE94AaABAg,True,@brandonrumann3931,UCRVGjM5XZyL-pAshcPZFUhg,@@Rizzan8 same! I need these for work but bose is seemingly better for personal use,0,2025-01-31 07:10:35+00:00,Sound Quality,83,0.8559236126937818,0.0,0.053394857920930405,0.9093184706147122,Positive,1
Bose QuietComfort Ultra Headphones,comparison,UgzqalZvAQ-E-701jXh4AaABAg.ADcOqgrOnIfAEwjzKwyQpW,Ii-GvoQr4lc,UgzqalZvAQ-E-701jXh4AaABAg,True,@guiltseeker,UCeAz9TgbOptuYRkqKdtfJKg,SONY all DAY !,0,2025-02-24 22:32:21+00:00,Sound Quality,14,0.8997931980097991,0.0,0.007910349321619319,0.9077035473314183,Very Positive,2
Bose QuietComfort Ultra Headphones,comparison,UgwvhrDyXjgYZPWfHxF4AaABAg,Ii-GvoQr4lc,UgwvhrDyXjgYZPWfHxF4AaABAg,False,@MyLifeInTheDesert,UCDNQlQwdG_fgE6L9dBIcTRA,Oh hell the XM5 mic test made the Decision for me  I need It for my job,0,2025-01-23 03:42:50+00:00,Sound Quality,71,0.8414234460582444,0.0,0.04548450859931109,0.8869079546575555,Very Positive,2
Bose QuietComfort Ultra Headphones,review,UgymIgA8y3BGWNCMUPh4AaABAg.9wC6mgvAIydA0Zr1bgYKA3,wjRaEc3QTIA,UgymIgA8y3BGWNCMUPh4AaABAg,True,@rajatukey2992,UCtx10xkEdpBnnIxFyaLfYgg,"bose has flat sound , sony has warm bassy type sound and apples are great sounding that atmos in apple music i ok n feels n sounds nice overall for apple devices i like apples airpod max i bought them in 2020 still works great i got mine replaced too cause had some issue with apples service centres are great and boses too as i've heard but  sonys i don't like there service centres not helpfull b&w great but i dont own anything from them the airpods cushions are fabricish material feels itchy in begining but can get used to it then it doesnt tear like leather or foam fake leather stuff plus magnets so easy to clean etc i think wait for airpods max 2 maybe it'll come at  the end of this year bose seems like cool option but sound and volume control on them i don't know bose always had flatish sound but it does have eq so hope that helps with that ,  apples awesome sound works great just a bit heavy lets see what aipods max 2 is like",0,2024-03-04 16:32:41+00:00,Sound Quality,943,0.2637410234156134,0.0,0.620303225970315,0.8840442493859284,Positive,1
Bose QuietComfort Ultra Headphones,review,UgzaW0j9ZvP1AB-oiv54AaABAg,wjRaEc3QTIA,UgzaW0j9ZvP1AB-oiv54AaABAg,False,@mikeshafer,UC17mErxjAd4oawIh0PhYMRw,"I was about to order these but they don't feature USB-C audio... such a simple feature, and I'm disappointed they don't offer that.",0,2024-12-23 19:46:53+00:00,Sound Quality,131,0.7874225888635227,0.0,0.08503625520740768,0.8724588440709303,Very Negative,-2
Bose QuietComfort Ultra Headphones,comparison,UgwoMJZo45VP0NbszKB4AaABAg,Ii-GvoQr4lc,UgwoMJZo45VP0NbszKB4AaABAg,False,@PatronHerself,UCNUf2iJXRi2KTl4SxX7iipA,Which headphones do you prefer out of the two ?,0,2025-01-19 05:04:42+00:00,Sound Quality,47,0.8344030133655171,0.0,0.029663809956072446,0.8640668233215896,Neutral,0
Bose QuietComfort Ultra Headphones,comparison,UgzN4b_FrUhPEeihowJ4AaABAg,Ii-GvoQr4lc,UgzN4b_FrUhPEeihowJ4AaABAg,False,@Kevfactor,UCENLZojn0QmiE7_E9WTMguw,Can careless about the mic on these. Just want comfort sound quality and won’t snap in 3 months like my xm5s did,0,2024-12-25 18:51:16+00:00,Sound Quality,112,0.7909146507659309,0.0,0.0725115354481771,0.863426186214108,Very Negative,-2
Bose QuietComfort Ultra Headphones,review,UgxkZMl6Hr2bnLOfWNp4AaABAg.9ze5r4ySeApACPV_7gwUn5,wjRaEc3QTIA,UgxkZMl6Hr2bnLOfWNp4AaABAg,True,@ju1ianv1002,UCUVLjDKC4lf7xPfn_fkg5VA,Is this still true for the headphones? Any update? I’m considering getting a pair but this would bug me as well…,0,2024-12-23 22:20:44+00:00,Sound Quality,112,0.787612808695705,0.0,0.0725115354481771,0.8601243441438822,Very Negative,-2
Bose QuietComfort Ultra Headphones,comparison,UgySKPfsEoczpqwq8wR4AaABAg,Ii-GvoQr4lc,UgySKPfsEoczpqwq8wR4AaABAg,False,@SSSTIERWAIFU,UCWYpO9mzj6tw1bjuUH3bKRw,9:02 now I understand why my homeboy sounds so terrible on discord 😂😂,2,2024-12-30 20:30:41+00:00,Sound Quality,69,0.7999396349281858,0.011560692973370349,0.044166117045707866,0.855666444947264,Very Negative,-2
Bose QuietComfort Ultra Headphones,unboxing,Ugw9C-4dZrAldNamUyJ4AaABAg,Jo3kgR_48qo,Ugw9C-4dZrAldNamUyJ4AaABAg,False,@mysticrhythms3348,UCp5L9RtlPY4UAwzXVy540ww,Absolutely amazing headphones - extermely comfortable and fantastic fidelity for all frequency ranges.   Volume slider takes a little getting used to.  10/10,0,2024-12-03 13:16:15+00:00,Sound Quality,157,0.7513313482137642,0.0,0.10217534540424954,0.8535066936180138,Very Positive,2
Bose QuietComfort Ultra Headphones,comparison,UgzZqFBSqo7cAGlh6GR4AaABAg,Ii-GvoQr4lc,UgzZqFBSqo7cAGlh6GR4AaABAg,False,@Biggman1056,UCkxMf-v_0q7Hxk22Lv22kBA,Anyone know which is better for gym I know they not really gym headphone but I use the xm4 for the gym for about 2 years and they work great just want a new pair of headphones.,0,2024-11-25 01:21:09+00:00,Sound Quality,176,0.7362038950533146,0.0,0.11470006516348012,0.8509039602167947,Positive,1
Bose QuietComfort Ultra Headphones,unboxing,UgyxweEwQgwtoycvnWt4AaABAg,Jo3kgR_48qo,UgyxweEwQgwtoycvnWt4AaABAg,False,@danishasanagic9274,UCES5DNcgOSlwzBc2hB-cAoA,ALL WE CARE ABOUT IS SOUND QUALITY,0,2025-01-14 18:48:42+00:00,Sound Quality,34,0.8265197397223898,0.0,0.021094264857651517,0.8476140045800413,Neutral,0
Bose QuietComfort Ultra Headphones,review,UgzdKU1dGfKFWzKs3bJ4AaABAg,wjRaEc3QTIA,UgzdKU1dGfKFWzKs3bJ4AaABAg,False,@soulmoodon,UCdoCnqB3aHWsGICt3-qwmoQ,I’m very happy with my Bose QC ultra ❤,0,2025-01-07 05:20:53+00:00,Sound Quality,38,0.8130580649796773,0.0,0.023731047964857956,0.8367891129445352,Positive,1
Bose QuietComfort Ultra Headphones,comparison,Ugw5Z-bLhtjkKt8yaZF4AaABAg,Ii-GvoQr4lc,Ugw5Z-bLhtjkKt8yaZF4AaABAg,False,@Achro717,UCMtjEAp9I_zLlcIMnkBX7kA,I just returned the Sony ones.. the most uncomfortable headphones and leaving an dent on my head after hours of using them. Left me lightheaded. I just got the boss ones. I hope they are better than the Sony.,0,2024-11-02 21:18:27+00:00,Sound Quality,208,0.6967347326431107,0.0,0.13579433002113164,0.8325290626642423,Very Negative,-2
Bose QuietComfort Ultra Headphones,review,UgxpuO9VlxDlRVKFXFN4AaABAg.9w6FMZ0V90KACEGkj96WPe,wjRaEc3QTIA,UgxpuO9VlxDlRVKFXFN4AaABAg,True,@andreswallace6706,UC4PTA_tocFjYTks_17qsBpw,Got mine yesterday and was immediately impressed with the sound quality.,0,2024-12-19 13:39:36+00:00,Sound Quality,72,0.7798468280094386,0.0,0.0461437043761127,0.8259905323855513,Positive,1
Bose QuietComfort Ultra Headphones,review,UgxzZwJosAC_V2vEx-N4AaABAg,wjRaEc3QTIA,UgxzZwJosAC_V2vEx-N4AaABAg,False,@jamiefinlay6674,UCnMQCQp4Ihpi1UdiAxtwFSA,So looking at these does the immersive sound work with apple phones,2,2024-12-11 01:26:17+00:00,Sound Quality,67,0.7646968517987696,0.011560692973370349,0.042847725492104645,0.8191052702642445,Positive,1
Bose QuietComfort Ultra Headphones,comparison,Ugwd26SK6_Lkh3vb7XZ4AaABAg,Ii-GvoQr4lc,Ugwd26SK6_Lkh3vb7XZ4AaABAg,False,@terrythomas2798,UCKGGzds_UaRx39htkQ2mKkA,Which one has the better sound?,1,2024-12-26 19:24:41+00:00,Sound Quality,31,0.7927363801846382,0.005780346486685174,0.01911667752724669,0.8176334041985701,Neutral,0
Bose QuietComfort Ultra Headphones,unboxing,UgwK6n9XP-CbEdwaCmh4AaABAg,Jo3kgR_48qo,UgwK6n9XP-CbEdwaCmh4AaABAg,False,@WilyHazzard,UCasFmlsubGCrA5ZdBk9u5jQ,"I purchased an   kislux   bag in 2022, and I can confirm that it is very high quality. The owners were very nice, too! I may purchase another bag from them the next time!",0,2024-11-07 13:49:59+00:00,Sound Quality,170,0.7050823149482177,0.0,0.11074489050267047,0.8158272054508882,Very Positive,2
Bose QuietComfort Ultra Headphones,comparison,UgxPoi8SpTBzawCivLF4AaABAg,Ii-GvoQr4lc,UgxPoi8SpTBzawCivLF4AaABAg,False,@kylosroom,UCsiHOsXBIhTuVddF7CsgAkg,"I have the Sony XM5. I wanted the Bose, they've been saying the sound quality is better. But I also use my Sony for calls, and the mic difference really mad me stick to my XM5. Thanks for this review!",1,2024-10-22 17:56:06+00:00,Sound Quality,200,0.6769000032000707,0.005780346486685174,0.13052076380671876,0.8132011134934747,Neutral,0
Bose QuietComfort Ultra Headphones,review,UgxgirAhhLsFx5KiTSN4AaABAg,wjRaEc3QTIA,UgxgirAhhLsFx5KiTSN4AaABAg,False,@jrdan5758,UC5D6qlZNWZ2_rUuJ826kqqw,These are the best headphones on the market hands down 👌🏽,0,2024-12-17 15:03:14+00:00,Sound Quality,57,0.7763894058576424,0.0,0.03625576772408855,0.8126451735817309,Very Positive,2
Bose QuietComfort Ultra Headphones,comparison,UgxP0Wkd404tUQoiigp4AaABAg,Ii-GvoQr4lc,UgxP0Wkd404tUQoiigp4AaABAg,False,@ROSEY_THEFOX,UC5xzWKmEQd5vlejETM4jBhw,The sony 1000mx5 has the impressive microphone.,0,2024-12-18 18:22:41+00:00,Sound Quality,47,0.7784164185574894,0.0,0.029663809956072446,0.8080802285135619,Very Positive,2
Bose QuietComfort Ultra Headphones,comparison,Ugwgd8YREN_eIJV8pol4AaABAg,Ii-GvoQr4lc,Ugwgd8YREN_eIJV8pol4AaABAg,False,@NeeTiXGaminG,UCVOEPT0IlqaZJYSFiFXDhlg,"Hello everyone, I’m actually thinking of buying a headset between 300-500€, but I can’t choose… do you have any recommendations ?",0,2024-11-16 02:46:34+00:00,Sound Quality,129,0.720285785978987,0.0,0.08371786365380446,0.8040036496327914,Neutral,0
Bose QuietComfort Ultra Headphones,comparison,UgwgfbY2GpcaZILQXz54AaABAg,Ii-GvoQr4lc,UgwgfbY2GpcaZILQXz54AaABAg,False,@imkdi,UC7vlKlpWnGCG2TaTXI_91cg,The mic test part is impressive.,0,2024-12-18 02:57:14+00:00,Sound Quality,32,0.7772721940290966,0.0,0.019775873304048296,0.7970480673331449,Positive,1
Bose QuietComfort Ultra Headphones,comparison,UgyO2Ml8qMVpOyxStxx4AaABAg,Ii-GvoQr4lc,UgyO2Ml8qMVpOyxStxx4AaABAg,False,@cris_moves,UCarKenlyK--DzHgCk1VyjVA,"Great video. I was about to get the Bose Ultra, but the microphone comparison makes me want to just keep my XM5s.  Thanks!",1,2024-11-02 04:15:53+00:00,Sound Quality,122,0.6954704332623589,0.005780346486685174,0.07910349321619319,0.7803542729652373,Neutral,0
Bose QuietComfort Ultra Headphones,comparison,UgwgmLT2cp1_IaJvUoZ4AaABAg,Ii-GvoQr4lc,UgwgmLT2cp1_IaJvUoZ4AaABAg,False,@mikescardiaries,UCmySs9mngdx8GLmNb62cHDg,"For anyone reading this, do yourself a favor and DO NOT BUY SONY stuff! There is just no comparison at all between the QC Ultras and the WH-XM5s. I'm on my 3rd pair of XM5s due to defects. One side is always louder than the other, or the ANC doesn't work properly. Sony customer service is also garbage. I highly recommend sticking with Bose. Please, for the love of god.",1,2024-08-01 20:26:36+00:00,Sound Quality,371,0.5310922053491953,0.005780346486685174,0.24324324163979405,0.7801157934756746,Very Negative,-2
Bose QuietComfort Ultra Headphones,comparison,UgzC_gEMwxXVojXVkjp4AaABAg,Ii-GvoQr4lc,UgzC_gEMwxXVojXVkjp4AaABAg,False,@MaxMmax-t4l,UCtm49cMHiJz7BE9r4VAOgiA,I don't care about the microphone. I love watching movies and series. Which is the best?,0,2024-11-16 19:57:51+00:00,Sound Quality,88,0.7215608626289656,0.0,0.05669083680493845,0.778251699433904,Neutral,0
Bose QuietComfort Ultra Headphones,comparison,UgztQUs3zk8qRaq1jY94AaABAg,Ii-GvoQr4lc,UgztQUs3zk8qRaq1jY94AaABAg,False,@BlackunPhinisheD,UCzcQSxboPthf0p373mVhNBA,Thanks for this review! I'm currently searching for good over ear headphones for exercise and these are my top 2 options. Do you have feedback on how they wear during a lot of movement?,0,2024-10-08 14:56:00+00:00,Sound Quality,185,0.651751544255815,0.0,0.12063282715469462,0.7723843714105096,Positive,1
Bose QuietComfort Ultra Headphones,comparison,UgxupbhjhZl9_UqiTzN4AaABAg,Ii-GvoQr4lc,UgxupbhjhZl9_UqiTzN4AaABAg,False,@JaydeepChauhan-eh7oh,UCv6sf2PQyeCHzphdzy7OByw,Bose ulta vs sony XM8 ?,0,2024-12-06 16:28:19+00:00,Sound Quality,23,0.7569100584128493,0.0,0.01384311131283381,0.7707531697256831,Neutral,0
Bose QuietComfort Ultra Headphones,unboxing,Ugx4C431DZHNFynatCF4AaABAg,Jo3kgR_48qo,Ugx4C431DZHNFynatCF4AaABAg,False,@mrleo7665,UCEy-0PUQG3yulnmQ2Z4TDVA,What about Sound quality compared to Sony WH1000XM5 or Apple AirPods Max ?,0,2024-11-15 10:59:47+00:00,Sound Quality,74,0.7191151849599439,0.0,0.04746209592971591,0.7665772808896598,Neutral,0
Bose QuietComfort Ultra Headphones,comparison,UgwCYOEDcozcRpjFNcV4AaABAg.9vbQB9j8aIrAB_CO-9ahSi,Ii-GvoQr4lc,UgwCYOEDcozcRpjFNcV4AaABAg,True,@XiaoXinLie,UCMFk9DcgXs_Em2CC6KiC7fw,Which sound is the best?,0,2024-12-03 05:33:19+00:00,Sound Quality,24,0.7507589783666513,0.0,0.014502307089635418,0.7652612854562867,Neutral,0
