product,category,id,videoId,parentId,isReply,authorName,authorId,text,likes,updatedAt,features,text_length,recency_score,norm_likes,norm_length,quality_score,sentiment,senti_score
Sony WH-1000XM5,review,UgzdKh7BFBzfb35cjzh4AaABAg,6CsJZxfZsL0,UgzdKh7BFBzfb35cjzh4AaABAg,False,@wiltonm1975,UC1S8Yc4ySRUIQXXr3I24W7A,Why didn't he mention that the  apple headphones only have 20 hours,0,2024-11-11 16:22:50+00:00,Battery Life,67,0.8481788260637408,0.0,0.07930607088840061,0.9274848969521414,Negative,-1
Sony WH-1000XM5,unboxing,UgxESRXjy-s3cTc4kaJ4AaABAg.9kARw-aqPn19olWU27Ik4S,D8wG67oko7E,UgxESRXjy-s3cTc4kaJ4AaABAg,True,@randomacc77777,UCRe7tUImZXV9zO01ilq0YpA,@@wizzybarca4599 it didn’t for me,0,2023-04-21 11:46:19+00:00,Battery Life,33,0.31685566067110615,0.0,0.037174720728937787,0.35403038140004395,Negative,-1
Sony WH-1000XM5,unboxing,Ugy1XDpGLaAaLmp-uDd4AaABAg.9bA-GNqfi1t9bHMJOax7Sw,D8wG67oko7E,Ugy1XDpGLaAaLmp-uDd4AaABAg,True,@cutefunnyanimals1457,UCRx65YIw1e_uylOnk0zGjLA,Hope not another scam again,0,2022-05-21 06:32:54+00:00,Battery Life,27,0.004489132930124261,0.0,0.02973977658315023,0.03422890951327449,Very Negative,-2
Sony WH-1000XM5,unboxing,UgwBtqG8cdTrT3FH22x4AaABAg,D8wG67oko7E,UgwBtqG8cdTrT3FH22x4AaABAg,False,@cdntrooper3078,UCgiRXVwsi3orErMfeaA6VBA,Why do people love the folding feature of headphones so much the only time I would fold my old headphones was to stick it in the case. If you’re travelling you aren’t carrying the case in your hand you have it in bag so case size doesn’t matter,43,2023-12-27 05:59:40+00:00,Comfort,244,0.5495893371155915,0.9999997674419144,0.29863692318913354,1.8482260277466396,Neutral,0
Sony WH-1000XM5,comparison,UgwVbap1ylDPIRkjawx4AaABAg,BdvOuKTi3CE,UgwVbap1ylDPIRkjawx4AaABAg,False,@mariareinar,UCKU_W44bGrR1MBN2twYiNhQ,"4:04 According to the official specifications provided by Sony, the Sony WH-1000XM5 weigh 0.55 pounds (250 grams), while the Sony WH-1000XM4 weigh 0.56 pounds (254 grams). Are you telling me that you notice that difference??",27,2024-09-04 08:16:18+00:00,Comfort,224,0.7844994128487007,0.6279068307193416,0.27385377603650835,1.6862600196045507,Neutral,0
Sony WH-1000XM5,review,Ugzfna0XDDpIgG7ZBFN4AaABAg,6CsJZxfZsL0,Ugzfna0XDDpIgG7ZBFN4AaABAg,False,@piotr_bk2104,UC1EJshm2WjJlmWMRua5fWGQ,"Ludzie unikajcie jak ognia słuchawek WH-1000XM5. Na 4 posiadane pary 3 uległy awarii mechanicznej pałąka (x2) i nausznika (1). Oczywiście Sony odmawia napraw, mimo że YouTube pełen jest filmików opisujących ten problem. Absolutne kuriozum- zdecydowaliśmy się na odpłatną(!!!) wymianę nausznika na nowy, który po 4 miesiącach wykazuje dokładnie ten sam problem- zaczyna obłazić z niego farba, a Sony (a właściwie serwis Sontronic ) nie uznaje gwarancji na sprzedany i zamocowany przez siebie za grubą kasę element!!! GORĄCO ODRADZAM TEN MODEL!!!!",0,2024-11-26 11:23:26+00:00,Comfort,545,0.8619625623989464,0.0,0.6716232878361427,1.533585850235089,Very Negative,-2
Sony WH-1000XM5,review,Ugxtgqx_Cv3llJGzHdp4AaABAg,6CsJZxfZsL0,Ugxtgqx_Cv3llJGzHdp4AaABAg,False,@ChrisBicourt,UCHKCuU7jjOzeagWWRyoGVxg,"I've just bought these and I have to point something out: I was annoyed when MKB showed how the earcups only rotate one way and how that means you can't rest them ""cup down"" around your neck. But now I've got them I have discovered this isn't quite true - there's about a 45 degree rotation in the opposite direction that Marques didn't mention. When you wear them around your neck you can rotate about 45 degrees ""cup down"", and not only is it more comfortable than I expected, it also ticks my totally superficial and vain ""looks cool"" box.",0,2024-11-22 11:13:17+00:00,Comfort,542,0.8582286663483851,0.0,0.6679058157632489,1.526134482111634,Negative,-1
Sony WH-1000XM5,unboxing,Ugyevudc3Vk9094DH7F4AaABAg,D8wG67oko7E,Ugyevudc3Vk9094DH7F4AaABAg,False,@MyLearningai,UCWRhn1hSPNuWTHw6MqGEUZQ,"Help me out., please. 

I bought a brand new WH-1000XM5 (black) and I downloaded the APPs Sony recommends getting. The Official Sony Headphones Connect App keeps crashing each time I got Bluetooth on, and Headphones being connected. When I turn off the Bluetooth on my iPhone (disconnect) the app does not crash.  I got iPhone XS MAX (iOS 17.1.2) 

I googled it and it seems there are dozens of other people with the same problem. And this may happen with XM4 models as well. This is not iPhone issue for 100% but App problem. 

It is worth mentioning that without this APP I cannot use the headphones with comfort. I can neither update the firmware nor change any settings.",0,2023-12-29 15:13:53+00:00,Comfort,680,0.5518116377574187,0.0,0.8389095311163627,1.3907211688737813,Neutral,0
Sony WH-1000XM5,comparison,UgwVbap1ylDPIRkjawx4AaABAg.A7xkV2tAmX6AHGEsKlTLGy,BdvOuKTi3CE,UgwVbap1ylDPIRkjawx4AaABAg,True,@powerfulstorm611,UCaDfas6aH38yyTpGHsYju1g,From what im guessing the xm5’s are more well rounded in weight as compared to the xm4’s though i dont have the xm5’s i have the xm4’s and the middle part of the headset feels very light as in comparison to the speaker so im guessing those are the difference,0,2025-04-23 14:38:37+00:00,Comfort,258,0.9999999999998922,0.0,0.3159851261959712,1.3159851261958635,Positive,1
Sony WH-1000XM5,review,Ugw1OKAluRWYcJafLGF4AaABAg.AEstgpzlD59AFDFJjPlHP9,6CsJZxfZsL0,Ugw1OKAluRWYcJafLGF4AaABAg,True,@jammal63,UCo1d4xo-EJ9O5JKOl-nsdeA,"I want to buy these for only gaming audio and watching movies, being a glasses user I heard these for comfort are 10/10 ..I wanted to ask have you tried using it for Tv or gaming audio , is so what’s your take",1,2025-03-03 17:41:59+00:00,Comfort,209,0.952595226487808,0.0232558085451608,0.25526641567203945,1.2311174507050082,Very Positive,2
Sony WH-1000XM5,comparison,UgypwgSEDtOHZHZvOlp4AaABAg,BdvOuKTi3CE,UgypwgSEDtOHZHZvOlp4AaABAg,False,@user-dl8hu2st8b,UC_x4XKyKps548fOmdZhNtmQ,"Airplane adapter might still be an issue. I don’t regard Lufthansa as safety concerning air-carrier, but if you fly Lufthansa’s Airbus A380 or B747-800 between New York and Germany in economy class in 2024, you still need to have this adapter or use a crappy gear provided by fly attendant.",0,2024-12-02 16:01:55+00:00,Comfort,290,0.8677337624016033,0.0,0.3556381616401715,1.2233719240417749,Neutral,0
Sony WH-1000XM5,review,UgyADCDXKqLmgGLKzXB4AaABAg,6CsJZxfZsL0,UgyADCDXKqLmgGLKzXB4AaABAg,False,@PaulReitman-x5j,UCP6OpmxP4ouro1laqv0lgMw,"Just got Mx5 in a nice blue color... awesome on sale, and i had the Bose 700s (lost them) and I like these SO much better. I do not like the way they fold, but hey, u can't get everything... the Bose did not fold any better ha!.",1,2025-01-05 11:27:29+00:00,Comfort,228,0.8992384624693669,0.0232558085451608,0.2788104054670334,1.2013046764815611,Very Positive,2
Sony WH-1000XM5,review,UgzHEivsKsc2mdiL0e54AaABAg,6CsJZxfZsL0,UgzHEivsKsc2mdiL0e54AaABAg,False,@jamesr141,UCth1NXxNddMbICVD4y6k1Xw,Something not mentioned in this review was that Sony makes you sign up to their app to use the headphones. Literally you have to make an account. For headphones.,0,2025-04-14 12:35:56+00:00,Comfort,161,0.9915341230939058,0.0,0.195786862505739,1.1873209855996447,Neutral,0
Sony WH-1000XM5,review,Ugwr4aZumhUIM5Yf5RZ4AaABAg,6CsJZxfZsL0,Ugwr4aZumhUIM5Yf5RZ4AaABAg,False,@Husaio,UCs0jSXNQaSV3DbolVhkQUQg,"I just discovered your channel. Your detailed and non-robotic reviews are very good. I felt like one of my closest friends shows me their new purchase. Thanks, Marques😊",0,2025-03-24 13:42:37+00:00,Comfort,168,0.9720088026197408,0.0,0.20446096400915784,1.1764697666288986,Very Positive,2
Sony WH-1000XM5,comparison,UgwFZT7jeI1RD34ROQR4AaABAg,BdvOuKTi3CE,UgwFZT7jeI1RD34ROQR4AaABAg,False,@melvynplantmusic,UC7xgFNP00ZTrsQkxsV4kGZg,"I bought the 5, touch censor is rubbish it keeps turning on and off all the time. Speak to chat keeps telling me off then on then off etc all the time. Now they won’t charge even after reset etc..All after 6 month..returning to Sony asap",0,2024-12-11 08:35:19+00:00,Comfort,237,0.8758312529068923,0.0,0.28996282168571474,1.1657940745926072,Very Negative,-2
Sony WH-1000XM5,review,Ugwa_qyz4AUsHhw4wL14AaABAg,6CsJZxfZsL0,Ugwa_qyz4AUsHhw4wL14AaABAg,False,@oldschoolfunkster1,UCGh11j-MmuIIbNGeBDmbjKQ,"Thank you for the EXCELLENT review of these cans. I didnt know they came in off-white, which look amazing! Gotta get me one😁.
Thank you!",0,2025-04-12 23:48:37+00:00,Comfort,136,0.9901057562431298,0.0,0.16480792856495752,1.1549136848080872,Very Positive,2
Sony WH-1000XM5,comparison,Ugz6_tEhcZ6eA6fdk154AaABAg,BdvOuKTi3CE,Ugz6_tEhcZ6eA6fdk154AaABAg,False,@triceratobs3732,UCuFm7Z4abH4q_El93bdpDQg,"At the very least, Sony could have been smart enough to leave the empty space inside the back. Then it would even serve as an additional place to store small stuff like cabels or chargers and thus not take away any space at all!",1,2024-11-14 22:52:04+00:00,Comfort,228,0.8512261970583432,0.0232558085451608,0.2788104054670334,1.1532924110705374,Negative,-1
Sony WH-1000XM5,review,UgxqRndp3h6GyoAjVbl4AaABAg,6CsJZxfZsL0,UgxqRndp3h6GyoAjVbl4AaABAg,False,@clueless6763,UCtK9SkM3DZi1dlw6HzZProw,dont mind that they dont fold. but the fact i cant turn the ear cups inwards is genuinely a deal breaker for me. hope they fix it in the xm6's (and that i can afford them),0,2025-02-12 09:47:21+00:00,Comfort,171,0.9345832809626214,0.0,0.2081784360820516,1.142761717044673,Positive,1
Sony WH-1000XM5,comparison,UgzvoyaQJdJsSFTzbTJ4AaABAg,BdvOuKTi3CE,UgzvoyaQJdJsSFTzbTJ4AaABAg,False,@UnIimited_Power,UCSpAZ0pY2Z-H0YmVJ2A5eEg,"Upgrade / update... what's the difference? Shouldn't that always be the case, that an update is an upgrade? Because otherwise what's the point in buying the newer ones?",0,2025-02-14 16:23:21+00:00,Comfort,168,0.9367031987224091,0.0,0.20446096400915784,1.141164162731567,Neutral,0
Sony WH-1000XM5,comparison,UgyGxAwy53zLraxx8VJ4AaABAg,BdvOuKTi3CE,UgyGxAwy53zLraxx8VJ4AaABAg,False,@melly1322,UCY_ohKBRx8HaBnNSTkxdp4w,"I have had two XM4s break on me. Both in the arm, where it twists. 
For that reason alone, I will be purchasing the XM5s",0,2025-04-13 10:15:47+00:00,Comfort,120,0.9905115992696907,0.0,0.14498141084285737,1.135493010112548,Neutral,0
Sony WH-1000XM5,comparison,Ugx6A5_pb_hvh3npOrh4AaABAg.ADtLOpumTv1AHEGiW87dvz,BdvOuKTi3CE,Ugx6A5_pb_hvh3npOrh4AaABAg,True,@BlaulichtspotterNRW,UCG8BXma_jSvSYE1l2ya3Rog,"Sony WH-1000XM5 weigh 0.55 pounds (250 grams), while the Sony WH-1000XM4 weigh 0.56 pounds (254 grams)",0,2025-04-22 20:16:16+00:00,Comfort,102,0.9992866632042566,0.0,0.1226765784054947,1.1219632416097514,Neutral,0
Sony WH-1000XM5,comparison,UgwmgJ6HGgDJzjTpJzt4AaABAg,BdvOuKTi3CE,UgwmgJ6HGgDJzjTpJzt4AaABAg,False,@joserafa03,UC8HAp5CqatSXb8hVqQJP9rQ,I do not understand why you people making videos always ask from us to like and subscribe to your channel at the very beginning of the video.....?  It does mot make any sense because there is no way anybody will like or subscribe to your channel without knowing or watching what are you going to say and do !,1,2024-06-17 23:03:01+00:00,Comfort,308,0.711458485515404,0.0232558085451608,0.3779429940775342,1.112657288138099,Neutral,0
Sony WH-1000XM5,review,Ugzpda-XP0qfLJC-Vu94AaABAg,6CsJZxfZsL0,Ugzpda-XP0qfLJC-Vu94AaABAg,False,@Skyhighrocketeer,UC2G6ZBSWmYviBSkG7GG8YAQ,"This was 2 years ago. Where in the world and cave am i 🤦🏻‍♂️. I love your review. You are very transparent and honest about it. ❤

Edited. I guess they addressed most of your cons in the new Sony ULT! 😱",1,2024-10-31 21:37:11+00:00,Comfort,202,0.8381320918857044,0.0232558085451608,0.24659231416862065,1.1079802145994857,Very Positive,2
Sony WH-1000XM5,review,UgxYWvFeEz1F7Q_2lfx4AaABAg,6CsJZxfZsL0,UgxYWvFeEz1F7Q_2lfx4AaABAg,False,@dukeboyztv,UCIHRDiEiEiVf41UbgAIh3KA,The folding thing is lame bro.. they still go into a case either way…. But besides that good review! Im stoked on mine. Xoxo,0,2025-03-07 05:06:47+00:00,Comfort,124,0.9558338603108195,0.0,0.1499380402733824,1.105771900584202,Neutral,0
Sony WH-1000XM5,unboxing,Ugw-7sZGykZFOhalqqJ4AaABAg,D8wG67oko7E,Ugw-7sZGykZFOhalqqJ4AaABAg,False,@JohnBoyJoy,UCRZUFkbBoHkiOhcOKiutHCQ,So how was this an unboxing..   didn't even go over all the things it came with...is the 3.5mm cable gold plated?,0,2025-03-13 17:22:14+00:00,Comfort,113,0.9619007659765708,0.0,0.13630730933943855,1.0982080753160093,Neutral,0
Sony WH-1000XM5,review,UgzHuvGK7JNREO0mp2Z4AaABAg,6CsJZxfZsL0,UgzHuvGK7JNREO0mp2Z4AaABAg,False,@MesecNeboZvezdice,UCJ8cRy9b7EJpDRwlX9Bzhdw,For those who already have them—black or silver? What turned out better in real use?,0,2025-04-15 21:49:50+00:00,Comfort,84,0.9928243868366532,0.0,0.10037174596813202,1.0931961328047852,Very Negative,-2
Sony WH-1000XM5,review,UgyWx-f_iTrfLO2xawx4AaABAg,6CsJZxfZsL0,UgyWx-f_iTrfLO2xawx4AaABAg,False,@manuelcardenas77,UCYmyvc_us7uGn7yoJAgdHWA,"This video makes me want the 4's instead. Theres some good deals on Ebay . Great information, Thanks for sharing",0,2025-03-03 02:52:04+00:00,Comfort,112,0.9520193564797502,0.0,0.1350681519818073,1.0870875084615574,Positive,1
Sony WH-1000XM5,review,UgwunlSvTk1W1U3E-P14AaABAg,6CsJZxfZsL0,UgwunlSvTk1W1U3E-P14AaABAg,False,@R.Dasher,UCCGGevYowv4SZnpkz2tKiTQ,The lamest nit picky reasons to not upgrade. Pretty disappointed MKBHD.,0,2025-04-13 20:51:34+00:00,Comfort,71,0.9909230181890162,0.0,0.08426270031892565,1.0751857185079419,Very Negative,-2
Sony WH-1000XM5,comparison,UgxUgrIYQ5y82c8XDgl4AaABAg,BdvOuKTi3CE,UgxUgrIYQ5y82c8XDgl4AaABAg,False,@beeagey,UCgsz_A8pmvF1Nk6jt0yvXgQ,"I had a hard time last week deciding between the two, esp coz the XM5 comes in midnight blue. After reading many review sites and watching several YouTube tech videos... I finally went with the XM4.  Didn't get them in my fav color, but the matt black is just fine. They XM4 is SUPER GOOD!!!",0,2024-06-19 15:05:05+00:00,Comfort,291,0.7130128761707338,0.0,0.35687731899780273,1.0698901951685365,Very Positive,2
Sony WH-1000XM5,comparison,Ugzv84rndrmOaGI5oV54AaABAg,BdvOuKTi3CE,Ugzv84rndrmOaGI5oV54AaABAg,False,@dumpwoodhere,UCiT839m-jhSv93Q1rxcqI4Q,Looks wise i just upgraded from the xm3 to the xm4 because i love the design over the xm5 and there was only £30 difference between the two in the sales.,0,2024-12-04 12:50:25+00:00,Comfort,153,0.8694735056547135,0.0,0.18587360364468894,1.0553471092994025,Neutral,0
Sony WH-1000XM5,review,UgxPsBbbVXF5ybLbIGF4AaABAg,6CsJZxfZsL0,UgxPsBbbVXF5ybLbIGF4AaABAg,False,@TheOnlyName,UCC3DmzNf7FEtYc3SLjnJvyw,I bought these today for like $250 from Adorama - Thanks to IGN's article for informing me about this deal!,0,2025-01-26 02:22:54+00:00,Comfort,107,0.918454531204398,0.0,0.128872365193651,1.047326896398049,Very Positive,2
Sony WH-1000XM5,review,UgxoH5ZEOek_iz5EHLZ4AaABAg,6CsJZxfZsL0,UgxoH5ZEOek_iz5EHLZ4AaABAg,False,@m0rk18,UCAH1_KgIy0-j5HBki7bNSmA,I just want apple active pass through without having to support apple,0,2025-03-10 06:32:45+00:00,Comfort,69,0.9586849857643296,0.0,0.08178438560366313,1.0404693713679927,Negative,-1
Sony WH-1000XM5,review,Ugy8gAgjEb9QLhI-UDZ4AaABAg,6CsJZxfZsL0,Ugy8gAgjEb9QLhI-UDZ4AaABAg,False,@23codez,UCDVY0v3uA5OY8nzQK5N4SmQ,Confused. Get these or the iPhone ones lol,0,2025-03-26 23:56:44+00:00,Comfort,42,0.9742698648836104,0.0,0.04832713694761912,1.0225970018312296,Negative,-1
Sony WH-1000XM5,review,Ugy5NT5f59LVy1rRhKd4AaABAg,6CsJZxfZsL0,Ugy5NT5f59LVy1rRhKd4AaABAg,False,@kaeyluv,UC6iNPayRIirlN_etkhocowQ,"call me crazy, but i think the most important factor was actually the fact that you cant fold the xm5 flat  on your shoulders!",0,2024-12-02 11:12:36+00:00,Comfort,126,0.8675465439828398,0.0,0.15241635498864492,1.0199628989714848,Positive,1
Sony WH-1000XM5,review,UgwC-oIBEUe1BKAlKTh4AaABAg,6CsJZxfZsL0,UgwC-oIBEUe1BKAlKTh4AaABAg,False,@sachinkumar-zi9qi,UC09WiAcRtP2Ixh0oIRVC1DQ,Watching this on xm5,0,2025-04-09 13:14:25+00:00,Comfort,20,0.9868998659606084,0.0,0.02106567507973141,1.0079655410403399,Very Positive,2
Sony WH-1000XM5,review,Ugyvyic-sVwR36I8hVt4AaABAg,6CsJZxfZsL0,Ugyvyic-sVwR36I8hVt4AaABAg,False,@crassavacca2985,UCgH3MMN2KSF4Oq1ruVBNVVg,Found them on FB marketplace for 200 should I cop?,0,2025-02-27 02:08:28+00:00,Comfort,50,0.9482638147487661,0.0,0.0582403958086692,1.0065042105574353,Neutral,0
Sony WH-1000XM5,review,Ugy4vqSUOuEe3QQchyZ4AaABAg,6CsJZxfZsL0,Ugy4vqSUOuEe3QQchyZ4AaABAg,False,@muhammedeminural3333,UCOvi8efgIskwmTbg9PSw1EQ,"Video ended, clicked buy, thank you for amazing quality videos sir. Will leave a review when I get it.",0,2024-12-19 10:54:26+00:00,Comfort,102,0.8833759319316492,0.0,0.1226765784054947,1.0060525103371438,Neutral,0
Sony WH-1000XM5,review,UgxBaFG5Yjec1DZsgmZ4AaABAg,6CsJZxfZsL0,UgxBaFG5Yjec1DZsgmZ4AaABAg,False,@chanwei21,UCsWcqlUp6P1ipiNPkkQYV9w,what is the earcup size can fit to ear?,0,2025-03-11 12:20:46+00:00,Comfort,39,0.959842021260808,0.0,0.04460966487472534,1.0044516861355333,Neutral,0
Sony WH-1000XM5,review,Ugy8VKuhtj0EyYwPgMZ4AaABAg,6CsJZxfZsL0,Ugy8VKuhtj0EyYwPgMZ4AaABAg,False,@sanethbandara2710,UCF8CcVYpWlQ4QjmpBJlB4cw,good to buy in 2024?,6,2024-11-04 08:43:44+00:00,Comfort,20,0.8413589160325509,0.13953485127096482,0.02106567507973141,1.0019594423832472,Positive,1
Sony WH-1000XM5,review,Ugwdm4oVCE5DQ3AB3yJ4AaABAg,6CsJZxfZsL0,Ugwdm4oVCE5DQ3AB3yJ4AaABAg,False,@AKM0808-p3q,UCpoNfc799yBDz7GYDmEDNkQ,your just a fans of the airpod max..,0,2025-03-11 22:18:30+00:00,Comfort,36,0.9602288178142117,0.0,0.04089219280183157,1.0011210106160433,Positive,1
Sony WH-1000XM5,review,Ugw9gp0WZMzdBNXbCAl4AaABAg,6CsJZxfZsL0,Ugw9gp0WZMzdBNXbCAl4AaABAg,False,@idk18-,UCUKItbbivT3EXX6E2dTUPXw,As a iPhone user would you recommend getting beats studio pros or the Sony mk5?,0,2025-01-11 05:42:54+00:00,Comfort,79,0.9046064725781903,0.0,0.09417595917997573,0.998782431758166,Positive,1
Sony WH-1000XM5,comparison,Ugy2ycysIiZqBQnyPw54AaABAg,BdvOuKTi3CE,Ugy2ycysIiZqBQnyPw54AaABAg,False,@SourStrawberrys,UC1K5tu5jFAvq-v5IStTCOBg,There was literally no learning curve to fold up those headphones. It takes 2 seconds. You're reaching.,1,2024-11-15 03:01:26+00:00,Comfort,103,0.8513875636106527,0.0232558085451608,0.12391573576312595,0.9985591079189394,Very Negative,-2
Sony WH-1000XM5,comparison,Ugx6g36LytWT7PA6cpV4AaABAg,BdvOuKTi3CE,Ugx6g36LytWT7PA6cpV4AaABAg,False,@sohmiJesuswithme,UCcG_GrPZywKScMgio0dYaiQ,"Jesus love you all so much, he can save us all❤️✝️",1,2025-01-24 04:47:41+00:00,Comfort,50,0.9166845573373241,0.0232558085451608,0.0582403958086692,0.9981807616911541,Very Positive,2
Sony WH-1000XM5,review,UgywyeTD5k2KyS5SgmB4AaABAg,6CsJZxfZsL0,UgywyeTD5k2KyS5SgmB4AaABAg,False,@EliGoldberg-b5i,UCyL2kKeJGEQFKW-rIIABhMA,"Not folding is a BIG improvement !
So for me it's actually 3 steps forward :)
Folding makes them less sturdy and shaky IMO",0,2024-11-14 07:24:12+00:00,Comfort,122,0.8506257693949179,0.0,0.1474597255581199,0.9980854949530378,Negative,-1
Sony WH-1000XM5,review,Ugw4VJ7e2Smp6mYZWNJ4AaABAg,6CsJZxfZsL0,Ugw4VJ7e2Smp6mYZWNJ4AaABAg,False,@mkennedy150,UCKT8FGI98tgG4Eq-Pu-Wu-g,The folding shouldn't be much of an issue because it's only a couple inches difference and it shouldn't be an issue of space in most bags.,0,2024-10-13 18:40:20+00:00,Comfort,138,0.8212446755885386,0.0,0.16728624328022004,0.9885309188687587,Neutral,0
Sony WH-1000XM5,comparison,UgwH-O0FivVhGRjXeuB4AaABAg,BdvOuKTi3CE,UgwH-O0FivVhGRjXeuB4AaABAg,False,@MrRclemens,UCCsRDrypQWl_1Hdg2Ykmxdw,"""The learning curve to get the xm4 packed up"" -- At this point you're just making shit up",0,2024-12-14 15:12:58+00:00,Comfort,89,0.8788840703731507,0.0,0.10656753275628832,0.985451603129439,Positive,1
Sony WH-1000XM5,unboxing,UgzTDZkH2ZmhnS_balx4AaABAg.9v-QaP9Pi4yACgFpKwZgwS,D8wG67oko7E,UgzTDZkH2ZmhnS_balx4AaABAg,True,@ThoughtOuter,UCLrTfSh7eZek-_dn15egeAQ,I literally just said this as im watching to myself lol,1,2024-12-30 19:49:28+00:00,Comfort,55,0.893972306773056,0.0232558085451608,0.0644361825968255,0.9816642979150423,Very Negative,-2
Sony WH-1000XM5,review,Ugy-Pzgur9DcQhnr_Pt4AaABAg,6CsJZxfZsL0,Ugy-Pzgur9DcQhnr_Pt4AaABAg,False,@RishabhBishnoi-j3d,UCOPiSshAz6zB-yYZllW6_gg,They are certainly more comfortable than Airpod Max.,0,2025-01-22 10:50:44+00:00,Comfort,52,0.9150558250401637,0.0,0.06071871052393172,0.9757745355640954,Positive,1
Sony WH-1000XM5,review,Ugy86nMhHGEeYJqzAl54AaABAg,6CsJZxfZsL0,Ugy86nMhHGEeYJqzAl54AaABAg,False,@EthannNewborn,UCjDIHdxPPP5puWbo34NUL-Q,2 steps ahead,0,2025-03-04 16:07:47+00:00,Comfort,13,0.9534661011279553,0.0,0.012391573576312596,0.9658576747042679,Negative,-1
Sony WH-1000XM5,review,Ugxl6s2fs2quZwxdHp54AaABAg,6CsJZxfZsL0,Ugxl6s2fs2quZwxdHp54AaABAg,False,@MBMJAMIE8055,UCSUQ-_qfM9RRUYr0vhYG3KA,Just got mine new for about 200 dollars...can't wait.,0,2025-01-10 00:17:00+00:00,Comfort,53,0.9034637488993108,0.0,0.061957867881562975,0.9654216167808738,Very Negative,-2
Sony WH-1000XM5,review,UgxHtMpebnS_mpWwPV14AaABAg,6CsJZxfZsL0,UgxHtMpebnS_mpWwPV14AaABAg,False,@Phoenix_F2,UC6xGiByMhtzYc_uWFZQqh-A,my guy did't even mention anything about the latency...,0,2025-01-01 23:51:29+00:00,Comfort,55,0.8959925810642708,0.0,0.0644361825968255,0.9604287636610963,Very Negative,-2
Sony WH-1000XM5,comparison,Ugxwq4c_L5AoKubcmmF4AaABAg,BdvOuKTi3CE,Ugxwq4c_L5AoKubcmmF4AaABAg,False,@halilvahab,UC6d8JkoZ3FYiwTXR9wRdp3g,Same thing over and over next time make it short video and come to the point please,0,2024-11-24 16:56:28+00:00,Comfort,83,0.8603144061503952,0.0,0.09913258861050077,0.959446994760896,Neutral,0
Sony WH-1000XM5,review,UgzRWDSGQmbK3xL9Vk14AaABAg,6CsJZxfZsL0,UgzRWDSGQmbK3xL9Vk14AaABAg,False,@HL-uw7fk,UCufmUvc9mkO41dhVkEBKe2w,"just got these for xmas, top top top!!!",1,2024-12-22 10:05:45+00:00,Comfort,39,0.8861399246237566,0.0232558085451608,0.04460966487472534,0.9540053980436427,Very Positive,2
Sony WH-1000XM5,review,Ugy28kr2k-U1v6XAlo94AaABAg,6CsJZxfZsL0,Ugy28kr2k-U1v6XAlo94AaABAg,False,@abdulkadir1990,UCkiKAh84QYAfg4yjKBh6Srg,just got myself on of these after using my HD25 for 15 years. i mean i think its ok to upgrade after such a long time but i really hope i dont have to upgrade until at least MX10 comes out. by the way two years in and you can find them for about 180$ used but almost unused. so thats a pretty good deal.,1,2025-02-17 23:52:43+00:00,Durability,303,0.9397894823303474,0.0232558085451608,0.3717472072893779,1.334792498164886,Positive,1
Sony WH-1000XM5,comparison,Ugzyy2IlemU3aimzV8Z4AaABAg,BdvOuKTi3CE,Ugzyy2IlemU3aimzV8Z4AaABAg,False,@Kenzo9063,UCilk8Uk_hC9hT8-LAqIC8uA,The flight adapter doesn’t matter since most of us will already have one and it’s cheap to buy. Plus they are trying to show that using Bluetooth is the way ahead. Even in airplanes you can use Bluetooth transmitters with the infotainment system. The included cable doesn’t bother me that much since we all have better and longer USB-C cables as well.,0,2025-01-03 01:53:04+00:00,Durability,351,0.8970030902955656,0.0,0.4312267604556783,1.328229850751244,Negative,-1
Sony WH-1000XM5,comparison,Ugx3H5yLG2Die8wOH6l4AaABAg,BdvOuKTi3CE,Ugx3H5yLG2Die8wOH6l4AaABAg,False,@jimpanse1638,UCML35LKQQ_XwDdjrVXhvfqQ,"I still have the xm3 and they are the longest lasting headphones i ever had, i replaced the foam once and might need to do that again but other than that you dont have to baby them to keep them from breaking. Pretty solid product and thats rare nowadays with this insane planned obsolescence manufacturers now build in..",0,2024-12-24 01:08:33+00:00,Durability,320,0.8876559634905546,0.0,0.3928128823691093,1.280468845859664,Very Positive,2
Sony WH-1000XM5,review,UgxnGsrQvbUXwzy9a2p4AaABAg,6CsJZxfZsL0,UgxnGsrQvbUXwzy9a2p4AaABAg,False,@-AtomsPhere-,UCfWwywq7ZLhvfmSO6jAaLVg,"My XM4’s just completely died after less than a year. So disappointed because I absolutely loved them. I did every troubleshoot I could find and nothing worked. Just completely dead. Now i really miss them, but I can’t decide if I want to give Sony another 300+ dollars for a product that lasted last than a year. Im so disappointed and conflicted.",0,2024-10-22 04:53:22+00:00,Durability,348,0.8290960287153485,0.0,0.42750928838278457,1.256605317098133,Very Negative,-2
Sony WH-1000XM5,review,UgwpKHJ8JivW0xVgmPh4AaABAg,6CsJZxfZsL0,UgwpKHJ8JivW0xVgmPh4AaABAg,False,@Essyinfo,UCPqoalet4uXJQ1k2cQRLP3g,Having had two pairs of 1000 xm4 which lasted 2 years each and failed due to cheap plastic shit folding capability which failed on both i welcome the new design. I dont need to pay £250 every two years for headphones. Hopefully theyve improved the design flaw of the xm4. I'll see how my new xm5s get on.,1,2024-11-22 18:23:16+00:00,Durability,304,0.8585069109469035,0.0232558085451608,0.3729863646470091,1.2547490841390734,Negative,-1
Sony WH-1000XM5,review,UgyfP6AbR9nfnD9HPHV4AaABAg.ABIhqV2CrwAABJ88YxVgwf,6CsJZxfZsL0,UgyfP6AbR9nfnD9HPHV4AaABAg,True,@bhosekar1982,UC-rQC8v_0PHjAH4Xw7bI9tA,"The irony is that they work flawlessly on Android 15 as well as iPadOS18. So, I guess windows is to blame, especially the 22H2 update which seems to have started the issue. Even my office IT Admin could not resolve the issue. I wish MKBHD could review and highlight this issue.",0,2024-11-26 14:29:10+00:00,Durability,277,0.8620827514685184,0.0,0.33952911599096514,1.2016118674594836,Neutral,0
Sony WH-1000XM5,unboxing,UgycVG0Ld3QxgVxwZFx4AaABAg,D8wG67oko7E,UgycVG0Ld3QxgVxwZFx4AaABAg,False,@quincee3376,UCf_1cgOkLshNymRIUL6s0Pg,Mine keep automatically turning off.  How do I fix that?  Please .... It just turns off while I'm listening to music. It makes a noise then stops playing.,0,2025-04-06 17:40:22+00:00,Durability,154,0.9842764677328711,0.0,0.1871127610023202,1.1713892287351912,Very Negative,-2
Sony WH-1000XM5,review,UgxyKMlT7sH991d7h8Z4AaABAg,6CsJZxfZsL0,UgxyKMlT7sH991d7h8Z4AaABAg,False,@muhammedroshan8958,UCDsH1GHRiQziUqhBN2UXynA,I wanted know is it a good pair to go with iphones as of now in 2024 because i'm planning to buy these now or should i wait? or should i go for the beats studio pro?,2,2024-12-25 08:34:08+00:00,Durability,165,0.8888761349178724,0.0465116170903216,0.20074349193626403,1.1361312439444582,Neutral,0
Sony WH-1000XM5,review,UgyOcpxioBMdA27lRV94AaABAg,6CsJZxfZsL0,UgyOcpxioBMdA27lRV94AaABAg,False,@Wrigglevision,UC1T5EPCoqRYCucq961Md1YA,"I was ready to dive into the XM5, but the subreddit for them is loaded with posts about them breaking.",1,2025-04-03 20:50:12+00:00,Durability,102,0.9816038139881978,0.0232558085451608,0.1226765784054947,1.1275362009388534,Neutral,0
Sony WH-1000XM5,review,Ugzh1F0CQlGNcsdpSe94AaABAg,6CsJZxfZsL0,Ugzh1F0CQlGNcsdpSe94AaABAg,False,@ozberkakbas6157,UCAWE5VqRt_1xvl7pAQJI5Rw,Sony is still the king on this era really. Using all of the apple products once I met with the mark4 I immediately underestood that the airpods max are just overpriced statusqouo devices.,0,2024-12-16 00:20:20+00:00,Durability,187,0.8801701063596821,0.0,0.22800495380415176,1.1081750601638338,Negative,-1
Sony WH-1000XM5,comparison,UgyNt7rhi4jCyAMr8LB4AaABAg,BdvOuKTi3CE,UgyNt7rhi4jCyAMr8LB4AaABAg,False,@metalsound90,UCvXWMLtJvO5Wqe42kMCZINg,"I read that many users have a lot of problems, breakages and crackling noises with the xm5.
Are the xm4 more resistant?

I wanted to buy the latest model but now I don't know what to do anymore…",0,2024-11-27 17:38:35+00:00,Durability,194,0.8631371560258325,0.0,0.23667905530757058,1.0998162113334031,Negative,-1
Sony WH-1000XM5,comparison,Ugy1TyHfCzo-vRzV7wx4AaABAg.AB9_wLxxJ4NABM2aH5d7Hk,BdvOuKTi3CE,Ugy1TyHfCzo-vRzV7wx4AaABAg,True,@metalsound90,UCvXWMLtJvO5Wqe42kMCZINg,"I read that many users have a lot of problems, breakages and crackling noises with the xm5.
Are the xm4 more resistant?

I wanted to buy the latest model but now I don't know what to do anymore",0,2024-11-27 17:38:23+00:00,Durability,193,0.8631370266047238,0.0,0.2354398979499393,1.098576924554663,Negative,-1
Sony WH-1000XM5,comparison,UgzwJ2YXtQOLFbbvfIJ4AaABAg,BdvOuKTi3CE,UgzwJ2YXtQOLFbbvfIJ4AaABAg,False,@smallpp688,UCbwEjY3ibjGUKLtBfCQF0bg,There’s an entire Reddit for the hinge on the xm5 that breaks. So fucked yo for how much they are,0,2025-02-18 20:59:19+00:00,Durability,97,0.9406091062114669,0.0,0.1164807916173384,1.0570898978288052,Very Negative,-2
Sony WH-1000XM5,comparison,Ugz4O1p4IlaWBmZMIOh4AaABAg,BdvOuKTi3CE,Ugz4O1p4IlaWBmZMIOh4AaABAg,False,@sdkingz84,UCk5muuIDb8hbJTIfyCgk21w,My WH are constantly disconnecting after a short amount of time. I checked update but the last one was about a month ago I think,0,2025-01-08 04:49:48+00:00,Durability,128,0.9017766153268694,0.0,0.15489466970390744,1.056671285030777,Negative,-1
Sony WH-1000XM5,review,Ugx6eC08_pHi3u09eVJ4AaABAg,6CsJZxfZsL0,Ugx6eC08_pHi3u09eVJ4AaABAg,False,@bman8532,UCNH4IeWtZGz7Y2kcV1edhPQ,So don’t get these if I’m a Apple cell phone user?,0,2025-04-13 19:05:56+00:00,Durability,50,0.990854662273461,0.0,0.0582403958086692,1.04909505808213,Very Negative,-2
Sony WH-1000XM5,review,Ugx6BOT9Cp6aorPwyth4AaABAg,6CsJZxfZsL0,Ugx6BOT9Cp6aorPwyth4AaABAg,False,@capofodedor7399,UCkNXBEthIwd8IBtXSblZ_nA,They’re too bulky,1,2025-04-17 00:52:13+00:00,Durability,17,0.9938742400849795,0.0232558085451608,0.017348203006837634,1.034478251636978,Negative,-1
Sony WH-1000XM5,comparison,UgxdCbEdQqT6PTUjghl4AaABAg,BdvOuKTi3CE,UgxdCbEdQqT6PTUjghl4AaABAg,False,@Masaru-g9m,UCLOoMdodPVvu-ACbdRA3pqw,"Hey, guys. I'm thinking about Sony headphones and can'tpick between 3-5 generations. What can you advice? Just i'm worried about aweath compatibility. Thanks!",0,2024-11-03 18:56:30+00:00,Durability,158,0.8408236087569643,0.0,0.19206939043284524,1.0328929991898095,Neutral,0
Sony WH-1000XM5,comparison,Ugw6sDwJzfKRogVXLNZ4AaABAg,BdvOuKTi3CE,Ugw6sDwJzfKRogVXLNZ4AaABAg,False,@anorakfreak,UC1cYfhGzoBlvbwLO3LhjsRw,"Just picked up XM4s for €180.....the XM5s were €320.......that's a no brainer. XM4s are just great, and at that price, simply unbeatable!",0,2024-11-23 10:06:05+00:00,Durability,137,0.859117012838201,0.0,0.16604708592258877,1.0251640987607897,Very Positive,2
Sony WH-1000XM5,review,UgysvdeTchcpHogUXgR4AaABAg.AGKIA2pGBdtAGXSru98vZv,6CsJZxfZsL0,UgysvdeTchcpHogUXgR4AaABAg,True,@nobrakes7892,UCmxAnx0OdoAnqNouQhLXFUA,no they have software issues,0,2025-04-05 10:36:35+00:00,Durability,28,0.9830704032063968,0.0,0.030978933940781488,1.0140493371471784,Very Negative,-2
Sony WH-1000XM5,review,UgxgLYc6fyBkya0K5zp4AaABAg,6CsJZxfZsL0,UgxgLYc6fyBkya0K5zp4AaABAg,False,@grantfuller6603,UCsxudtIH2dq8FEEn8dtNebA,Would they be alright for gym use?,0,2025-03-22 12:59:05+00:00,Durability,34,0.9701169679937748,0.0,0.03841387808656905,1.008530846080344,Neutral,0
Sony WH-1000XM5,comparison,UgzO_nFdFrygdDGjdM94AaABAg,BdvOuKTi3CE,UgzO_nFdFrygdDGjdM94AaABAg,False,@andrewpaul1207,UCXBO5emitgtHjZbtgIA_hSw,the earcuffs get extremely hot.  you will sweat,0,2025-02-25 20:00:42+00:00,Durability,47,0.947093998917808,0.0,0.05452292373577542,1.0016169226535834,Very Positive,2
Sony WH-1000XM5,review,UgxuG58L8qtSoy5lhMJ4AaABAg,6CsJZxfZsL0,UgxuG58L8qtSoy5lhMJ4AaABAg,False,@TERFClub,UCGgzWwoG78EDyfIMK1U2Klg,Do these come with a lead? For use in a studio environment. Bluetooth is no good for this environment.,0,2024-12-13 16:30:25+00:00,Durability,102,0.8780023567151536,0.0,0.1226765784054947,1.0006789351206482,Very Negative,-2
Sony WH-1000XM5,comparison,UgxT_lgX0SSo6XY0Zmt4AaABAg,BdvOuKTi3CE,UgxT_lgX0SSo6XY0Zmt4AaABAg,False,@SoulOfJustice1994,UCmXzmesuABcsX_R2OfZUamQ,"I like that the XM5 isn't collapsible.  It means it is sturdy and will last longer. 😊

I love the XM4 and had one since 2020, but it unfortunately broke recently, right on the collapsible part.  This video helped me decide if I should get another one or upgrade.",2,2024-03-25 05:47:54+00:00,Durability,262,0.6325147692672243,0.0465116170903216,0.32094175562649624,0.999968141984042,Neutral,0
Sony WH-1000XM5,comparison,UgwqU-AA3UagtzPSjqB4AaABAg,BdvOuKTi3CE,UgwqU-AA3UagtzPSjqB4AaABAg,False,@IMUSTHCOOSEANEWNAMEB,UCftKOsO4YuS7F4VrlUSpd9w,"You're like IA you're easy to find and even recommended but really you're just useless, a waste of my time.",0,2024-11-30 17:35:24+00:00,Durability,107,0.8659305920201591,0.0,0.128872365193651,0.9948029572138101,Very Negative,-2
Sony WH-1000XM5,review,Ugy_ulrfna4oGVyJmod4AaABAg,6CsJZxfZsL0,Ugy_ulrfna4oGVyJmod4AaABAg,False,@ozzieli,UCkfWpeYEBgaGYFLom7qtOWw,can u do lossless with a usb-c connecter with these with an iphone?,1,2024-12-22 15:45:21+00:00,Durability,67,0.8863596816662547,0.0232558085451608,0.07930607088840061,0.9889215610998161,Very Negative,-2
Sony WH-1000XM5,review,Ugy-Djqpvdqym1OMZr94AaABAg,6CsJZxfZsL0,Ugy-Djqpvdqym1OMZr94AaABAg,False,@Allureae,UCPebwv4vqilVNmcH3qU1WIg,They recently came out with a pink version and now im happy enough to ignore that they don't fold,0,2024-12-05 11:24:16+00:00,Durability,97,0.8703495894944842,0.0,0.1164807916173384,0.9868303811118225,Neutral,0
Sony WH-1000XM5,comparison,UgyOayHekRU-mFe3Y4d4AaABAg,BdvOuKTi3CE,UgyOayHekRU-mFe3Y4d4AaABAg,False,@FluxStage,UCoDh2vQg2YPm4yi37FvkqZQ,"Puh, was wondering what should replace my xm3 but now 2 min in its clear xm4 is definetly for me! What a win!",0,2024-11-15 17:05:49+00:00,Durability,109,0.8519339687463066,0.0,0.13135067990891353,0.98328464865522,Very Positive,2
Sony WH-1000XM5,comparison,UgxtOH0R9kioVf_9v6N4AaABAg,BdvOuKTi3CE,UgxtOH0R9kioVf_9v6N4AaABAg,False,@iamkaedahara,UCXAlrlZ6Gcyk74bbzYrVvMw,I wanna buy XM5 but it’s not foldable… so I might go to XM4,0,2025-01-20 15:38:48+00:00,Durability,59,0.9133785706123496,0.0,0.06939281202735054,0.9827713826397002,Negative,-1
Sony WH-1000XM5,unboxing,Ugw3bupb0q_bmXkRqTZ4AaABAg,D8wG67oko7E,Ugw3bupb0q_bmXkRqTZ4AaABAg,False,@theycallmebraxy2.028,UCXR_0o2rBS8oDMe0cHEwe2g,I just bought sony ultra and it’s broken not even in 1 month used should i just buy xm5 instead??? Please answer someone😭😭,0,2024-10-27 03:11:53+00:00,Durability,122,0.8336895181994192,0.0,0.1474597255581199,0.9811492437575391,Very Negative,-2
Sony WH-1000XM5,comparison,UgwTyWKdf98gTE_A7qd4AaABAg,BdvOuKTi3CE,UgwTyWKdf98gTE_A7qd4AaABAg,False,@AbirHasan-m9r,UCUVv3RQcLP0Pl6cWiHGKipg,What is the price of xm5 please tell me ..,0,2025-01-17 16:31:35+00:00,Durability,42,0.9106172310529697,0.0,0.04832713694761912,0.9589443680005888,Neutral,0
Sony WH-1000XM5,comparison,UgwjteYK7busw5jg7LB4AaABAg,BdvOuKTi3CE,UgwjteYK7busw5jg7LB4AaABAg,False,@IvarsRuza,UCyvTf7p7eRjL5AbMPgDTSTA,This new design is BS. Please lay off the designer!,0,2024-12-22 01:44:00+00:00,Durability,51,0.8858152394174155,0.0,0.05947955316630046,0.945294792583716,Negative,-1
Sony WH-1000XM5,comparison,Ugx6A5_pb_hvh3npOrh4AaABAg,BdvOuKTi3CE,Ugx6A5_pb_hvh3npOrh4AaABAg,False,@555droid6,UCKqVuGQBSAZWsap4KswXEGw,Which one is lighter?,0,2025-01-29 18:19:40+00:00,Durability,21,0.921869156164997,0.0,0.02230483243736267,0.9441739886023597,Neutral,0
Sony WH-1000XM5,comparison,UgzPbMmTPlqDv4IVoIt4AaABAg,BdvOuKTi3CE,UgzPbMmTPlqDv4IVoIt4AaABAg,False,@cemetery76,UCRvA06SLzmHjcBMep3Hjwfg,I got the XM4 got extra ear pads for back up gonna have them a while,0,2024-11-15 09:11:50+00:00,Durability,68,0.8516272515038839,0.0,0.08054522824603187,0.9321724797499157,Positive,1
Sony WH-1000XM5,review,UgyamRBHtIUYrJ5VluN4AaABAg.ABj6JVZT5FAABmU8LPcmLO,6CsJZxfZsL0,UgyamRBHtIUYrJ5VluN4AaABAg,True,@isaacwester7877,UCU1uXqHHk0kkjQaPAy-g5bg,Are you serious? Tardy to the party dude. Grow up,0,2024-12-08 09:18:36+00:00,Durability,49,0.8730637658448513,0.0,0.05700123845103794,0.9300650042958893,Very Negative,-2
Sony WH-1000XM5,comparison,UgzS2ixpVwTR2wgpL9d4AaABAg,BdvOuKTi3CE,UgzS2ixpVwTR2wgpL9d4AaABAg,False,@davidpearson85,UCVGanYSzPO-Qfb9Kd_g7n2Q,"I have both, xm5 are better but both are amazing.",0,2024-12-04 19:38:20+00:00,Durability,49,0.8697374707909101,0.0,0.05700123845103794,0.9267387092419481,Neutral,0
Sony WH-1000XM5,review,UgxejyafZ9V19AXBdxN4AaABAg,6CsJZxfZsL0,UgxejyafZ9V19AXBdxN4AaABAg,False,@kusomuchogusto5742,UC6x_tN-vXOwiKcAkOkHFdMg,New ones are more durable,0,2025-01-03 21:08:05+00:00,Durability,25,0.8977505079831473,0.0,0.02726146186788771,0.925011969851035,Neutral,0
Sony WH-1000XM5,review,UgyXiJRqURntWyp_Mcd4AaABAg,6CsJZxfZsL0,UgyXiJRqURntWyp_Mcd4AaABAg,False,@carlosibrahim2511,UCshhh_BSkTfwZhx_U3qqIBw,In 2924 they are still the best,0,2024-12-21 00:40:04+00:00,Durability,31,0.8848420358206908,0.0,0.03469640601367527,0.9195384418343661,Very Positive,2
Sony WH-1000XM5,comparison,UgyQkWv8xxpcd5YF_Lp4AaABAg,BdvOuKTi3CE,UgyQkWv8xxpcd5YF_Lp4AaABAg,False,@harleypippenger3255,UCZoYwg32Xi1vZLfnOBEkHmA,I have neither so looks like I'm getting the XM5! Thank you!,0,2024-10-30 22:23:19+00:00,Durability,60,0.8372301130391101,0.0,0.0706319693849818,0.9078620824240919,Very Positive,2
Sony WH-1000XM5,review,UgwWA_crbDAcflZNhsV4AaABAg,6CsJZxfZsL0,UgwWA_crbDAcflZNhsV4AaABAg,False,@AL_Einstein,UC-paIGea_m0H_AT3oHoZSZQ,Do the xm4s also come with the same sony app on android as the xm5?,0,2024-10-20 14:59:35+00:00,Durability,67,0.8276246509161291,0.0,0.07930607088840061,0.9069307218045297,Neutral,0
Sony WH-1000XM5,comparison,UgzBSlB5g1yEQmRa82t4AaABAg,BdvOuKTi3CE,UgzBSlB5g1yEQmRa82t4AaABAg,False,@odesolaayobami7325,UCd8RzKaF8bInvBXPgIcnpTQ,anywhere to get in nigeria?,0,2024-12-02 10:14:56+00:00,Durability,27,0.8675092275631773,0.0,0.02973977658315023,0.8972490041463275,Neutral,0
Sony WH-1000XM5,review,Ugx6-qcYm8s2eF90yDp4AaABAg,6CsJZxfZsL0,Ugx6-qcYm8s2eF90yDp4AaABAg,False,@ntd.1760,UCVVIwd85-0ToSfjv4XvdCng,Quality of this video is on another level,0,2024-11-04 04:42:37+00:00,Durability,41,0.8412028881009735,0.0,0.047087979589987866,0.8882908676909614,Positive,1
Sony WH-1000XM5,review,Ugzsz0pmzMN58a1_vjh4AaABAg,6CsJZxfZsL0,Ugzsz0pmzMN58a1_vjh4AaABAg,False,@risketo_05,UC91vdUVENb4in9vxccnyHkw,the xm5 don’t fold down bc of the wear sensor.,0,2024-10-15 23:57:44+00:00,Durability,46,0.8233137308526244,0.0,0.05328376637814416,0.8765974972307685,Negative,-1
Sony WH-1000XM5,review,UgyeVXkpAtGqVahmRqN4AaABAg,6CsJZxfZsL0,UgyeVXkpAtGqVahmRqN4AaABAg,False,@CarterJeremy-f7y,UCwhCbQC1RXAgXWr8ZBoLJjQ,Bartoletti Villages,0,2024-10-14 01:31:29+00:00,Durability,19,0.8215107330326584,0.0,0.019826517722100152,0.8413372507547586,Positive,1
Sony WH-1000XM5,review,UgyLHQrCF4oXwQL3xYR4AaABAg,6CsJZxfZsL0,UgyLHQrCF4oXwQL3xYR4AaABAg,False,@DoraAugustine-x7l,UCwOgTX3Qs4oTFnSYl-l3Gxw,Boehm Junctions,0,2024-10-13 03:59:16+00:00,Durability,15,0.8206745324645387,0.0,0.014869888291575114,0.8355444207561138,Neutral,0
Sony WH-1000XM5,review,Ugz_ZveXtdwg6CSkp4d4AaABAg,6CsJZxfZsL0,Ugz_ZveXtdwg6CSkp4d4AaABAg,False,@BryanWard-t1o,UCiFurX0CiWOiF3Y3QBUWRBA,Willms Valleys,0,2024-10-12 09:07:37+00:00,Durability,14,0.819942235476485,0.0,0.013630730933943855,0.8335729664104289,Neutral,0
Sony WH-1000XM5,review,Ugxi21rZE_eHSaDZ2yl4AaABAg,6CsJZxfZsL0,Ugxi21rZE_eHSaDZ2yl4AaABAg,False,@WillTracy-b5k,UCwn5ZZJxvih9RZ5foPghp-g,Adams Lock,0,2024-10-12 17:55:24+00:00,Durability,10,0.8202837669971362,0.0,0.008674101503418817,0.8289578685005551,Neutral,0
Sony WH-1000XM5,comparison,Ugy9e4xn5XRqfkMqHjh4AaABAg,BdvOuKTi3CE,Ugy9e4xn5XRqfkMqHjh4AaABAg,False,@ralphykinsishere,UCrEZLZ21zIMp59lbDh7uM3Q,if i hhave the xm4 for 4y should i upgrade,0,2024-08-29 15:05:49+00:00,Durability,42,0.779173421459821,0.0,0.04832713694761912,0.8275005584074402,Neutral,0
Sony WH-1000XM5,comparison,Ugw3VWZTSPQp_D7ByCJ4AaABAg,BdvOuKTi3CE,Ugw3VWZTSPQp_D7ByCJ4AaABAg,False,@remotepinecone,UCsFVxVGTI5rAxcYHTO9MpEA,hate the app hate it hate it everything about it.,0,2024-08-18 01:01:39+00:00,Durability,49,0.7683770047248014,0.0,0.05700123845103794,0.8253782431758394,Very Negative,-2
Sony WH-1000XM5,comparison,UgwN9swkjCBWhjCohMd4AaABAg,BdvOuKTi3CE,UgwN9swkjCBWhjCohMd4AaABAg,False,@newsmansuper2925,UCoeWLv6D9j2-2AJ8LuKlxxw,"is the XM5 as strong, look weak at the hinge joint",0,2024-07-25 22:19:37+00:00,Durability,50,0.7468400164631472,0.0,0.0582403958086692,0.8050804122718165,Neutral,0
Sony WH-1000XM5,unboxing,Ugw1Key6qRBBDGc8TZp4AaABAg,D8wG67oko7E,Ugw1Key6qRBBDGc8TZp4AaABAg,False,@user-fi6rj6sv2k,UCcc7n9fzRPk72RdyItQ1O_w,Unboxing where? Wasted my time,0,2024-08-07 17:29:43+00:00,Durability,30,0.7587662363363655,0.0,0.033457248656044006,0.7922234849924096,Very Negative,-2
Sony WH-1000XM5,review,Ugw1OKAluRWYcJafLGF4AaABAg,6CsJZxfZsL0,Ugw1OKAluRWYcJafLGF4AaABAg,False,@kyozaki9838,UCZ6LSInza6cgYqB7cu7Q1HA,"Why are XM5’s so highly rated for their noise cancelling? Fantastic Google assistant integration, good sound quality, amazing transparency mode, but the noise cancelling is TERRIBLE. I've compared it with multiple friends that own the XM4s and they all agree that the noice cancelling is worse on the XM5s. It's just so subtle and you can still hear outside noises compared to say they noise cancelling in my soundcore liberty 3 pros that cost like a quarter of the price.

Got grok to quickly scan reddit and X discourse on the subject, options vary but I'm not alone, and people agree that the liberty 3 pros are much better. 

They are in ears though, but maybe coming from the liberty 3 pros which seal out the sound as they're in ears, my expectations have been skewed and I'm missing the point here 🤷🏾‍♂️",0,2025-02-23 10:40:15+00:00,Noise Cancellation,810,0.9448676646514278,0.0,0.9999999876084265,1.9448676522598543,Neutral,0
Sony WH-1000XM5,review,UgzsluD6j3plkJbQKxt4AaABAg,6CsJZxfZsL0,UgzsluD6j3plkJbQKxt4AaABAg,False,@MrSilence4all,UCKeHBjVQt3H-z3G5O6PJwLQ,"I boughrt the M5 ...
I do not like that when you connect to bluetooth you do not get a voice to say it is connected.
Same for connecting to noise cancelling ... just a sound.....
Where when you check battery .. there IS a voice...

The noise canceeling is insane tho.
i also REALLY  LIKE the function where you hold all fingers on earcup... and noise cancelling is cancelled so you can talk/hear... and enables auto again when fingers are released.
Also the speech to chat option.... GREAT.

Sound is great.....but i still use FX sound to improve sound on pc.",0,2025-01-24 17:22:04+00:00,Noise Cancellation,559,0.9171727229740827,0.0,0.6889714908429803,1.606144213817063,Neutral,0
Sony WH-1000XM5,comparison,UgwVzaeVecqCmn8XqhN4AaABAg,BdvOuKTi3CE,UgwVzaeVecqCmn8XqhN4AaABAg,False,@MothproofKT,UCqNzSvQN2_dXGO2ILsoKvgw,"I bought my XM5 at the end of March. By the beginning of May they stopped working. They say they’re fully charged, 5 seconds later they say they’re low on battery, but will not charge. I’ve reset and hard reset. It’s a physical battery issue. And I spent almost £300 for the privilege 🤦🏼‍♀️ 

Gone back to XM4 whilst they get sent off for repair. 🙄
The headband also feels far more secure on the XM4s. 

I had so many issues with the XM3s. Sony replaced 4 pairs. Yes 4. Because they kept experiencing battery issues. 

So I was so worried spending more money with Sony headsets but the noise cancelling is something I can’t do without. And my worries were confirmed, even thought there was a 2 generation gap between the XM3s and XM5s 🙄",0,2024-05-16 19:36:30+00:00,Noise Cancellation,736,0.6815062240012479,0.0,0.9083023431437133,1.5898085671449613,Neutral,0
Sony WH-1000XM5,comparison,Ugy1TyHfCzo-vRzV7wx4AaABAg,BdvOuKTi3CE,Ugy1TyHfCzo-vRzV7wx4AaABAg,False,@RampartDistric213,UCsqWeuMU7J5so6pXhzL_FrA,"The xm5 are wack. The volume is low. The adjustable hinges are VERY cheap plastic. The xm4 are better built and the volume goes a bit higher. I miss the clicks on trying to fit on my head when using the xm5, the xm4 dont have that problem and they fold for traveling the xm5 can't fold 🙄.. Sure the xm5 are softer but the xm4 are not far off at all. 

Ive owned xm1, xm2, xm3, xm4, xm5 and the xm4 are so far the best made by sony. The noice cancelling is almost the same as the xm5s.",1,2024-11-22 21:32:18+00:00,Noise Cancellation,484,0.8586292354647683,0.0232558085451608,0.5960346890206358,1.4779197330305651,Neutral,0
Sony WH-1000XM5,review,UgzsgXuoJ9MquGRzi654AaABAg,6CsJZxfZsL0,UgzsgXuoJ9MquGRzi654AaABAg,False,@sebasfalconi93,UCiPIwqvn8YvYRcxbmTOGbaA,"Headphones are NOT for traveling. Experienced travelers know this, noise-cancelling ear pods are for travel. I'm glad they don't fold anymore. 

I just bought the headphones in Japan at an excellent price. They will be sitting at home forever for late night sessions or a bit of gaming.",0,2025-03-31 19:19:56+00:00,Noise Cancellation,286,0.9787499059808515,0.0,0.35068153220964643,1.329431438190498,Neutral,0
Sony WH-1000XM5,comparison,UgzBvDotXxViElfhSol4AaABAg,BdvOuKTi3CE,UgzBvDotXxViElfhSol4AaABAg,False,@kurtkrienke2956,UCYNktT9wNi85-ZnNff1vPQQ,I'm thinking about getting the xm4 for gaming on my laptop. I'm worried that the ANC won't be able to deal with its loud fans since I've heard repeatedly that it struggles with higher frequencies. Any experienced users here that can ease my mind or confirm this to be an issue?,0,2024-11-29 18:06:02+00:00,Noise Cancellation,277,0.865018583037644,0.0,0.33952911599096514,1.204547699028609,Negative,-1
Sony WH-1000XM5,review,Ugx0b9LiqPYL6MN_XH54AaABAg,6CsJZxfZsL0,Ugx0b9LiqPYL6MN_XH54AaABAg,False,@iabdullah42,UCWdTnXCoOPL1cCIYcaUT_MA,You recording yourself listening to the headphones does not show us the level of quality or function in the headphones. We can’t see the noise cancelling you are experiencing,0,2025-04-01 13:32:50+00:00,Noise Cancellation,174,0.9794571276291031,0.0,0.21189590815494538,1.1913530357840485,Neutral,0
Sony WH-1000XM5,comparison,UgxlStXW2wwauYc6rhp4AaABAg,BdvOuKTi3CE,UgxlStXW2wwauYc6rhp4AaABAg,False,@VitalyMack,UC2Id8rrUMX-bYpCy8eT8_wA,"You want noise cancelling get some motorcycle ear plugs, this will save you hundreds of dollars.  They are designed so you can still hear music and take calls in your helmet while riding.  Youre welcome",1,2025-01-28 12:54:17+00:00,Noise Cancellation,202,0.9207267668239816,0.0232558085451608,0.24659231416862065,1.190574889537763,Very Positive,2
Sony WH-1000XM5,review,UgxvYEVntV-P_JOiOLJ4AaABAg,6CsJZxfZsL0,UgxvYEVntV-P_JOiOLJ4AaABAg,False,@amigofavor3777,UC6rG7qomydK-JyKqkGMbnGw,"The xm4....After more than 3 years of suffering with me I will move to the XM5... old but good .
And I don't know why u always finds problem with name ... Not just headphones but some products.... As Sony user we always find way to name easy to remember",0,2024-11-18 01:09:16+00:00,Noise Cancellation,253,0.8541104758858542,0.0,0.3097893394078149,1.163899815293669,Positive,1
Sony WH-1000XM5,comparison,Ugx-m0YkECW8tRHyVIp4AaABAg,BdvOuKTi3CE,Ugx-m0YkECW8tRHyVIp4AaABAg,False,@Douvi7,UCGl83yI8COk9zaRMI2YYbpg,"I picked up the XM4s for 225$, the XM5s were $300 and it doesn't even fold, the NC is better at the XM5s but for 75$ that's not worth it",1,2025-02-01 21:21:43+00:00,Noise Cancellation,136,0.924782457676124,0.0232558085451608,0.16480792856495752,1.1128461947862422,Neutral,0
Sony WH-1000XM5,comparison,UgzOakv_-aPvJQcrKqp4AaABAg,BdvOuKTi3CE,UgzOakv_-aPvJQcrKqp4AaABAg,False,@Vor_Tex_Sun,UC55dZvlgKjPQzM_omkFHkvg,ANC on the 5s is next level. There is no cabin pressure on trains and buses,0,2025-04-05 07:49:37+00:00,Noise Cancellation,75,0.9829623581508538,0.0,0.08921932974945068,1.0721816879003043,Neutral,0
Sony WH-1000XM5,unboxing,Ugz8fE7Cth3wg26P5nB4AaABAg,D8wG67oko7E,Ugz8fE7Cth3wg26P5nB4AaABAg,False,@Abbyravenclaw92,UCq4W8hkKotSFEupMYQHEboQ,"I have watched so many videos on these headphones and how amazing the noise cancelation is
It isn't!! I still can hear everything around me with the noise cancelation on 
Makes me wonder if i have a super hearing sense",0,2024-09-10 22:26:40+00:00,Noise Cancellation,218,0.7906406817264674,0.0,0.2664188318907208,1.057059513617188,Very Positive,2
Sony WH-1000XM5,review,Ugxt_u-08HweDZy1WJB4AaABAg,6CsJZxfZsL0,Ugxt_u-08HweDZy1WJB4AaABAg,False,@XCrimsonxxValentineX,UCcQSAsBhKfHKVGtpAoaRLTw,"If I can get silence, I'm in. I hate working and hearing the outside of my home office. Thank you, dude!",0,2025-01-14 21:28:27+00:00,Noise Cancellation,104,0.9080138391716122,0.0,0.12515489312075723,1.0331687322923693,Very Negative,-2
Sony WH-1000XM5,review,UgwrmlI1cCdNptnZZP94AaABAg.AD_6kUsn4COAE5yM54xbtd,6CsJZxfZsL0,UgwrmlI1cCdNptnZZP94AaABAg,True,@Chandler52938,UCt3GOoaKSG4lbeYKmkM7dbw,Tell me a headphone that has a better noise cancellation. None. it’s literally godly,0,2025-02-04 01:18:57+00:00,Noise Cancellation,84,0.9267996366458234,0.0,0.10037174596813202,1.0271713826139555,Very Negative,-2
Sony WH-1000XM5,review,Ugxb_Ay2owVbK1j07aZ4AaABAg,6CsJZxfZsL0,Ugxb_Ay2owVbK1j07aZ4AaABAg,False,@TheFluffyDuck,UCohwKx_c_dH-_6iUr5KDp4w,I will hand over gold for something that can cancel out screaming babies and children the seat behind me on a plane. Nothing has come close yet.,0,2024-10-25 00:37:54+00:00,Noise Cancellation,144,0.8317262107661978,0.0,0.1747211874260076,1.0064473981922053,Very Negative,-2
Sony WH-1000XM5,unboxing,Ugz8fE7Cth3wg26P5nB4AaABAg.A8Di_UfNNu-ACVh1zxsF6C,D8wG67oko7E,Ugz8fE7Cth3wg26P5nB4AaABAg,True,@Mrw_01,UCuh3YZqy8KVPGJf-wPFDl2A,"same for me, I am very disappointed, I will see if I can return them I will take the airpods max",0,2024-12-26 08:05:07+00:00,Noise Cancellation,96,0.8897891900543491,0.0,0.11524163425970714,1.0050308243140562,Very Negative,-2
Sony WH-1000XM5,review,UgwrmlI1cCdNptnZZP94AaABAg,6CsJZxfZsL0,UgwrmlI1cCdNptnZZP94AaABAg,False,@BassoonFluteLuva,UCE78kJDUjHEDQos0Cl6DcHA,sony xm5 noise cancellation sucks. only works if you blast music,0,2025-01-21 21:46:53+00:00,Noise Cancellation,64,0.9145485913600631,0.0,0.07558859881550684,0.9901371901755699,Neutral,0
Sony WH-1000XM5,comparison,Ugw2nci8BiUOm6e7P_R4AaABAg,BdvOuKTi3CE,Ugw2nci8BiUOm6e7P_R4AaABAg,False,@richardhulsebos,UCtx43Dd7NGEKbeVQN9I7_wQ,airplane plug?? what eara are you living in,1,2025-01-19 12:59:51+00:00,Noise Cancellation,43,0.9123438812039208,0.0232558085451608,0.049566294305250384,0.9851659840543321,Very Negative,-2
Sony WH-1000XM5,review,UgywoIBhsMikhZ48HUV4AaABAg,6CsJZxfZsL0,UgywoIBhsMikhZ48HUV4AaABAg,False,@ronellomibao9205,UCEGM70SF-t5fB40dEGNlSCA,Is it good for noise cancellation when using in work from home set up? Or in a call center? 😅😊,0,2024-11-20 14:15:57+00:00,Noise Cancellation,94,0.8564832069963092,0.0,0.11276331954444462,0.9692465265407538,Neutral,0
Sony WH-1000XM5,comparison,UgwCFEBpj13i-IdFqPR4AaABAg,BdvOuKTi3CE,UgwCFEBpj13i-IdFqPR4AaABAg,False,@mdrafiqul2898,UCMT51njX_2N-fs_79UKYNYQ,"I tested both models in the store and found that, in my opinion, the XM4 has better ANC than the XM5. However, I ultimately chose the XM5 simply because it's the newer model.",0,2024-07-31 19:12:30+00:00,Noise Cancellation,174,0.7523099241248526,0.0,0.21189590815494538,0.9642058322797981,Neutral,0
Sony WH-1000XM5,review,UgxLmM0a_b-5wjkunIV4AaABAg,6CsJZxfZsL0,UgxLmM0a_b-5wjkunIV4AaABAg,False,@samartz,UC1J_FUCNCAZfPxmV4v11xAw,Anyone know how these go with blocking out snoring?,0,2024-12-29 21:31:02+00:00,Noise Cancellation,51,0.8931061991437442,0.0,0.05947955316630046,0.9525857523100447,Very Negative,-2
Sony WH-1000XM5,review,Ugx9LFJP00jAg5elVaN4AaABAg,6CsJZxfZsL0,Ugx9LFJP00jAg5elVaN4AaABAg,False,@BlowUpTheOutsideWorld,UCt9uegyW6lwxpQZrYI0uAOQ,the muffle demonstration was very good,0,2025-01-16 02:36:24+00:00,Noise Cancellation,38,0.9091449473059897,0.0,0.043370507517094085,0.9525154548230838,Positive,1
Sony WH-1000XM5,unboxing,Ugw3bupb0q_bmXkRqTZ4AaABAg.AA4fmj1d1PmACVhictRUKb,D8wG67oko7E,Ugw3bupb0q_bmXkRqTZ4AaABAg,True,@Mrw_01,UCuh3YZqy8KVPGJf-wPFDl2A,take the xm4 i'v the xm5 nc is bad,1,2024-12-26 08:11:05+00:00,Noise Cancellation,34,0.889793051117424,0.0232558085451608,0.03841387808656905,0.9514627377491539,Negative,-1
Sony WH-1000XM5,review,UgxrN9OcY56ceNzUwX14AaABAg,6CsJZxfZsL0,UgxrN9OcY56ceNzUwX14AaABAg,False,@shreddedindica,UCTgRUXL6Lh1cFzfmC5iJ28A,travel with airpod pros. noise canceling on those wipe,0,2024-12-16 09:23:54+00:00,Noise Cancellation,54,0.8805218513628247,0.0,0.06319702523919424,0.9437188766020189,Neutral,0
Sony WH-1000XM5,comparison,UgzKnWmp0KsHFKRGtXh4AaABAg,BdvOuKTi3CE,UgzKnWmp0KsHFKRGtXh4AaABAg,False,@jamesanderson2891,UCgXIKecQvJfBjjZKz9kEuug,"I got xm5 a few days ago. My gf has xm4. To be honest, xm4 has better sound quality and ANC. I'm kind of regretting now....",1,2024-08-16 11:20:20+00:00,Noise Cancellation,123,0.7669136941746882,0.0232558085451608,0.14869888291575115,0.9388683856356002,Neutral,0
Sony WH-1000XM5,review,UgzzLnIPOYA2DA7HSMZ4AaABAg,6CsJZxfZsL0,UgzzLnIPOYA2DA7HSMZ4AaABAg,False,@breadloaf5102,UCM7s71c7uuJAvKVYaRxrQsQ,Turn on the DSEE it will sound better than the Airpods Max,0,2024-12-01 02:28:16+00:00,Noise Cancellation,58,0.8662754129939887,0.0,0.06815365466971927,0.9344290676637079,Positive,1
Sony WH-1000XM5,comparison,Ugx9GBrYO2yBF4O7ET94AaABAg,BdvOuKTi3CE,Ugx9GBrYO2yBF4O7ET94AaABAg,False,@spyk-,UCj25GSUL0MMXJf1a40k0UYw,noah stop STOP. now.,0,2024-12-26 23:37:41+00:00,Noise Cancellation,20,0.8903926591138279,0.0,0.02106567507973141,0.9114583341935594,Neutral,0
Sony WH-1000XM5,unboxing,Ugxhf-ZwCh7qvoISXW14AaABAg,D8wG67oko7E,Ugxhf-ZwCh7qvoISXW14AaABAg,False,@CthRage8946,UCBNwWwuj7SPuwkqyyp0dP2Q,"I have the three XB910N, XM4, and the 5's. Definetly I'd pick up XM4 and 4. 5 have the best NC ever, but the former have better design and head band.",0,2024-02-08 20:08:26+00:00,Noise Cancellation,149,0.5902073539704864,0.0,0.1809169742141639,0.7711243281846503,Very Positive,2
Sony WH-1000XM5,unboxing,Ugz2LYRQYigTxX9gAUF4AaABAg,D8wG67oko7E,Ugz2LYRQYigTxX9gAUF4AaABAg,False,@RoMusic2011,UCKFFgCxU_UUPuw2fzC4Q0cQ,"Tried XM5's for two days and returned them, went back to XM4. New ones have auto NC optimizer which still hasn't been fixed. XM4 the best headphones because you choose how much NC you want and it stays like that. XM5's not recommended!",1,2023-01-05 17:13:37+00:00,Noise Cancellation,235,0.21829326818905095,0.0232558085451608,0.2874845069704522,0.5290335837046639,Neutral,0
Sony WH-1000XM5,unboxing,Ugx8cteQykg8JoBpYaB4AaABAg,D8wG67oko7E,Ugx8cteQykg8JoBpYaB4AaABAg,False,@jonathanoxlade4252,UCrZHx5SghkdbcPiG2kDrE1w,Never really  cared for noise cancelling  or annoying features my next phone will be a experia  with a headphone  jack  so ile be using  these on thatband if the phone struggle to get them at a decent volume  level ile be getting a helm volume  booster  alongside  a better  headphone cable silver dragon  cable  just to get more from these headphones  anyway,0,2022-05-16 11:48:27+00:00,Noise Cancellation,359,3.4167172685222675e-05,0.0,0.4411400193167284,0.44117418648941364,Neutral,0
Sony WH-1000XM5,unboxing,Ugz2LYRQYigTxX9gAUF4AaABAg.9kW9fYR1Crh9lCJjdBDMwq,D8wG67oko7E,Ugz2LYRQYigTxX9gAUF4AaABAg,True,@RoMusic2011,UCKFFgCxU_UUPuw2fzC4Q0cQ,@@Liftheavyrustylbs I think XM4 have better NC but other than that they are the same I think. Not so much difference,0,2023-01-22 20:48:09+00:00,Noise Cancellation,116,0.23427323759778176,0.0,0.14002478141233232,0.37429801901011406,Neutral,0
Sony WH-1000XM5,unboxing,UgyLRE1dQ6Z_QEZqmWF4AaABAg,D8wG67oko7E,UgyLRE1dQ6Z_QEZqmWF4AaABAg,False,@callez2402,UCvfctjRJ9Dt96xAUgpRyVxQ,"I found them uncomfortable, ordered Bose instead, they are perhaps not so god NS, but they fit like a dream to the skull and ear.",0,2022-12-15 22:59:45+00:00,Noise Cancellation,129,0.19894878135895583,0.0,0.1561338270615387,0.35508260842049455,Negative,-1
Sony WH-1000XM5,unboxing,UgyHTUzgjDH4065Rg894AaABAg,D8wG67oko7E,UgyHTUzgjDH4065Rg894AaABAg,False,@arnavmalve7031,UCXrEzSl2b1Zfw6qYdRchg-A,I just got them. The noise cancellation seems really disappointing. Its more silent when its on ambient noise level 10. Any fix for this?,2,2022-07-01 18:09:51+00:00,Noise Cancellation,137,0.04314524441380821,0.0465116170903216,0.16604708592258877,0.25570394742671854,Negative,-1
Sony WH-1000XM5,unboxing,UgxmSrvIW12u46IfR2l4AaABAg,D8wG67oko7E,UgxmSrvIW12u46IfR2l4AaABAg,False,@cedrikjones,UCrxw1lVoWeGlBfYgdebAttQ,Does that 30 hours of playback include having the noise cancelling enabled?,0,2022-10-14 15:15:18+00:00,Noise Cancellation,75,0.14087465028527532,0.0,0.08921932974945068,0.230093980034726,Negative,-1
Sony WH-1000XM5,unboxing,UgxgPi1X-ZtYGVgn6-14AaABAg,D8wG67oko7E,UgxgPi1X-ZtYGVgn6-14AaABAg,False,@rossorosso,UCTjzm1HeqF3sleYlzxP1t_g,I don’t get it. You have the apple headphones too. Why not compare the two with 1. Music quality and 2. Noise cancellation between the two.,0,2022-05-17 02:52:51+00:00,Noise Cancellation,139,0.0006194094260283171,0.0,0.1685254006378513,0.1691448100638796,Very Negative,-2
Sony WH-1000XM5,unboxing,UgwcZGBurBVuf_w4iwV4AaABAg,D8wG67oko7E,UgwcZGBurBVuf_w4iwV4AaABAg,False,@xinyaoyin2238,UCG9SgdMpA6IaCFwMI4GVJTg,huge pressure on eardrums for some negligible better noise cancellation than other headphones? not worth losing health over this.,0,2022-05-18 10:27:41+00:00,Noise Cancellation,129,0.001845566579621425,0.0,0.1561338270615387,0.15797939364116012,Negative,-1
Sony WH-1000XM5,unboxing,Ugx8mG3t2NgwpblSdTd4AaABAg,D8wG67oko7E,Ugx8mG3t2NgwpblSdTd4AaABAg,False,@gnsnitro123,UC89LzEbr3tp_m8NsVDy4czQ,Really ? So all most people care about is noise cancelling ?,0,2022-07-10 09:10:00+00:00,Noise Cancellation,60,0.0511823923271864,0.0,0.0706319693849818,0.1218143617121682,Very Negative,-2
Sony WH-1000XM5,unboxing,Ugxqf8X2_OuffkQvVoh4AaABAg,D8wG67oko7E,Ugxqf8X2_OuffkQvVoh4AaABAg,False,@loopylou071,UCtZ8zSP9oV-FTpa4xUxncAA,Nc not as good as nc700 in my opinion,0,2022-08-03 20:35:30+00:00,Noise Cancellation,37,0.07398995075288746,0.0,0.04213135015946282,0.11612130091235029,Negative,-1
Sony WH-1000XM5,comparison,UgwuyUVnbJn4FTFCbCZ4AaABAg,BdvOuKTi3CE,UgwuyUVnbJn4FTFCbCZ4AaABAg,False,@Jumpboy5100,UC-94vdpq998N80CVfl2Ztsw,"I have the og 1000x and they are still my favorite headphone I own. I used to want to be an audiophile and had all these amps and dacs and would rotate all these different headphones trying to find ""the one""

In reality I jusy like lots of bass and something that is comfy. The galaxy buds pro 2 and the 1000x are all i use when im out of the house. The 1000x is perfect for flights, road trips, or other commuting as well as studying or working. Ive had to replace the plastic bit on the hinge with 3d printed parts a few times though. Ive had them for nearly 10 years and the battery still lasts plenty long",0,2025-03-14 06:39:31+00:00,Sound Quality,609,0.9624166924411361,0.0,0.7509293587245432,1.7133460511656793,Very Positive,2
Sony WH-1000XM5,review,UgwVeRMRZ-Pt5GNraCl4AaABAg,6CsJZxfZsL0,UgwVeRMRZ-Pt5GNraCl4AaABAg,False,@sanjaykmeena,UCiFjyoByqw1pZpbeIEZmY3Q,"Thanks for this great review !
I want to buy this headphone for my iPhone 15 pro max, but got bit confused as I found that iPhone doesn’t support the signature LDAC codec which sony uses on their high end headphones.
This headphone (XM5) also doesn’t support Apple’s own codec ALAC (I think none of the headphones/ earphones support this ALAC yet).
So we are left with only AAC which iPhones use to generate sound through headphones ! 
As far as I know AAC is far inferior to LDAC then how can we utilise the true potential of these headphones on iPhone ?
Despite all this information, is it still a good idea to buy this pair for iPhone 15 pro max in 2024 ?",0,2024-10-20 16:05:52+00:00,Sound Quality,658,0.8276675432285563,0.0,0.811648069248475,1.6393156124770312,Negative,-1
Sony WH-1000XM5,review,UgxQwijZLEKl-NLC4nN4AaABAg,6CsJZxfZsL0,UgxQwijZLEKl-NLC4nN4AaABAg,False,@followthevind,UCoZkpJ2MAuCNku3zg9Qx7Ig,"I've had the xm4s for over 4 years with very heavy use and they just started getting the screeching feedback noise in the left ear. Have tried all the fixes for it I could find to no avail. Xm5 just went on sale for $298 so I went for it, hoping it'll feel like a solid upgrade. Don't mind the non folding at all and more comfort is always welcome, also people I spoke to on the phone with my xm4 were starting to say the audio was really bad.",0,2024-11-24 18:18:09+00:00,Sound Quality,443,0.8603672638881888,0.0,0.5452292373577542,1.405596501245943,Negative,-1
Sony WH-1000XM5,comparison,UgykyBtHMrU4PCm2LYZ4AaABAg,BdvOuKTi3CE,UgykyBtHMrU4PCm2LYZ4AaABAg,False,@linezgames3893,UCboqlb-1qVoDxbIq7ZIzW4g,"I had bose, sony, js, jvc etc... never beats nor skullcandy...
Had gone to eu for a month and my bose $400 just crapped out at the airport.
Went to the airport store and found these sennheiser $80 bt headphones that fold... 
Holy shit its crazy how less greedy this company is with the features, quality, quality for. 
Sony can be greedy asf but these are good. However........ not being foldable is a deal breaker for me",1,2024-11-08 01:04:42+00:00,Sound Quality,421,0.8447892009472973,0.0232558085451608,0.5179677754898665,1.3860127849823245,Very Negative,-2
Sony WH-1000XM5,review,UgxoFS1Fd9eDkcrcWu94AaABAg,6CsJZxfZsL0,UgxoFS1Fd9eDkcrcWu94AaABAg,False,@alexiswolf1549,UCXZSV4E-rR3GxTOFSvGu5zg,"Am i crazy? I have the Xm5s and the sound is trash? The bass has no rumble or thump. Kickdrums sound like rapping knuckles on a table. The treble and mids are artificial sounding and get tinny in places. Some songs are really good but others are just meh. For the price, I'm so upset with these headphones because the sound quality has been hyped so much. What am i missing?",0,2025-01-30 18:59:44+00:00,Sound Quality,374,0.922826915509422,0.0,0.4597273796811973,1.3825542951906193,Neutral,0
Sony WH-1000XM5,review,UgyfP6AbR9nfnD9HPHV4AaABAg,6CsJZxfZsL0,UgyfP6AbR9nfnD9HPHV4AaABAg,False,@bhosekar1982,UC-rQC8v_0PHjAH4Xw7bI9tA,I bought these recently. And they work great with the phone. But they don't connect the mic on Win 11 laptop. I can hear the caller but the caller has to hear me from laptop mic and that brings in all ambient noise. I read that this is a known issue. And if it is then I am going to return these. My Win 11 laptop is work laptop with no admin access. So there's little troubleshooting i can do.,1,2024-11-26 10:30:38+00:00,Sound Quality,394,0.8619283952262612,0.0232558085451608,0.4845105268338225,1.3696947306052445,Neutral,0
Sony WH-1000XM5,unboxing,UgzloC6NAICtkJ1bdhl4AaABAg,D8wG67oko7E,UgzloC6NAICtkJ1bdhl4AaABAg,False,@daddygrace253,UCb-zeNH-GPM7hTdkdrUBLwQ,"Nice video; however, do you use the M5's to watch a 4K Smart Television with these headphones. I purchased the M4's last year after I was informed they were on sale Black Friday 2022 at Best Buy for 2022. I purchased a 2022 Samsung OLED 55 inch S95B Smart TV last year and I purchased the Sony M4's to watch HBO, MAX, Showtime, Starz, MGM+, Netflix, Amazon Prime, Tubi TV, and Pluto TV. The sound is awesome. I am hoping this Black Friday 2023, the M5's will be on sale at Best Buy for at least $100 off. Today Amazon Prime is having a Prime Sale from it's members 10/10/23. Amazon Prime have the M5's refurbished on sale today for $299.99. I don't want any refurbished Sony M5's. I want them brand new. 😢 😭",0,2023-10-10 07:16:37+00:00,Sound Quality,707,0.4769562372658552,0.0,0.8723667797724067,1.349323017038262,Very Positive,2
Sony WH-1000XM5,comparison,Ugws97ruzO1KcaAkQ1R4AaABAg,BdvOuKTi3CE,Ugws97ruzO1KcaAkQ1R4AaABAg,False,@Big_boy13,UCLrdnXbcnKkYCN3dlvOfsNw,The thing bout the xm5 is that it isnt a clicking noise when extending which means i dont how long i need it cauae on my whch720n headphone which i broke recently is that on those when i extended them i would go 1 2 3 4 when listening to the clicks on both sides so they were the same length but the xm5 has no click which i dont lile,1,2025-01-22 15:48:06+00:00,Sound Quality,334,0.9152482526585506,0.0232558085451608,0.4101610853759469,1.3486651465796582,Neutral,0
Sony WH-1000XM5,comparison,UgxwUjEE2o9O8_-DsOx4AaABAg,BdvOuKTi3CE,UgxwUjEE2o9O8_-DsOx4AaABAg,False,@joeji7442,UCH06wKnqV_FxlVEMOwazDqA,"XM4s sound better and the auto off works much better.  I folds into a much smaller size, which  makes it easier to take on to a plane.  That being said, the swivel on my XM4 cracked, turning it into a brick.  Thus, the XM5 purchase.  But, now that I have fixed the XM4, the XM5 is in a drawer.",0,2025-02-26 08:57:18+00:00,Sound Quality,293,0.9475965410827198,0.0,0.3593556337130653,1.306952174795785,Positive,1
Sony WH-1000XM5,review,UgzLFfqNB0ZPEMfpHw94AaABAg,6CsJZxfZsL0,UgzLFfqNB0ZPEMfpHw94AaABAg,False,@columbiaautoinc.3464,UCFGWlsfKaKZpXTwr42dByTA,Good morning everyone. Please do not buy these headphones if you plan to work out. It constantly falls off your head since the material is too soft and slippery. I bought it and had to return it the next day cause it would not stay on! But if you do not plan on working out or going on a run. It's a great headphone with a good sound system and soft material.,0,2024-11-11 16:22:27+00:00,Sound Quality,359,0.848178578006616,0.0,0.4411400193167284,1.2893185973233443,Negative,-1
Sony WH-1000XM5,comparison,Ugz2Wvjm2MWDMjThvoN4AaABAg,BdvOuKTi3CE,Ugz2Wvjm2MWDMjThvoN4AaABAg,False,@allenamores292,UCg8hDjqeq7_euH_d7HtHJxw,"The sound quality on these headphones are exceptionally good, but the hinges (especially on the Xm5s) are a problem. I have seen countless posts and comments on Reddit on how the hinges were poorly made and break after just a year of using them. I want to buy one but I'm worried about it.",0,2025-01-31 04:53:54+00:00,Sound Quality,289,0.9232114040530547,0.0,0.35439900428254023,1.2776104083355948,Neutral,0
Sony WH-1000XM5,comparison,UgzQ8JDJSxg5QGTV_b54AaABAg,BdvOuKTi3CE,UgzQ8JDJSxg5QGTV_b54AaABAg,False,@clubcrasher5047,UCB5P9jgH1ui619cvnzQMwIA,"The XM5s are to quite/muted for me,i like my music,i like my loudness with my music, sometimes you have those days, not all the time, when you want your music to rock, you want to turn it up, the XM4s are loud when you need your music loud and pumping, the XM5s fail at that,to much refinement and not enough loudness,to quite for me",1,2024-10-20 13:00:41+00:00,Sound Quality,333,0.8275477100670331,0.0232558085451608,0.4089219280183157,1.2597254466305094,Negative,-1
Sony WH-1000XM5,comparison,UgyqB4D_1jQYL6jUwoV4AaABAg,BdvOuKTi3CE,UgyqB4D_1jQYL6jUwoV4AaABAg,False,@Mark-yq1zr,UCPzOOhe16gjpQHssc2TWWRA,I bought the XM5 for a 13 hour flight. I have the XM1s which I love and have worn for many hours. The padding on the headband on the XM5s felt thin and after 6 hours the top of my head hurt. Never had this before with any headphones. Disappointed as the sound quality and other improvements of XM5s is cancelled out by the discomfort of wearing them for long periods.,0,2024-09-11 08:56:48+00:00,Sound Quality,367,0.7910484444994733,0.0,0.45105327817777846,1.2421017226772517,Very Negative,-2
Sony WH-1000XM5,review,UgxoFS1Fd9eDkcrcWu94AaABAg.ADvzm7rD1c_AEATX0FNldI,6CsJZxfZsL0,UgxoFS1Fd9eDkcrcWu94AaABAg,True,@alexiswolf1549,UCXZSV4E-rR3GxTOFSvGu5zg,"@risingdead9682  thank you but I actually have those. I went to a reddit post and had custom 1 set up. Like I'm saying, some songs like Arianna's 7 rings are really good. But a lot sound over processed and the bass is always recessed even at clear bass +10",0,2025-02-05 19:17:01+00:00,Sound Quality,256,0.9284290915441739,0.0,0.3135068114807087,1.2419359030248827,Neutral,0
Sony WH-1000XM5,review,UgysvdeTchcpHogUXgR4AaABAg,6CsJZxfZsL0,UgysvdeTchcpHogUXgR4AaABAg,False,@imranakbik6054,UC59FjkcMn44aTEgQ1cKKgCA,"Are these headphones for work meetings on MS teams? Is there something else out there that’s better. I don’t want a meeting headset, I want something I can use for music also.",0,2025-03-31 07:52:57+00:00,Sound Quality,175,0.9783053552577101,0.0,0.21313506551257663,1.1914404207702867,Neutral,0
Sony WH-1000XM5,comparison,Ugz7kIC_iGnckCqd6u14AaABAg,BdvOuKTi3CE,Ugz7kIC_iGnckCqd6u14AaABAg,False,@jw112965,UCV0355MIXRYxhfdltxhJS2w,Every time I speak the music cuts out.  I wish I could turn this function off.  Also fit a little loose especially when they get sweaty,0,2025-03-17 18:22:15+00:00,Sound Quality,135,0.965666931023557,0.0,0.16356877120732627,1.1292357022308832,Negative,-1
Sony WH-1000XM5,comparison,Ugw9lvjNvaf-N0APWbl4AaABAg,BdvOuKTi3CE,Ugw9lvjNvaf-N0APWbl4AaABAg,False,@Jesusandbible,UCP4FN_s686k4AHDYZjF5_JA,Can anyone tell me what brushing fingers up and down on the outside ear pads does? Is it volume control?? thanks!,0,2025-04-15 21:28:08+00:00,Sound Quality,113,0.992810344646364,0.0,0.13630730933943855,1.1291176539858025,Neutral,0
Sony WH-1000XM5,review,UgwRrEwLxgzzxjiqsrZ4AaABAg,6CsJZxfZsL0,UgwRrEwLxgzzxjiqsrZ4AaABAg,False,@sasariwtf,UCtJsqCdgJo3N3Zmbn5QK2yg,"""What are you getting nch for? 
Travel.""
Me: my friend snors like a chainsaw and unloading the dishwasher us noisy.",1,2025-03-13 12:17:10+00:00,Sound Quality,115,0.9617033556455007,0.0232558085451608,0.13878562405470107,1.1237447882453626,Very Negative,-2
Sony WH-1000XM5,comparison,UgxT_lgX0SSo6XY0Zmt4AaABAg.A1OlMpEhp5_A4T6q4UKE6m,BdvOuKTi3CE,UgxT_lgX0SSo6XY0Zmt4AaABAg,True,@SoulOfJustice1994,UCmXzmesuABcsX_R2OfZUamQ,"@@jjets489 - My XM4 lasted nearly four years.  They were more durable than they seemed, and the sound quality was better than any set of headphones I had before them.  They were the most comfortable headphones I had ever used as well.  Lastly, I never had it run out of battery on me mid-movie or something.",1,2024-06-09 11:51:29+00:00,Sound Quality,307,0.7035692767143121,0.0232558085451608,0.37670383671990293,1.1035289219793758,Very Positive,2
Sony WH-1000XM5,comparison,UgzA1KP8Asv3WLrdMPJ4AaABAg,BdvOuKTi3CE,UgzA1KP8Asv3WLrdMPJ4AaABAg,False,@TrueFactBoston,UCpfTMlVeKIUMFES3qsGPNlA,"What's missing in this review is to use them with Bravia TVs 
(Movies and Sports). sometimes it's night and I don;t want to use the Sony Soundbar A7000 (kids sleeping). Just my 2 cents",0,2024-12-08 05:58:07+00:00,Sound Quality,184,0.8729340319685159,0.0,0.22428748173125798,1.0972215136997738,Negative,-1
Sony WH-1000XM5,review,UgxoFS1Fd9eDkcrcWu94AaABAg.ADvzm7rD1c_AEBfvARHxcf,6CsJZxfZsL0,UgxoFS1Fd9eDkcrcWu94AaABAg,True,@risingdead9682,UCHeviaiVr5g3Dr4CkO0oQbQ,"@@alexiswolf1549  ok, then idk. I am sorry. I listen to hardcore metal music anyways and that sounds RAAAADDD. So, I can't help you here.",0,2025-02-06 06:33:17+00:00,Sound Quality,137,0.9288667074529099,0.0,0.16604708592258877,1.0949137933754987,Neutral,0
Sony WH-1000XM5,review,UgzxayxgeO54dDxcG_14AaABAg,6CsJZxfZsL0,UgzxayxgeO54dDxcG_14AaABAg,False,@kylesabillaga1793,UCEs-TcTOOcDWF5KX6kbXbYA,For me i like this all a lot because its very light and its very good for music its a complete package for the travel headphone.,0,2025-02-16 23:26:43+00:00,Sound Quality,128,0.9388408256038979,0.0,0.15489466970390744,1.0937354953078053,Very Positive,2
Sony WH-1000XM5,comparison,UgwC6kYidH2b-WPJSgV4AaABAg,BdvOuKTi3CE,UgwC6kYidH2b-WPJSgV4AaABAg,False,@rogerhampton2844,UCjj08gBuMFWu9n9uUzBsc6A,I love the way you discuss audio quality last. That’s what they do for Christ sake. This tells me I can’t trust anything in this video.,0,2025-01-26 23:21:14+00:00,Sound Quality,135,0.9192688056796929,0.0,0.16356877120732627,1.082837576887019,Very Positive,2
Sony WH-1000XM5,review,UgySnAqaUQxK0g51AtV4AaABAg,6CsJZxfZsL0,UgySnAqaUQxK0g51AtV4AaABAg,False,@golfbbqandwatches,UCUekSOYgPsaQDOEau_x4yTQ,"The Mk 4 sounded like absolute rubbish, no doubt the Mk 5 will too. Wouldn’t waste my time and money. Sennheiser Momentum all the way for me.",0,2025-01-07 06:11:52+00:00,Sound Quality,141,0.9008978891394637,0.0,0.17100371535311382,1.0719016044925775,Very Negative,-2
Sony WH-1000XM5,review,UgzVNVLLypU5u9Ls5c14AaABAg,6CsJZxfZsL0,UgzVNVLLypU5u9Ls5c14AaABAg,False,@yanishameesh7965,UC9EzBxNYPNjBHEOCAaQru3Q,Sound nothing compared to my skull candys grrrr anc2 and their 150 cheaper,0,2025-04-03 02:48:11+00:00,Sound Quality,74,0.9809036350052757,0.0,0.08798017239181943,1.068883807397095,Very Negative,-2
Sony WH-1000XM5,unboxing,Ugz_yR2_TCjRBz8rzNV4AaABAg,D8wG67oko7E,Ugz_yR2_TCjRBz8rzNV4AaABAg,False,@Uglygod6000,UCvW4J0kQiYHac9c02p4uhxg,Just bought a pair of these and hope they work as u say they do. i work over nights and NEED to listen to music and my ears start to hurt after a few hours wearing my airpods pro. i also love that u say the mic quality for calls is good because when i call people on my AirPod’s they always say im muffled or they cant hear me to i have to change to wired headphones which doesnt help me when i am working. i am a over night staking associate so having wired headphones are always in the way or getting tugged in,0,2023-08-18 11:33:52+00:00,Sound Quality,512,0.42773561010367867,0.0,0.6307310950343111,1.05846670513799,Positive,1
Sony WH-1000XM5,comparison,UgxhacB9C2JPhfXa1td4AaABAg,BdvOuKTi3CE,UgxhacB9C2JPhfXa1td4AaABAg,False,@bee3027,UCfAEp4eonMM1LzZyb3ZRVRw,I need a pair of headphones just to connect to my iphone so I do not have to hold my phone.  Do you think the WH-1000XM4 will work?,0,2025-01-02 12:24:50+00:00,Sound Quality,131,0.8964800780253013,0.0,0.15861214177680122,1.0550922198021024,Negative,-1
Sony WH-1000XM5,review,Ugz1q8N7vlP8fYzwIMx4AaABAg,6CsJZxfZsL0,Ugz1q8N7vlP8fYzwIMx4AaABAg,False,@manalidas8140,UCMIkMGGpm1MDnvuEGwTLJWA,"I honestly don't want signs leakage, cause I don't want people beside me knowing what I am listening to in the flight!",0,2025-01-19 14:05:04+00:00,Sound Quality,118,0.9123860832704351,0.0,0.14250309612759485,1.05488917939803,Very Negative,-2
Sony WH-1000XM5,review,UgxT66OkXuz7mAZK07x4AaABAg,6CsJZxfZsL0,UgxT66OkXuz7mAZK07x4AaABAg,False,@cassa6474,UCU--l1-4IexhAYktmZjBH-w,Can people hear your music? I got the bose headphones and even if the volume is really low people can still hear it 😢,0,2025-01-17 14:14:50+00:00,Sound Quality,117,0.9105287393699261,0.0,0.1412639387699636,1.0517926781398896,Positive,1
Sony WH-1000XM5,review,UgxeUPsi1zlJC6_wOS54AaABAg,6CsJZxfZsL0,UgxeUPsi1zlJC6_wOS54AaABAg,False,@MrDrozoli,UC8ZIC7VJ-gIsxoK2_FzCfwg,IMO even my XM3 sounds better than an Apple Airpods Max. 🤔 I guess it's relative? Now I have the XM5 and love them,1,2024-12-25 15:03:03+00:00,Sound Quality,114,0.8891278050487467,0.0232558085451608,0.1375464666970698,1.0499300802909772,Very Positive,2
Sony WH-1000XM5,review,UgxoFS1Fd9eDkcrcWu94AaABAg.ADvzm7rD1c_AED8XH4qJJF,6CsJZxfZsL0,UgxoFS1Fd9eDkcrcWu94AaABAg,True,@alexiswolf1549,UCXZSV4E-rR3GxTOFSvGu5zg,"@risingdead9682  lol, no worries and thanks for trying. Mind sharing your EQ so I test it?",0,2025-02-06 20:11:16+00:00,Sound Quality,90,0.9293960290022212,0.0,0.10780669011391958,1.0372027191161408,Very Negative,-2
Sony WH-1000XM5,review,Ugyw8zgJoVvbYXRCs3x4AaABAg,6CsJZxfZsL0,Ugyw8zgJoVvbYXRCs3x4AaABAg,False,@rapidenthusiasm-oc4go,UC5MwPSccGK00d3y3zJyH9eg,I just bought the XM5 and finally understood what true high-fidelity sounds like. This is a premium product and worth every penny.,1,2024-11-18 22:01:45+00:00,Sound Quality,130,0.8549209647937209,0.0232558085451608,0.15737298441916997,1.0355497577580517,Very Positive,2
Sony WH-1000XM5,comparison,UgxVANPwlx2oExhmLSl4AaABAg,BdvOuKTi3CE,UgxVANPwlx2oExhmLSl4AaABAg,False,@alexsherel3344,UCfjEIoO-PJU8nbrP12SGrkw,"If folding headphones is too much effort, well that’s embarrassing for yor you…",0,2025-02-17 00:54:05+00:00,Sound Quality,79,0.9388973610581959,0.0,0.09417595917997573,1.0330733202381717,Neutral,0
Sony WH-1000XM5,review,Ugy8VKuhtj0EyYwPgMZ4AaABAg.AAPs7GCZkvLABL6fVK8mYn,6CsJZxfZsL0,Ugy8VKuhtj0EyYwPgMZ4AaABAg,True,@Happy10201,UCZtsU6Jk_g5YaiysfJYgdDg,"At that price range, they are the best. But I will recommend Mx4 almost the same sound quality.",2,2024-11-27 08:54:48+00:00,Sound Quality,95,0.8627982129273544,0.0465116170903216,0.11400247690207588,1.0233123069197518,Very Positive,2
Sony WH-1000XM5,review,Ugy_ulrfna4oGVyJmod4AaABAg.ACMDXKlWLzBACbTXdc3HA7,6CsJZxfZsL0,Ugy_ulrfna4oGVyJmod4AaABAg,True,@HusseinA246,UCkJtAKdIsxeYE3wg0ziKmnQ,they don’t support ALAC or FLAC iirc so even if you have a 3.5mm jack you still wouldn’t get lossless,0,2024-12-28 23:13:03+00:00,Sound Quality,101,0.892240382711927,0.0,0.12143742104786344,1.0136778037597904,Negative,-1
Sony WH-1000XM5,comparison,Ugx7DhRJLPSQt8xJpH14AaABAg,BdvOuKTi3CE,Ugx7DhRJLPSQt8xJpH14AaABAg,False,@samdekeyser1996,UC5d-qGp1VV5jLWtjEIW0wbw,WH-1000XM6 40mm planer magnet drivers with 4hz tot 55Khz,0,2025-02-12 15:26:49+00:00,Sound Quality,56,0.9348029517243804,0.0,0.06567533995445676,1.0004782916788373,Neutral,0
Sony WH-1000XM5,review,UgzrPGuBmLTFyCOOUIF4AaABAg,6CsJZxfZsL0,UgzrPGuBmLTFyCOOUIF4AaABAg,False,@TikiTaka442,UCJyiXXyi0cMyYrkzzzqeZ2Q,I just call them Mark 4 or Mark 5 😂,1,2025-02-12 12:34:35+00:00,Sound Quality,35,0.9346914985796427,0.0232558085451608,0.039653035444200305,0.9976003425690039,Neutral,0
Sony WH-1000XM5,review,UgxoFS1Fd9eDkcrcWu94AaABAg.ADvzm7rD1c_AEEHR1zc5eW,6CsJZxfZsL0,UgxoFS1Fd9eDkcrcWu94AaABAg,True,@risingdead9682,UCHeviaiVr5g3Dr4CkO0oQbQ,@alexiswolf1549  i just use the pre-made ROCK setting,0,2025-02-07 06:48:18+00:00,Sound Quality,53,0.9298082568034758,0.0,0.061957867881562975,0.9917661246850388,Positive,1
Sony WH-1000XM5,review,UgydGtRiqDsUKp33Kbl4AaABAg,6CsJZxfZsL0,UgydGtRiqDsUKp33Kbl4AaABAg,False,@IllyAssassin,UCRVuwEwhhVnLyiROQplLb1w,Xm4 the worse sounding headphones i ever used,0,2025-02-16 17:58:36+00:00,Sound Quality,45,0.9386284994900551,0.0,0.0520446090205129,0.990673108510568,Very Negative,-2
Sony WH-1000XM5,review,UgxkN8rkn-LtzSnhJb94AaABAg,6CsJZxfZsL0,UgxkN8rkn-LtzSnhJb94AaABAg,False,@danilodusoswa4917,UCK4GriEmUFhqnnBY5mjO0iA,"Anyone else have AirPods Max but wants the Sony XM5? Privileged first world problem, I know.",0,2024-12-04 22:18:03+00:00,Sound Quality,92,0.8698408243312644,0.0,0.1102850048291821,0.9801258291604465,Very Negative,-2
Sony WH-1000XM5,review,Ugxpy1Phi_5WStwKRDx4AaABAg,6CsJZxfZsL0,Ugxpy1Phi_5WStwKRDx4AaABAg,False,@SunOfOne,UCTMPTF8_WrQLNTmMEFWSMMQ,Help stuck between sony wh-1000xm5 sony wh-1000xm4 which to get mostly want for music I LOVE BASS,0,2024-11-28 01:39:47+00:00,Sound Quality,97,0.8634485432132591,0.0,0.1164807916173384,0.9799293348305975,Neutral,0
Sony WH-1000XM5,review,UgwfldtcyylExSRhygZ4AaABAg,6CsJZxfZsL0,UgwfldtcyylExSRhygZ4AaABAg,False,@organistsforever,UCGoNKa1f6TOdLGXbvPL5dKQ,I'd love a new pair of AirPods. I'm still on the WF-C500's.,0,2025-01-16 03:00:25+00:00,Sound Quality,59,0.9091604886241208,0.0,0.06939281202735054,0.9785533006514713,Positive,1
Sony WH-1000XM5,comparison,Ugx92aVpbKqxPZNBszx4AaABAg,BdvOuKTi3CE,Ugx92aVpbKqxPZNBszx4AaABAg,False,@DoctorVadarWho,UCjjumySWkXdojNemxSurr4w,Just to let you know that the Sony Headphones app is now known as in the Apple App Store and the Google Play Store as Sony | Sound Connect,0,2024-10-02 07:45:40+00:00,Sound Quality,138,0.8105708853539707,0.0,0.16728624328022004,0.9778571286341907,Neutral,0
Sony WH-1000XM5,unboxing,UgxBv37qaD77PMWZ5dp4AaABAg,D8wG67oko7E,UgxBv37qaD77PMWZ5dp4AaABAg,False,@NukeAbility1981,UCpVld3Iu3D3HNUZpmZpqqLg,The best colour of the WH-1000XM5 is midnight blue.,0,2025-01-23 23:15:08+00:00,Sound Quality,51,0.9164693623889061,0.0,0.05947955316630046,0.9759489155552066,Very Positive,2
Sony WH-1000XM5,review,UgzIPj9F8XOyhnEkT3h4AaABAg,6CsJZxfZsL0,UgzIPj9F8XOyhnEkT3h4AaABAg,False,@Rampager42,UCWdyx3JdgZfTiyeur3JgYOw,This probably gonna sound stupid but they don’t sound worse with an iPhone do they?,2,2024-10-22 20:29:51+00:00,Sound Quality,83,0.8297020322715385,0.0465116170903216,0.09913258861050077,0.9753462379723609,Very Positive,2
Sony WH-1000XM5,review,UgxoFS1Fd9eDkcrcWu94AaABAg.ADvzm7rD1c_AEABp4eInyT,6CsJZxfZsL0,UgxoFS1Fd9eDkcrcWu94AaABAg,True,@risingdead9682,UCHeviaiVr5g3Dr4CkO0oQbQ,The EQ settings. You are missing those,0,2025-02-05 16:42:20+00:00,Sound Quality,38,0.9283289951017207,0.0,0.043370507517094085,0.9716995026188148,Negative,-1
Sony WH-1000XM5,comparison,UgwMkmnJIsjq7PKi3Md4AaABAg,BdvOuKTi3CE,UgwMkmnJIsjq7PKi3Md4AaABAg,False,@henryprune7153,UCZgzb9q-iMhjXucd8nZsJGw,"I need to put headphones in my coat pocket. I don't carry a bag, so deal breaker there. Xm4 for me.",0,2024-11-13 14:45:11+00:00,Sound Quality,99,0.849979300172088,0.0,0.11895910633260091,0.9689384065046889,Neutral,0
Sony WH-1000XM5,review,UgxR2pFuV7K7Q4vYrQt4AaABAg,6CsJZxfZsL0,UgxR2pFuV7K7Q4vYrQt4AaABAg,False,@imjustabilly6660,UCyty0Nulb2gE9LTJhK-CKyA,suddenly looking for headphones. the mics sound the same on both i think. great video and editing as always!,0,2024-10-30 19:11:53+00:00,Sound Quality,108,0.8371062354679414,0.0,0.13011152255128225,0.9672177580192236,Very Positive,2
Sony WH-1000XM5,unboxing,UgwWdwMM0Kom8_u-1v14AaABAg,D8wG67oko7E,UgwWdwMM0Kom8_u-1v14AaABAg,False,@Mexgotmotion,UC0E485w8mKHfv4ygc80INww,Ts dude is JACKED,0,2025-02-28 18:03:56+00:00,Sound Quality,17,0.9498139345075103,0.0,0.017348203006837634,0.9671621375143479,Neutral,0
Sony WH-1000XM5,review,Ugy6V8SyN2u4hYCfvxN4AaABAg,6CsJZxfZsL0,Ugy6V8SyN2u4hYCfvxN4AaABAg,False,@CristalPeace,UCt9-PnjnWe29F7w40TM7b0A,I actually don't like headphones that fold up. So that's a plus for me.,0,2024-12-14 16:39:02+00:00,Sound Quality,71,0.8789397645902425,0.0,0.08426270031892565,0.9632024649091682,Negative,-1
