{
  "product": "Bose QuietComfort Ultra Headphones",
  "metric": "Battery Life",
  "feedbacks": [
    {
      "rationale": "The reviewer is disappointed that the Bose QC Ultra headphones do not have fast charging, especially considering the product's price point and the availability of this feature in competing products like the Sony XM5. They believe good battery life is less useful without fast charging.",
      "rating": -2,
      "component": "Charging Speed",
      "evidence": [
        "20mins for the xm5 vs 2 hours for the bose... crazy.",
        "Good battery life with no fast charging is kind of useless."
      ]
    },
    {
      "rationale": "The reviewer mentions that the Bose QC Ultras lack a 'normal' mode where both ANC and transparency are off, which they believe would negatively impact battery life.",
      "rating": -1,
      "component": "ANC/Transparency Mode",
      "evidence": [
        "Bose QC Ultras don't have a 'normal' mode. Meaning both ANC & transparency mode is  off. That would definitely impact battery life."
      ]
    },
    {
      "rationale": "Reviewer says that you cannot use the headphones while charging, which is a scandal. They would be useless during a meeting if they run out of battery.",
      "rating": -3,
      "component": "Charging",
      "evidence": [
        "There's NO way to use them while charging (It's a total scandal in 2023/2024). So imagine if they run out of battery during the meeting you're doomed."
      ]
    }
  ]
}