{
  "product": "Bose QuietComfort Ultra Headphones",
  "metric": "Comfort",
  "feedbacks": [
    {
      "rationale": "The Bose QuietComfort Ultra headphones are exceptionally comfortable, a major advantage over the Sony WH-1000XM5, which caused discomfort and headaches for the reviewer after an hour of use.",
      "rating": 3,
      "component": "Headband & Earcups",
      "evidence": [
        "Insanely comfortable",
        "Bose truly lives up to its name"
      ]
    },
    {
      "rationale": "The reviewer found the comfort of the Bose QC Ultra to be a deciding factor in choosing them over the Sony XM5, even though the Sony headphones were preferred in most other aspects. The Sony XM5's comfort issue was a deal-breaker.",
      "rating": 3,
      "component": "Overall Fit",
      "evidence": [
        "Comfort issue was a deal-breaker",
        "For ultimate comfort, Bose wins hands down"
      ]
    },
    {
      "rationale": "The headband slider design allows for automatic adjustment, which the reviewer appreciates as it avoids the issue of 'clicky' headbands that often fall between ideal fit positions.  The headphones are easy to put on and use due to the automatic power-on and Bluetooth connection.",
      "rating": 3,
      "component": "Headband Slider",
      "evidence": [
        "Headband slider instead of the traditional 'clicky' ones because the clicks usually falls JUST between where I actually need it to be for it to be perfect",
        "These headphones, I take out of the case, I put it on my ears, it AUTOMATICALLY powers on, Instantly connects bluetooth, and off I go. I literally just put them on."
      ]
    }
  ]
}