{
  "product": "Bose QuietComfort Ultra Headphones",
  "metric": "Durability",
  "feedbacks": [
    {
      "rationale": "Some users have reported issues with the earcups wearing out quickly, requiring replacement within 6-12 months.",
      "rating": -2,
      "component": "Earcups",
      "evidence": [
        "replacing the earcups every 6-12 months because they aren\u2019t built to last.",
        "Bose oem ear pads will tear itself up in <1 year"
      ]
    },
    {
      "rationale": "The headband materials on older models like the QC35 are reported to fray over time.",
      "rating": -1,
      "component": "Headband",
      "evidence": [
        "My og QC35 are still holding up except in the headband department.",
        "I hope future iterations have materials that do not fray"
      ]
    },
    {
      "rationale": "Users value physical buttons and sliding power switches for their reliability, and are concerned about Bose potentially removing them in future models.",
      "rating": 1,
      "component": "Physical Buttons/Switches",
      "evidence": [
        "The sliding power on/off button is a hard requirement for me.",
        "Buttons on QC35/QC45 work well."
      ]
    }
  ]
}