{
  "product": "Bose QuietComfort Ultra Headphones",
  "metric": "Noise Cancellation",
  "feedbacks": [
    {
      "rationale": "The reviewer praises the 'Outdoor mode' which only uses the noise cancellation mics in the earcups to avoid wind interference, making it effective in windy conditions like those in Melbourne. They also highlight the 'Quiet mode' for drowning out distractions in quiet environments, such as fan noise or coffee shop chatter. The reviewer could not hear a movie playing at 40% volume, a fan, and loud neighbors.",
      "rating": 3,
      "component": "Noise Cancellation Mics & Modes (Outdoor, Quiet)",
      "evidence": [
        "Outdoor mode cancels wind noise.",
        "Quiet mode drowns out fan noise and coffee shop chatter.",
        "Couldn't hear a movie playing at 40% volume, a fan, and loud neighbors."
      ]
    },
    {
      "rationale": "A user with misophonia states that the QC Ultra has exceptional ANC, making it suitable for managing noise sensitivities. They also like to use it to play games on the PC.",
      "rating": 3,
      "component": "ANC Effectiveness",
      "evidence": [
        "Exceptional ANC.",
        "I can go weeks without hearing the neighbors and I want that!!"
      ]
    },
    {
      "rationale": "Several users compare the QC Ultra's ANC favorably to other top headphones like the Sony XM4 and XM5, and the Airpods Max, often stating it's superior, however, one user found the XM4 better at blocking high frequencies than the QC Ultra, and also reported ear pressure when a train passed by.",
      "rating": 2,
      "component": "ANC Comparison",
      "evidence": [
        "Ultra's are way more superior to the XM4.",
        "Slightly stronger noise cancellation. Tested this while using a Dyson vacuum.",
        "I think ANC on the XM4s are the best."
      ]
    }
  ]
}