{
  "product": "Bose QuietComfort Ultra Headphones",
  "metric": "Sound Quality",
  "feedbacks": [
    {
      "rationale": "The reviewer notes that the Bose QC Ultra has a warm tone, which they personally like, but the bass is emphasized and lasts longer, resulting in a muddling effect on other frequencies.",
      "rating": 1,
      "component": "Sound profile/Tuning",
      "evidence": [
        "The sound through Bose has a warm tone. It is very subjective and I personally like it.",
        "But the bass is a lot more and it lasts longer so other frequencies sound a bit muffled."
      ]
    },
    {
      "rationale": "The reviewer appreciates the instrument separation, indicating good imaging capabilities.",
      "rating": 2,
      "component": "Imaging",
      "evidence": [
        "The instrument separation is very good."
      ]
    },
    {
      "rationale": "The soundstage is wide in general but not as wide as XM5",
      "rating": 1,
      "component": "Soundstage",
      "evidence": [
        "Sound stage (stereo mode): Wide in general but not as wide as XM5"
      ]
    }
  ]
}