{
  "product": "Focal Bathys",
  "metric": "Battery Life",
  "feedbacks": [
    {
      "rationale": "The reviewer expresses a major complaint regarding battery usage when using the aux cable. It consumes battery power even when using a wired connection, which is unexpected and inconvenient. They also mention the expensive battery replacement cost.",
      "rating": -2,
      "component": "Battery",
      "evidence": [
        "Battery on Aux is weird, and probably my single biggest complaint with the Bathys.",
        "Focal says they can replace the battery\u2026 for $200.",
        "It\u2019s annoying to find them out of power occasionally."
      ]
    },
    {
      "rationale": "The reviewer expresses confusion about the battery life when using the aux cable, as it contradicts their prior experience with other Bluetooth headphones where aux usage doesn't require battery power.",
      "rating": -1,
      "component": "Battery",
      "evidence": [
        "battery life 35 hour on aux? am i living in a parallel world or something?",
        "aux doesn't need battery life on any other bluetooth heaphones prior to this."
      ]
    },
    {
      "rationale": "The user reports a positive experience with the battery life, describing it as \"great.\"",
      "rating": 2,
      "component": "Battery",
      "evidence": [
        "Quite a lot - great battery life as well."
      ]
    }
  ]
}