{
  "product": "Focal Bathys",
  "metric": "Comfort",
  "feedbacks": [
    {
      "rationale": "The reviewer finds the Focal Bathys to be so comfortable that they sometimes forget they are wearing them.",
      "rating": 3,
      "component": "Overall Comfort",
      "evidence": [
        "These are so comfortable I sometimes forget I'm wearing them."
      ]
    },
    {
      "rationale": "The headband shape may not be ideal for all head shapes. The reviewer believes that if the headband was shaped more like an \"O\" instead of a \"0\", it would fit wider heads better.",
      "rating": -1,
      "component": "Headband Shape",
      "evidence": [
        "I honestly think it\u2019s just cause of the way the headband is shaped.",
        "If it were shaped more like an O, then I think it could be better but it\u2019s shaped more like a 0, so it would fit less wide heads easier."
      ]
    },
    {
      "rationale": "The reviewer notes that headbands have never been a strong point for them, and they rate the Focal Bathys headband as just \"touch better\" than other Focal models, though not as big.",
      "rating": 1,
      "component": "Headband",
      "evidence": [
        "Yeah, it could have been a touch better.",
        "But it\u2019s on par with other Focal models, though not as big.",
        "Unfortunately, headbands haven\u2019t ever been a forte for me."
      ]
    }
  ]
}