{
  "product": "Focal Bathys",
  "metric": "Durability",
  "feedbacks": [
    {
      "rationale": "One user experienced a break in the metal strut that holds the left ear cup to the headband, due to pressure on the surrounding plastic parts from having a large head. They consider the build quality to be cheap for the price point.",
      "rating": -2,
      "component": "Metal strut connecting ear cup to headband",
      "evidence": [
        "Metal strut surrounded by plastic parts",
        "Breakage occurred due to mechanical pressure on the underside when wearing the headphones with a large head",
        "User considered this a design weakness unacceptable for a high-end product"
      ]
    },
    {
      "rationale": "A user reports that the compressed foam inside of the headband deteriorates after a few months of use, leading to replacement bands and covers being available.",
      "rating": -1,
      "component": "Headband foam",
      "evidence": [
        "Compressed foam inside headband perishes",
        "Replacement bands and covers are available"
      ]
    },
    {
      "rationale": "One user who owns both PX8 and Bathys says that they have had multiple PX8s break due to the leather coming out of the stitch on the headband, while the Bathys has not yet experienced any such problems.",
      "rating": 1,
      "component": "Headband",
      "evidence": [
        "User is on their 3rd pair of PX8s",
        "Leather at the top of PX8 headbands comes out of the stitch after the leather relaxes",
        "No issues so far with the Bathys"
      ]
    }
  ]
}