{
  "product": "Focal Bathys",
  "metric": "Noise Cancellation",
  "feedbacks": [
    {
      "rationale": "The user states that the Bathys' ANC is 'adequate' compared to passive noise isolation of Edifier Stax Spirit S3.",
      "rating": 1,
      "component": "ANC Performance",
      "evidence": [
        "As the general consensus on the Bathys' ANC in most reviews and comments is that its just 'adequate', how much better would you say they are at dampening noise compared to something like the Edifier Stax Spirit S3 which rely entirely on passive noise isolation?"
      ]
    },
    {
      "rationale": "The reviewer indicates a significant jump in noise cancellation compared to Edifier S3, specifically in the mid-bass region, but notes the Bathys' ANC isn't on par with mainstream offerings costing half as much.",
      "rating": 1,
      "component": "ANC Performance",
      "evidence": [
        "Oh it's a significant jump in noise cancelation with the Bathys vs. S3, especially in the mid-bass region.",
        "It's not like the Bathys ANC is bad, just not on par with more mainstream offerings that cost half as much."
      ]
    },
    {
      "rationale": "The user finds the clarity of Focal Bathys better than Bose headphones, but the ANC was weak. They prioritize max noise cancelling for flying, even at the expense of sound quality.",
      "rating": -1,
      "component": "ANC Performance",
      "evidence": [
        "The clarity compared to my Bose was huge (which now seem muddy), but the ANC was weak.",
        "For flying I want max noise cancelling even at the expense of sound quality."
      ]
    }
  ]
}