{
  "product": "Focal Bathys",
  "metric": "Sound Quality",
  "feedbacks": [
    {
      "rationale": "The reviewer states that the Bathys have excellent sound quality for an ANC headphone, describing it as punchy, airy, dynamic, and with good soundstage, realistic timbre, well-separated instruments and clear, intimate vocals.",
      "rating": 2,
      "component": "Overall Sound Quality",
      "evidence": [
        "Great sound quality for an ANC headphone",
        "punchy, airy, dynamic, with good soundstage",
        "Realistic timbre. Instruments are separated well. Vocals are clear and intimate, pulled forward"
      ]
    },
    {
      "rationale": "The reviewer found the Bathys sound more natural and open in comparison to Airpods.",
      "rating": 2,
      "component": "Sound Quality vs Airpods",
      "evidence": [
        "Bathys just sound so natural and open",
        "sound quality from the AirPods to the bathys really is a huge step down"
      ]
    },
    {
      "rationale": "The reviewer notes that the Bathys have a wide sound stage without the use of DSP, resulting in clarity and subtle nuances in songs.",
      "rating": 3,
      "component": "Soundstage and Clarity",
      "evidence": [
        "The Focal Bathys have a wide sound stage without using DSP circuitry.",
        "The clarity of the music through these headphones is spectacular revealing subtle nuances in the songs I've never heard before."
      ]
    }
  ]
}